Source,Destination,Status
C:\Users\megha\OneDrive\Pictures\Samsung Gallery\DCIM\Books 2.0\20150604_145359.jpg,C:\Users\megha\OneDrive\Pictures\Samsung Gallery\Gallery\Books\20150604_145359.jpg,Copied
C:\Users\megha\OneDrive\Pictures\Samsung Gallery\DCIM\Books 2.0\20150604_145403.jpg,C:\Users\megha\OneDrive\Pictures\Samsung Gallery\Gallery\Books\20150604_145403.jpg,Copied
C:\Users\megha\OneDrive\Pictures\Samsung Gallery\DCIM\Books 2.0\20150604_145416.jpg,C:\Users\megha\OneDrive\Pictures\Samsung Gallery\Gallery\Books\20150604_145416.jpg,Copied
C:\Users\megha\OneDrive\Pictures\Samsung Gallery\DCIM\Books 2.0\20150604_145418.jpg,C:\Users\megha\OneDrive\Pictures\Samsung Gallery\Gallery\Books\20150604_145418.jpg,Copied
C:\Users\megha\OneDrive\Pictures\Samsung Gallery\DCIM\Books 2.0\20150604_145526.jpg,C:\Users\megha\OneDrive\Pictures\Samsung Gallery\Gallery\Books\20150604_145526.jpg,Copied
C:\Users\megha\OneDrive\Pictures\Samsung Gallery\DCIM\Books 2.0\20150624_103630.jpg,C:\Users\megha\OneDrive\Pictures\Samsung Gallery\Gallery\Books\20150624_103630.jpg,Copied
C:\Users\megha\OneDrive\Pictures\Samsung Gallery\DCIM\Books 2.0\20150624_103633.jpg,C:\Users\megha\OneDrive\Pictures\Samsung Gallery\Gallery\Books\20150624_103633.jpg,Copied
C:\Users\megha\OneDrive\Pictures\Samsung Gallery\DCIM\Books 2.0\20150629_131418.jpg,C:\Users\megha\OneDrive\Pictures\Samsung Gallery\Gallery\Books\20150629_131418.jpg,Copied
C:\Users\megha\OneDrive\Pictures\Samsung Gallery\DCIM\Books 2.0\20150703_153613(1).jpg,C:\Users\megha\OneDrive\Pictures\Samsung Gallery\Gallery\Books\20150703_153613(1).jpg,Copied
C:\Users\megha\OneDrive\Pictures\Samsung Gallery\DCIM\Books 2.0\20150703_154449.jpg,C:\Users\megha\OneDrive\Pictures\Samsung Gallery\Gallery\Books\20150703_154449.jpg,Copied
C:\Users\megha\OneDrive\Pictures\Samsung Gallery\DCIM\Books 2.0\20150703_154451.jpg,C:\Users\megha\OneDrive\Pictures\Samsung Gallery\Gallery\Books\20150703_154451.jpg,Copied
C:\Users\megha\OneDrive\Pictures\Samsung Gallery\DCIM\Books 2.0\20151110_213518.jpg,C:\Users\megha\OneDrive\Pictures\Samsung Gallery\Gallery\Books\20151110_213518.jpg,Copied
C:\Users\megha\OneDrive\Pictures\Samsung Gallery\DCIM\Books 2.0\20151110_213528.jpg,C:\Users\megha\OneDrive\Pictures\Samsung Gallery\Gallery\Books\20151110_213528.jpg,Copied
C:\Users\megha\OneDrive\Pictures\Samsung Gallery\DCIM\Books 2.0\20151110_213536.jpg,C:\Users\megha\OneDrive\Pictures\Samsung Gallery\Gallery\Books\20151110_213536.jpg,Copied
C:\Users\megha\OneDrive\Pictures\Samsung Gallery\DCIM\Books 2.0\20151110_213546.jpg,C:\Users\megha\OneDrive\Pictures\Samsung Gallery\Gallery\Books\20151110_213546.jpg,Copied
C:\Users\megha\OneDrive\Pictures\Samsung Gallery\DCIM\Books 2.0\20151110_213602.jpg,C:\Users\megha\OneDrive\Pictures\Samsung Gallery\Gallery\Books\20151110_213602.jpg,Copied
C:\Users\megha\OneDrive\Pictures\Samsung Gallery\DCIM\Books 2.0\20151110_214807.jpg,C:\Users\megha\OneDrive\Pictures\Samsung Gallery\Gallery\Books\20151110_214807.jpg,Copied
C:\Users\megha\OneDrive\Pictures\Samsung Gallery\DCIM\Books 2.0\20151110_214813.jpg,C:\Users\megha\OneDrive\Pictures\Samsung Gallery\Gallery\Books\20151110_214813.jpg,Copied
C:\Users\megha\OneDrive\Pictures\Samsung Gallery\DCIM\Books 2.0\7281b038843701ff5668a91659c466df.jpg,C:\Users\megha\OneDrive\Pictures\Samsung Gallery\Gallery\Books\7281b038843701ff5668a91659c466df.jpg,Copied
C:\Users\megha\OneDrive\Pictures\Samsung Gallery\DCIM\Books 2.0\800494f067e7b06de67d3f46bc249af2.jpg,C:\Users\megha\OneDrive\Pictures\Samsung Gallery\Gallery\Books\800494f067e7b06de67d3f46bc249af2.jpg,Copied
C:\Users\megha\OneDrive\Pictures\Samsung Gallery\DCIM\Books 2.0\b33cf103804f8775bfab99b6a6209505.jpg,C:\Users\megha\OneDrive\Pictures\Samsung Gallery\Gallery\Books\b33cf103804f8775bfab99b6a6209505.jpg,Copied
C:\Users\megha\OneDrive\Pictures\Samsung Gallery\DCIM\Books 2.0\fbd9197de428642d431b98b23413195d.jpg,C:\Users\megha\OneDrive\Pictures\Samsung Gallery\Gallery\Books\fbd9197de428642d431b98b23413195d.jpg,Copied
C:\Users\megha\OneDrive\Pictures\Samsung Gallery\DCIM\Books 2.0\FB_IMG_1697977111864.jpg,C:\Users\megha\OneDrive\Pictures\Samsung Gallery\Gallery\Books\FB_IMG_1697977111864.jpg,Copied
C:\Users\megha\OneDrive\Pictures\Samsung Gallery\DCIM\Books 2.0\FB_IMG_1697977138171.jpg,C:\Users\megha\OneDrive\Pictures\Samsung Gallery\Gallery\Books\FB_IMG_1697977138171.jpg,Copied
C:\Users\megha\OneDrive\Pictures\Samsung Gallery\DCIM\Books 2.0\FB_IMG_1698687664467.jpg,C:\Users\megha\OneDrive\Pictures\Samsung Gallery\Gallery\Books\FB_IMG_1698687664467.jpg,Copied
C:\Users\megha\OneDrive\Pictures\Samsung Gallery\DCIM\Books 2.0\FB_IMG_1703696856402.jpg,C:\Users\megha\OneDrive\Pictures\Samsung Gallery\Gallery\Books\FB_IMG_1703696856402.jpg,Copied
C:\Users\megha\OneDrive\Pictures\Samsung Gallery\DCIM\Books 2.0\FB_IMG_1704971228594.jpg,C:\Users\megha\OneDrive\Pictures\Samsung Gallery\Gallery\Books\FB_IMG_1704971228594.jpg,Copied
C:\Users\megha\OneDrive\Pictures\Samsung Gallery\DCIM\Books 2.0\FB_IMG_1706063070732.jpg,C:\Users\megha\OneDrive\Pictures\Samsung Gallery\Gallery\Books\FB_IMG_1706063070732.jpg,Copied
C:\Users\megha\OneDrive\Pictures\Samsung Gallery\DCIM\Books 2.0\FB_IMG_1706095516552.jpg,C:\Users\megha\OneDrive\Pictures\Samsung Gallery\Gallery\Books\FB_IMG_1706095516552.jpg,Copied
C:\Users\megha\OneDrive\Pictures\Samsung Gallery\DCIM\Books 2.0\FB_IMG_1761697938584.jpg,C:\Users\megha\OneDrive\Pictures\Samsung Gallery\Gallery\Books\FB_IMG_1761697938584.jpg,Copied
C:\Users\megha\OneDrive\Pictures\Samsung Gallery\DCIM\Books 2.0\FB_IMG_1762168845027.jpg,C:\Users\megha\OneDrive\Pictures\Samsung Gallery\Gallery\Books\FB_IMG_1762168845027.jpg,Copied
C:\Users\megha\OneDrive\Pictures\Samsung Gallery\DCIM\Books 2.0\FB_IMG_1762168855762.jpg,C:\Users\megha\OneDrive\Pictures\Samsung Gallery\Gallery\Books\FB_IMG_1762168855762.jpg,Copied
C:\Users\megha\OneDrive\Pictures\Samsung Gallery\DCIM\Books 2.0\FB_IMG_1770337995809.jpg,C:\Users\megha\OneDrive\Pictures\Samsung Gallery\Gallery\Books\FB_IMG_1770337995809.jpg,Copied
C:\Users\megha\OneDrive\Pictures\Samsung Gallery\DCIM\Books 2.0\IMG_3013.JPG,C:\Users\megha\OneDrive\Pictures\Samsung Gallery\Gallery\Books\IMG_3013.JPG,Copied
C:\Users\megha\OneDrive\Pictures\Samsung Gallery\DCIM\Books 2.0\Screenshot_20220407-212304_TikTok.jpg,C:\Users\megha\OneDrive\Pictures\Samsung Gallery\Gallery\Books\Screenshot_20220407-212304_TikTok.jpg,Copied
C:\Users\megha\OneDrive\Pictures\Samsung Gallery\DCIM\Books 2.0\Screenshot_20220407-212311_TikTok.jpg,C:\Users\megha\OneDrive\Pictures\Samsung Gallery\Gallery\Books\Screenshot_20220407-212311_TikTok.jpg,Copied
C:\Users\megha\OneDrive\Pictures\Samsung Gallery\DCIM\Books 2.0\Screenshot_20220407-212317_TikTok.jpg,C:\Users\megha\OneDrive\Pictures\Samsung Gallery\Gallery\Books\Screenshot_20220407-212317_TikTok.jpg,Copied
C:\Users\megha\OneDrive\Pictures\Samsung Gallery\DCIM\Books 2.0\Screenshot_20220407-212320_TikTok.jpg,C:\Users\megha\OneDrive\Pictures\Samsung Gallery\Gallery\Books\Screenshot_20220407-212320_TikTok.jpg,Copied
C:\Users\megha\OneDrive\Pictures\Samsung Gallery\DCIM\Books 2.0\Screenshot_20220407-212324_TikTok.jpg,C:\Users\megha\OneDrive\Pictures\Samsung Gallery\Gallery\Books\Screenshot_20220407-212324_TikTok.jpg,Copied
C:\Users\megha\OneDrive\Pictures\Samsung Gallery\DCIM\Books 2.0\Screenshot_20220531-213929_TikTok.jpg,C:\Users\megha\OneDrive\Pictures\Samsung Gallery\Gallery\Books\Screenshot_20220531-213929_TikTok.jpg,Copied
C:\Users\megha\OneDrive\Pictures\Samsung Gallery\DCIM\Books 2.0\Screenshot_20220615-220523_TikTok.jpg,C:\Users\megha\OneDrive\Pictures\Samsung Gallery\Gallery\Books\Screenshot_20220615-220523_TikTok.jpg,Copied
C:\Users\megha\OneDrive\Pictures\Samsung Gallery\DCIM\Books 2.0\Screenshot_20220622-222129_TikTok.jpg,C:\Users\megha\OneDrive\Pictures\Samsung Gallery\Gallery\Books\Screenshot_20220622-222129_TikTok.jpg,Copied
C:\Users\megha\OneDrive\Pictures\Samsung Gallery\DCIM\Books 2.0\Screenshot_20220625-214801_TikTok.jpg,C:\Users\megha\OneDrive\Pictures\Samsung Gallery\Gallery\Books\Screenshot_20220625-214801_TikTok.jpg,Copied
C:\Users\megha\OneDrive\Pictures\Samsung Gallery\DCIM\Books 2.0\Screenshot_20220625-214826_TikTok.jpg,C:\Users\megha\OneDrive\Pictures\Samsung Gallery\Gallery\Books\Screenshot_20220625-214826_TikTok.jpg,Copied
C:\Users\megha\OneDrive\Pictures\Samsung Gallery\DCIM\Books 2.0\Screenshot_20220704-212058_TikTok.jpg,C:\Users\megha\OneDrive\Pictures\Samsung Gallery\Gallery\Books\Screenshot_20220704-212058_TikTok.jpg,Copied
C:\Users\megha\OneDrive\Pictures\Samsung Gallery\DCIM\Books 2.0\Screenshot_20220705-212544_TikTok.jpg,C:\Users\megha\OneDrive\Pictures\Samsung Gallery\Gallery\Books\Screenshot_20220705-212544_TikTok.jpg,Copied
C:\Users\megha\OneDrive\Pictures\Samsung Gallery\DCIM\Books 2.0\Screenshot_20220707-210920_TikTok.jpg,C:\Users\megha\OneDrive\Pictures\Samsung Gallery\Gallery\Books\Screenshot_20220707-210920_TikTok.jpg,Copied
C:\Users\megha\OneDrive\Pictures\Samsung Gallery\DCIM\Books 2.0\Screenshot_20220710-090334_TikTok.jpg,C:\Users\megha\OneDrive\Pictures\Samsung Gallery\Gallery\Books\Screenshot_20220710-090334_TikTok.jpg,Copied
C:\Users\megha\OneDrive\Pictures\Samsung Gallery\DCIM\Books 2.0\Screenshot_20220712-221800_TikTok.jpg,C:\Users\megha\OneDrive\Pictures\Samsung Gallery\Gallery\Books\Screenshot_20220712-221800_TikTok.jpg,Copied
C:\Users\megha\OneDrive\Pictures\Samsung Gallery\DCIM\Books 2.0\Screenshot_20220714-063746_TikTok.jpg,C:\Users\megha\OneDrive\Pictures\Samsung Gallery\Gallery\Books\Screenshot_20220714-063746_TikTok.jpg,Copied
C:\Users\megha\OneDrive\Pictures\Samsung Gallery\DCIM\Books 2.0\Screenshot_20220714-065122_TikTok.jpg,C:\Users\megha\OneDrive\Pictures\Samsung Gallery\Gallery\Books\Screenshot_20220714-065122_TikTok.jpg,Copied
C:\Users\megha\OneDrive\Pictures\Samsung Gallery\DCIM\Books 2.0\Screenshot_20220714-065131_TikTok.jpg,C:\Users\megha\OneDrive\Pictures\Samsung Gallery\Gallery\Books\Screenshot_20220714-065131_TikTok.jpg,Copied
C:\Users\megha\OneDrive\Pictures\Samsung Gallery\DCIM\Books 2.0\Screenshot_20220714-065135_TikTok.jpg,C:\Users\megha\OneDrive\Pictures\Samsung Gallery\Gallery\Books\Screenshot_20220714-065135_TikTok.jpg,Copied
C:\Users\megha\OneDrive\Pictures\Samsung Gallery\DCIM\Books 2.0\Screenshot_20220716-150514_TikTok.jpg,C:\Users\megha\OneDrive\Pictures\Samsung Gallery\Gallery\Books\Screenshot_20220716-150514_TikTok.jpg,Copied
C:\Users\megha\OneDrive\Pictures\Samsung Gallery\DCIM\Books 2.0\Screenshot_20220718-203306_TikTok.jpg,C:\Users\megha\OneDrive\Pictures\Samsung Gallery\Gallery\Books\Screenshot_20220718-203306_TikTok.jpg,Copied
C:\Users\megha\OneDrive\Pictures\Samsung Gallery\DCIM\Books 2.0\Screenshot_20220718-213042_TikTok.jpg,C:\Users\megha\OneDrive\Pictures\Samsung Gallery\Gallery\Books\Screenshot_20220718-213042_TikTok.jpg,Copied
C:\Users\megha\OneDrive\Pictures\Samsung Gallery\DCIM\Books 2.0\Screenshot_20220718-213049_TikTok.jpg,C:\Users\megha\OneDrive\Pictures\Samsung Gallery\Gallery\Books\Screenshot_20220718-213049_TikTok.jpg,Copied
C:\Users\megha\OneDrive\Pictures\Samsung Gallery\DCIM\Books 2.0\Screenshot_20220718-213052_TikTok.jpg,C:\Users\megha\OneDrive\Pictures\Samsung Gallery\Gallery\Books\Screenshot_20220718-213052_TikTok.jpg,Copied
C:\Users\megha\OneDrive\Pictures\Samsung Gallery\DCIM\Books 2.0\Screenshot_20220718-213055_TikTok.jpg,C:\Users\megha\OneDrive\Pictures\Samsung Gallery\Gallery\Books\Screenshot_20220718-213055_TikTok.jpg,Copied
C:\Users\megha\OneDrive\Pictures\Samsung Gallery\DCIM\Books 2.0\Screenshot_20220718-213058_TikTok.jpg,C:\Users\megha\OneDrive\Pictures\Samsung Gallery\Gallery\Books\Screenshot_20220718-213058_TikTok.jpg,Copied
C:\Users\megha\OneDrive\Pictures\Samsung Gallery\DCIM\Books 2.0\Screenshot_20220718-213100_TikTok.jpg,C:\Users\megha\OneDrive\Pictures\Samsung Gallery\Gallery\Books\Screenshot_20220718-213100_TikTok.jpg,Copied
C:\Users\megha\OneDrive\Pictures\Samsung Gallery\DCIM\Books 2.0\Screenshot_20220718-213121_TikTok.jpg,C:\Users\megha\OneDrive\Pictures\Samsung Gallery\Gallery\Books\Screenshot_20220718-213121_TikTok.jpg,Copied
C:\Users\megha\OneDrive\Pictures\Samsung Gallery\DCIM\Books 2.0\Screenshot_20220718-213140_TikTok.jpg,C:\Users\megha\OneDrive\Pictures\Samsung Gallery\Gallery\Books\Screenshot_20220718-213140_TikTok.jpg,Copied
C:\Users\megha\OneDrive\Pictures\Samsung Gallery\DCIM\Books 2.0\Screenshot_20220814-213425_TikTok.jpg,C:\Users\megha\OneDrive\Pictures\Samsung Gallery\Gallery\Books\Screenshot_20220814-213425_TikTok.jpg,Copied
C:\Users\megha\OneDrive\Pictures\Samsung Gallery\DCIM\Books 2.0\Screenshot_20220814-213430_TikTok.jpg,C:\Users\megha\OneDrive\Pictures\Samsung Gallery\Gallery\Books\Screenshot_20220814-213430_TikTok.jpg,Copied
C:\Users\megha\OneDrive\Pictures\Samsung Gallery\DCIM\Books 2.0\Screenshot_20220814-213438_TikTok.jpg,C:\Users\megha\OneDrive\Pictures\Samsung Gallery\Gallery\Books\Screenshot_20220814-213438_TikTok.jpg,Copied
C:\Users\megha\OneDrive\Pictures\Samsung Gallery\DCIM\Books 2.0\Screenshot_20220814-213446_TikTok.jpg,C:\Users\megha\OneDrive\Pictures\Samsung Gallery\Gallery\Books\Screenshot_20220814-213446_TikTok.jpg,Copied
C:\Users\megha\OneDrive\Pictures\Samsung Gallery\DCIM\Books 2.0\Screenshot_20220827-215040_TikTok.jpg,C:\Users\megha\OneDrive\Pictures\Samsung Gallery\Gallery\Books\Screenshot_20220827-215040_TikTok.jpg,Copied
C:\Users\megha\OneDrive\Pictures\Samsung Gallery\DCIM\Books 2.0\Screenshot_20220827-215057_TikTok.jpg,C:\Users\megha\OneDrive\Pictures\Samsung Gallery\Gallery\Books\Screenshot_20220827-215057_TikTok.jpg,Copied
C:\Users\megha\OneDrive\Pictures\Samsung Gallery\DCIM\Books 2.0\Screenshot_20220827-215104_TikTok.jpg,C:\Users\megha\OneDrive\Pictures\Samsung Gallery\Gallery\Books\Screenshot_20220827-215104_TikTok.jpg,Copied
C:\Users\megha\OneDrive\Pictures\Samsung Gallery\DCIM\Books 2.0\Screenshot_20221204_205243_TikTok.jpg,C:\Users\megha\OneDrive\Pictures\Samsung Gallery\Gallery\Books\Screenshot_20221204_205243_TikTok.jpg,Copied
C:\Users\megha\OneDrive\Pictures\Samsung Gallery\DCIM\Books 2.0\Screenshot_20221231_091833_TikTok.jpg,C:\Users\megha\OneDrive\Pictures\Samsung Gallery\Gallery\Books\Screenshot_20221231_091833_TikTok.jpg,Copied
C:\Users\megha\OneDrive\Pictures\Samsung Gallery\DCIM\Books 2.0\Screenshot_20221231_091841_TikTok.jpg,C:\Users\megha\OneDrive\Pictures\Samsung Gallery\Gallery\Books\Screenshot_20221231_091841_TikTok.jpg,Copied
C:\Users\megha\OneDrive\Pictures\Samsung Gallery\DCIM\Books 2.0\Screenshot_20221231_091847_TikTok.jpg,C:\Users\megha\OneDrive\Pictures\Samsung Gallery\Gallery\Books\Screenshot_20221231_091847_TikTok.jpg,Copied
C:\Users\megha\OneDrive\Pictures\Samsung Gallery\DCIM\Books 2.0\Screenshot_20221231_092126_TikTok.jpg,C:\Users\megha\OneDrive\Pictures\Samsung Gallery\Gallery\Books\Screenshot_20221231_092126_TikTok.jpg,Copied
C:\Users\megha\OneDrive\Pictures\Samsung Gallery\DCIM\Books 2.0\Screenshot_20221231_092335_TikTok.jpg,C:\Users\megha\OneDrive\Pictures\Samsung Gallery\Gallery\Books\Screenshot_20221231_092335_TikTok.jpg,Copied
C:\Users\megha\OneDrive\Pictures\Samsung Gallery\DCIM\Books 2.0\Screenshot_20221231_092341_TikTok.jpg,C:\Users\megha\OneDrive\Pictures\Samsung Gallery\Gallery\Books\Screenshot_20221231_092341_TikTok.jpg,Copied
C:\Users\megha\OneDrive\Pictures\Samsung Gallery\DCIM\Books 2.0\Screenshot_20221231_092348_TikTok.jpg,C:\Users\megha\OneDrive\Pictures\Samsung Gallery\Gallery\Books\Screenshot_20221231_092348_TikTok.jpg,Copied
C:\Users\megha\OneDrive\Pictures\Samsung Gallery\DCIM\Books 2.0\Screenshot_20221231_092353_TikTok.jpg,C:\Users\megha\OneDrive\Pictures\Samsung Gallery\Gallery\Books\Screenshot_20221231_092353_TikTok.jpg,Copied
C:\Users\megha\OneDrive\Pictures\Samsung Gallery\DCIM\Books 2.0\Screenshot_20221231_092400_TikTok.jpg,C:\Users\megha\OneDrive\Pictures\Samsung Gallery\Gallery\Books\Screenshot_20221231_092400_TikTok.jpg,Copied
C:\Users\megha\OneDrive\Pictures\Samsung Gallery\DCIM\Books 2.0\Screenshot_20221231_092452_TikTok.jpg,C:\Users\megha\OneDrive\Pictures\Samsung Gallery\Gallery\Books\Screenshot_20221231_092452_TikTok.jpg,Copied
C:\Users\megha\OneDrive\Pictures\Samsung Gallery\DCIM\Books 2.0\Screenshot_20221231_092457_TikTok.jpg,C:\Users\megha\OneDrive\Pictures\Samsung Gallery\Gallery\Books\Screenshot_20221231_092457_TikTok.jpg,Copied
C:\Users\megha\OneDrive\Pictures\Samsung Gallery\DCIM\Books 2.0\Screenshot_20221231_092501_TikTok.jpg,C:\Users\megha\OneDrive\Pictures\Samsung Gallery\Gallery\Books\Screenshot_20221231_092501_TikTok.jpg,Copied
C:\Users\megha\OneDrive\Pictures\Samsung Gallery\DCIM\Books 2.0\Screenshot_20221231_162818_TikTok.jpg,C:\Users\megha\OneDrive\Pictures\Samsung Gallery\Gallery\Books\Screenshot_20221231_162818_TikTok.jpg,Copied
C:\Users\megha\OneDrive\Pictures\Samsung Gallery\DCIM\Books 2.0\Screenshot_20221231_162828_TikTok.jpg,C:\Users\megha\OneDrive\Pictures\Samsung Gallery\Gallery\Books\Screenshot_20221231_162828_TikTok.jpg,Copied
C:\Users\megha\OneDrive\Pictures\Samsung Gallery\DCIM\Books 2.0\Screenshot_20221231_162836_TikTok.jpg,C:\Users\megha\OneDrive\Pictures\Samsung Gallery\Gallery\Books\Screenshot_20221231_162836_TikTok.jpg,Copied
C:\Users\megha\OneDrive\Pictures\Samsung Gallery\DCIM\Books 2.0\Screenshot_20221231_162844_TikTok.jpg,C:\Users\megha\OneDrive\Pictures\Samsung Gallery\Gallery\Books\Screenshot_20221231_162844_TikTok.jpg,Copied
C:\Users\megha\OneDrive\Pictures\Samsung Gallery\DCIM\Books 2.0\Screenshot_20221231_162853_TikTok.jpg,C:\Users\megha\OneDrive\Pictures\Samsung Gallery\Gallery\Books\Screenshot_20221231_162853_TikTok.jpg,Copied
C:\Users\megha\OneDrive\Pictures\Samsung Gallery\DCIM\Books 2.0\Screenshot_20230101_202529_TikTok.jpg,C:\Users\megha\OneDrive\Pictures\Samsung Gallery\Gallery\Books\Screenshot_20230101_202529_TikTok.jpg,Copied
C:\Users\megha\OneDrive\Pictures\Samsung Gallery\DCIM\Books 2.0\Screenshot_20230101_203421_TikTok.jpg,C:\Users\megha\OneDrive\Pictures\Samsung Gallery\Gallery\Books\Screenshot_20230101_203421_TikTok.jpg,Copied
C:\Users\megha\OneDrive\Pictures\Samsung Gallery\DCIM\Books 2.0\Screenshot_20230101_212928_TikTok.jpg,C:\Users\megha\OneDrive\Pictures\Samsung Gallery\Gallery\Books\Screenshot_20230101_212928_TikTok.jpg,Copied
C:\Users\megha\OneDrive\Pictures\Samsung Gallery\DCIM\Books 2.0\Screenshot_20230120_213723_TikTok.jpg,C:\Users\megha\OneDrive\Pictures\Samsung Gallery\Gallery\Books\Screenshot_20230120_213723_TikTok.jpg,Copied
C:\Users\megha\OneDrive\Pictures\Samsung Gallery\DCIM\Books 2.0\Screenshot_20230123_211514_TikTok.jpg,C:\Users\megha\OneDrive\Pictures\Samsung Gallery\Gallery\Books\Screenshot_20230123_211514_TikTok.jpg,Copied
C:\Users\megha\OneDrive\Pictures\Samsung Gallery\DCIM\Books 2.0\Screenshot_20230123_211531_TikTok.jpg,C:\Users\megha\OneDrive\Pictures\Samsung Gallery\Gallery\Books\Screenshot_20230123_211531_TikTok.jpg,Copied
C:\Users\megha\OneDrive\Pictures\Samsung Gallery\DCIM\Books 2.0\Screenshot_20230123_211919_TikTok.jpg,C:\Users\megha\OneDrive\Pictures\Samsung Gallery\Gallery\Books\Screenshot_20230123_211919_TikTok.jpg,Copied
C:\Users\megha\OneDrive\Pictures\Samsung Gallery\DCIM\Books 2.0\Screenshot_20230123_212004_TikTok.jpg,C:\Users\megha\OneDrive\Pictures\Samsung Gallery\Gallery\Books\Screenshot_20230123_212004_TikTok.jpg,Copied
C:\Users\megha\OneDrive\Pictures\Samsung Gallery\DCIM\Books 2.0\Screenshot_20230123_212107_TikTok.jpg,C:\Users\megha\OneDrive\Pictures\Samsung Gallery\Gallery\Books\Screenshot_20230123_212107_TikTok.jpg,Copied
C:\Users\megha\OneDrive\Pictures\Samsung Gallery\DCIM\Books 2.0\Screenshot_20230123_212112_TikTok.jpg,C:\Users\megha\OneDrive\Pictures\Samsung Gallery\Gallery\Books\Screenshot_20230123_212112_TikTok.jpg,Copied
C:\Users\megha\OneDrive\Pictures\Samsung Gallery\DCIM\Books 2.0\Screenshot_20230123_212301_TikTok.jpg,C:\Users\megha\OneDrive\Pictures\Samsung Gallery\Gallery\Books\Screenshot_20230123_212301_TikTok.jpg,Copied
C:\Users\megha\OneDrive\Pictures\Samsung Gallery\DCIM\Books 2.0\Screenshot_20230123_212306_TikTok.jpg,C:\Users\megha\OneDrive\Pictures\Samsung Gallery\Gallery\Books\Screenshot_20230123_212306_TikTok.jpg,Copied
C:\Users\megha\OneDrive\Pictures\Samsung Gallery\DCIM\Books 2.0\Screenshot_20230203_211737_TikTok.jpg,C:\Users\megha\OneDrive\Pictures\Samsung Gallery\Gallery\Books\Screenshot_20230203_211737_TikTok.jpg,Copied
C:\Users\megha\OneDrive\Pictures\Samsung Gallery\DCIM\Books 2.0\Screenshot_20230203_211745_TikTok.jpg,C:\Users\megha\OneDrive\Pictures\Samsung Gallery\Gallery\Books\Screenshot_20230203_211745_TikTok.jpg,Copied
C:\Users\megha\OneDrive\Pictures\Samsung Gallery\DCIM\Books 2.0\Screenshot_20230203_211757_TikTok.jpg,C:\Users\megha\OneDrive\Pictures\Samsung Gallery\Gallery\Books\Screenshot_20230203_211757_TikTok.jpg,Copied
C:\Users\megha\OneDrive\Pictures\Samsung Gallery\DCIM\Books 2.0\Screenshot_20230203_211805_TikTok.jpg,C:\Users\megha\OneDrive\Pictures\Samsung Gallery\Gallery\Books\Screenshot_20230203_211805_TikTok.jpg,Copied
C:\Users\megha\OneDrive\Pictures\Samsung Gallery\DCIM\Books 2.0\Screenshot_20230203_211811_TikTok.jpg,C:\Users\megha\OneDrive\Pictures\Samsung Gallery\Gallery\Books\Screenshot_20230203_211811_TikTok.jpg,Copied
C:\Users\megha\OneDrive\Pictures\Samsung Gallery\DCIM\Books 2.0\Screenshot_20230203_211821_TikTok.jpg,C:\Users\megha\OneDrive\Pictures\Samsung Gallery\Gallery\Books\Screenshot_20230203_211821_TikTok.jpg,Copied
C:\Users\megha\OneDrive\Pictures\Samsung Gallery\DCIM\Books 2.0\Screenshot_20230211_073833_TikTok.jpg,C:\Users\megha\OneDrive\Pictures\Samsung Gallery\Gallery\Books\Screenshot_20230211_073833_TikTok.jpg,Copied
C:\Users\megha\OneDrive\Pictures\Samsung Gallery\DCIM\Books 2.0\Screenshot_20230221_214355_TikTok.jpg,C:\Users\megha\OneDrive\Pictures\Samsung Gallery\Gallery\Books\Screenshot_20230221_214355_TikTok.jpg,Copied
C:\Users\megha\OneDrive\Pictures\Samsung Gallery\DCIM\Books 2.0\Screenshot_20230320_212836_TikTok.jpg,C:\Users\megha\OneDrive\Pictures\Samsung Gallery\Gallery\Books\Screenshot_20230320_212836_TikTok.jpg,Copied
C:\Users\megha\OneDrive\Pictures\Samsung Gallery\DCIM\Books 2.0\Screenshot_20230320_212841_TikTok.jpg,C:\Users\megha\OneDrive\Pictures\Samsung Gallery\Gallery\Books\Screenshot_20230320_212841_TikTok.jpg,Copied
C:\Users\megha\OneDrive\Pictures\Samsung Gallery\DCIM\Books 2.0\Screenshot_20230320_212846_TikTok.jpg,C:\Users\megha\OneDrive\Pictures\Samsung Gallery\Gallery\Books\Screenshot_20230320_212846_TikTok.jpg,Copied
C:\Users\megha\OneDrive\Pictures\Samsung Gallery\DCIM\Books 2.0\Screenshot_20230320_212850_TikTok.jpg,C:\Users\megha\OneDrive\Pictures\Samsung Gallery\Gallery\Books\Screenshot_20230320_212850_TikTok.jpg,Copied
C:\Users\megha\OneDrive\Pictures\Samsung Gallery\DCIM\Books 2.0\Screenshot_20230320_212853_TikTok.jpg,C:\Users\megha\OneDrive\Pictures\Samsung Gallery\Gallery\Books\Screenshot_20230320_212853_TikTok.jpg,Copied
C:\Users\megha\OneDrive\Pictures\Samsung Gallery\DCIM\Books 2.0\Screenshot_20230423_212914_TikTok.jpg,C:\Users\megha\OneDrive\Pictures\Samsung Gallery\Gallery\Books\Screenshot_20230423_212914_TikTok.jpg,Copied
C:\Users\megha\OneDrive\Pictures\Samsung Gallery\DCIM\Books 2.0\Screenshot_20230429_223922_TikTok.jpg,C:\Users\megha\OneDrive\Pictures\Samsung Gallery\Gallery\Books\Screenshot_20230429_223922_TikTok.jpg,Copied
C:\Users\megha\OneDrive\Pictures\Samsung Gallery\DCIM\Books 2.0\Screenshot_20230429_223927_TikTok.jpg,C:\Users\megha\OneDrive\Pictures\Samsung Gallery\Gallery\Books\Screenshot_20230429_223927_TikTok.jpg,Copied
C:\Users\megha\OneDrive\Pictures\Samsung Gallery\DCIM\Books 2.0\Screenshot_20230501_220928_TikTok.jpg,C:\Users\megha\OneDrive\Pictures\Samsung Gallery\Gallery\Books\Screenshot_20230501_220928_TikTok.jpg,Copied
C:\Users\megha\OneDrive\Pictures\Samsung Gallery\DCIM\Books 2.0\Screenshot_20230501_220933_TikTok.jpg,C:\Users\megha\OneDrive\Pictures\Samsung Gallery\Gallery\Books\Screenshot_20230501_220933_TikTok.jpg,Copied
C:\Users\megha\OneDrive\Pictures\Samsung Gallery\DCIM\Books 2.0\Screenshot_20230501_220956_TikTok.jpg,C:\Users\megha\OneDrive\Pictures\Samsung Gallery\Gallery\Books\Screenshot_20230501_220956_TikTok.jpg,Copied
C:\Users\megha\OneDrive\Pictures\Samsung Gallery\DCIM\Books 2.0\Screenshot_20230501_221449_TikTok.jpg,C:\Users\megha\OneDrive\Pictures\Samsung Gallery\Gallery\Books\Screenshot_20230501_221449_TikTok.jpg,Copied
C:\Users\megha\OneDrive\Pictures\Samsung Gallery\DCIM\Books 2.0\Screenshot_20230926_213539_TikTok.jpg,C:\Users\megha\OneDrive\Pictures\Samsung Gallery\Gallery\Books\Screenshot_20230926_213539_TikTok.jpg,Copied
C:\Users\megha\OneDrive\Pictures\Samsung Gallery\DCIM\Books 2.0\Screenshot_20230926_213544_TikTok.jpg,C:\Users\megha\OneDrive\Pictures\Samsung Gallery\Gallery\Books\Screenshot_20230926_213544_TikTok.jpg,Copied
C:\Users\megha\OneDrive\Pictures\Samsung Gallery\DCIM\Books 2.0\Screenshot_20230926_213548_TikTok.jpg,C:\Users\megha\OneDrive\Pictures\Samsung Gallery\Gallery\Books\Screenshot_20230926_213548_TikTok.jpg,Copied
C:\Users\megha\OneDrive\Pictures\Samsung Gallery\DCIM\Books 2.0\Screenshot_20230926_213557_TikTok.jpg,C:\Users\megha\OneDrive\Pictures\Samsung Gallery\Gallery\Books\Screenshot_20230926_213557_TikTok.jpg,Copied
C:\Users\megha\OneDrive\Pictures\Samsung Gallery\DCIM\Books 2.0\Screenshot_20230926_213559_TikTok.jpg,C:\Users\megha\OneDrive\Pictures\Samsung Gallery\Gallery\Books\Screenshot_20230926_213559_TikTok.jpg,Copied
C:\Users\megha\OneDrive\Pictures\Samsung Gallery\DCIM\Books 2.0\Screenshot_20230926_213600_TikTok.jpg,C:\Users\megha\OneDrive\Pictures\Samsung Gallery\Gallery\Books\Screenshot_20230926_213600_TikTok.jpg,Copied
C:\Users\megha\OneDrive\Pictures\Samsung Gallery\DCIM\Books 2.0\Screenshot_20231006_203645_Pinterest.jpg,C:\Users\megha\OneDrive\Pictures\Samsung Gallery\Gallery\Books\Screenshot_20231006_203645_Pinterest.jpg,Copied
C:\Users\megha\OneDrive\Pictures\Samsung Gallery\DCIM\Books 2.0\Screenshot_20231007_075053_Facebook.jpg,C:\Users\megha\OneDrive\Pictures\Samsung Gallery\Gallery\Books\Screenshot_20231007_075053_Facebook.jpg,Copied
C:\Users\megha\OneDrive\Pictures\Samsung Gallery\DCIM\Books 2.0\Screenshot_20231007_075111_Facebook.jpg,C:\Users\megha\OneDrive\Pictures\Samsung Gallery\Gallery\Books\Screenshot_20231007_075111_Facebook.jpg,Copied
C:\Users\megha\OneDrive\Pictures\Samsung Gallery\DCIM\Books 2.0\Screenshot_20231007_075122_Facebook.jpg,C:\Users\megha\OneDrive\Pictures\Samsung Gallery\Gallery\Books\Screenshot_20231007_075122_Facebook.jpg,Copied
C:\Users\megha\OneDrive\Pictures\Samsung Gallery\DCIM\Books 2.0\Screenshot_20231007_075200_Facebook.jpg,C:\Users\megha\OneDrive\Pictures\Samsung Gallery\Gallery\Books\Screenshot_20231007_075200_Facebook.jpg,Copied
C:\Users\megha\OneDrive\Pictures\Samsung Gallery\DCIM\Books 2.0\Screenshot_20231007_075210_Facebook.jpg,C:\Users\megha\OneDrive\Pictures\Samsung Gallery\Gallery\Books\Screenshot_20231007_075210_Facebook.jpg,Copied
C:\Users\megha\OneDrive\Pictures\Samsung Gallery\DCIM\Books 2.0\Screenshot_20231007_075220_Facebook.jpg,C:\Users\megha\OneDrive\Pictures\Samsung Gallery\Gallery\Books\Screenshot_20231007_075220_Facebook.jpg,Copied
C:\Users\megha\OneDrive\Pictures\Samsung Gallery\DCIM\Books 2.0\Screenshot_20231007_075228_Facebook.jpg,C:\Users\megha\OneDrive\Pictures\Samsung Gallery\Gallery\Books\Screenshot_20231007_075228_Facebook.jpg,Copied
C:\Users\megha\OneDrive\Pictures\Samsung Gallery\DCIM\Books 2.0\Screenshot_20231007_075626_Facebook.jpg,C:\Users\megha\OneDrive\Pictures\Samsung Gallery\Gallery\Books\Screenshot_20231007_075626_Facebook.jpg,Copied
C:\Users\megha\OneDrive\Pictures\Samsung Gallery\DCIM\Books 2.0\Screenshot_20231007_075632_Facebook.jpg,C:\Users\megha\OneDrive\Pictures\Samsung Gallery\Gallery\Books\Screenshot_20231007_075632_Facebook.jpg,Copied
C:\Users\megha\OneDrive\Pictures\Samsung Gallery\DCIM\Books 2.0\Screenshot_20231007_075637_Facebook.jpg,C:\Users\megha\OneDrive\Pictures\Samsung Gallery\Gallery\Books\Screenshot_20231007_075637_Facebook.jpg,Copied
C:\Users\megha\OneDrive\Pictures\Samsung Gallery\DCIM\Books 2.0\Screenshot_20231007_075642_Facebook.jpg,C:\Users\megha\OneDrive\Pictures\Samsung Gallery\Gallery\Books\Screenshot_20231007_075642_Facebook.jpg,Copied
C:\Users\megha\OneDrive\Pictures\Samsung Gallery\DCIM\Books 2.0\Screenshot_20231007_075648_Facebook.jpg,C:\Users\megha\OneDrive\Pictures\Samsung Gallery\Gallery\Books\Screenshot_20231007_075648_Facebook.jpg,Copied
C:\Users\megha\OneDrive\Pictures\Samsung Gallery\DCIM\Books 2.0\Screenshot_20231007_075652_Facebook.jpg,C:\Users\megha\OneDrive\Pictures\Samsung Gallery\Gallery\Books\Screenshot_20231007_075652_Facebook.jpg,Copied
C:\Users\megha\OneDrive\Pictures\Samsung Gallery\DCIM\Books 2.0\Screenshot_20231007_075700_Facebook.jpg,C:\Users\megha\OneDrive\Pictures\Samsung Gallery\Gallery\Books\Screenshot_20231007_075700_Facebook.jpg,Copied
C:\Users\megha\OneDrive\Pictures\Samsung Gallery\DCIM\Books 2.0\Screenshot_20231019_101710_Facebook.jpg,C:\Users\megha\OneDrive\Pictures\Samsung Gallery\Gallery\Books\Screenshot_20231019_101710_Facebook.jpg,Copied
C:\Users\megha\OneDrive\Pictures\Samsung Gallery\DCIM\Books 2.0\Screenshot_20231019_101714_Facebook.jpg,C:\Users\megha\OneDrive\Pictures\Samsung Gallery\Gallery\Books\Screenshot_20231019_101714_Facebook.jpg,Copied
C:\Users\megha\OneDrive\Pictures\Samsung Gallery\DCIM\Books 2.0\Screenshot_20231019_101718_Facebook.jpg,C:\Users\megha\OneDrive\Pictures\Samsung Gallery\Gallery\Books\Screenshot_20231019_101718_Facebook.jpg,Copied
C:\Users\megha\OneDrive\Pictures\Samsung Gallery\DCIM\Books 2.0\Screenshot_20231019_101721_Facebook.jpg,C:\Users\megha\OneDrive\Pictures\Samsung Gallery\Gallery\Books\Screenshot_20231019_101721_Facebook.jpg,Copied
C:\Users\megha\OneDrive\Pictures\Samsung Gallery\DCIM\Books 2.0\Screenshot_20231025_064046_Facebook.jpg,C:\Users\megha\OneDrive\Pictures\Samsung Gallery\Gallery\Books\Screenshot_20231025_064046_Facebook.jpg,Copied
C:\Users\megha\OneDrive\Pictures\Samsung Gallery\DCIM\Books 2.0\Screenshot_20231025_131101_Facebook.jpg,C:\Users\megha\OneDrive\Pictures\Samsung Gallery\Gallery\Books\Screenshot_20231025_131101_Facebook.jpg,Copied
C:\Users\megha\OneDrive\Pictures\Samsung Gallery\DCIM\Books 2.0\Screenshot_20231026_083344_Facebook.jpg,C:\Users\megha\OneDrive\Pictures\Samsung Gallery\Gallery\Books\Screenshot_20231026_083344_Facebook.jpg,Copied
C:\Users\megha\OneDrive\Pictures\Samsung Gallery\DCIM\Books 2.0\Screenshot_20231026_083346_Facebook.jpg,C:\Users\megha\OneDrive\Pictures\Samsung Gallery\Gallery\Books\Screenshot_20231026_083346_Facebook.jpg,Copied
C:\Users\megha\OneDrive\Pictures\Samsung Gallery\DCIM\Books 2.0\Screenshot_20231026_083347_Facebook.jpg,C:\Users\megha\OneDrive\Pictures\Samsung Gallery\Gallery\Books\Screenshot_20231026_083347_Facebook.jpg,Copied
C:\Users\megha\OneDrive\Pictures\Samsung Gallery\DCIM\Books 2.0\Screenshot_20231028_162441_Facebook.jpg,C:\Users\megha\OneDrive\Pictures\Samsung Gallery\Gallery\Books\Screenshot_20231028_162441_Facebook.jpg,Copied
C:\Users\megha\OneDrive\Pictures\Samsung Gallery\DCIM\Books 2.0\Screenshot_20231028_162448_Facebook.jpg,C:\Users\megha\OneDrive\Pictures\Samsung Gallery\Gallery\Books\Screenshot_20231028_162448_Facebook.jpg,Copied
C:\Users\megha\OneDrive\Pictures\Samsung Gallery\DCIM\Books 2.0\Screenshot_20231028_162455_Facebook.jpg,C:\Users\megha\OneDrive\Pictures\Samsung Gallery\Gallery\Books\Screenshot_20231028_162455_Facebook.jpg,Copied
C:\Users\megha\OneDrive\Pictures\Samsung Gallery\DCIM\Books 2.0\Screenshot_20231028_211602_Facebook.jpg,C:\Users\megha\OneDrive\Pictures\Samsung Gallery\Gallery\Books\Screenshot_20231028_211602_Facebook.jpg,Copied
C:\Users\megha\OneDrive\Pictures\Samsung Gallery\DCIM\Books 2.0\Screenshot_20231028_211608_Facebook.jpg,C:\Users\megha\OneDrive\Pictures\Samsung Gallery\Gallery\Books\Screenshot_20231028_211608_Facebook.jpg,Copied
C:\Users\megha\OneDrive\Pictures\Samsung Gallery\DCIM\Books 2.0\Screenshot_20231028_211612_Facebook.jpg,C:\Users\megha\OneDrive\Pictures\Samsung Gallery\Gallery\Books\Screenshot_20231028_211612_Facebook.jpg,Copied
C:\Users\megha\OneDrive\Pictures\Samsung Gallery\DCIM\Books 2.0\Screenshot_20231028_211618_Facebook.jpg,C:\Users\megha\OneDrive\Pictures\Samsung Gallery\Gallery\Books\Screenshot_20231028_211618_Facebook.jpg,Copied
C:\Users\megha\OneDrive\Pictures\Samsung Gallery\DCIM\Books 2.0\Screenshot_20231028_211624_Facebook.jpg,C:\Users\megha\OneDrive\Pictures\Samsung Gallery\Gallery\Books\Screenshot_20231028_211624_Facebook.jpg,Copied
C:\Users\megha\OneDrive\Pictures\Samsung Gallery\DCIM\Books 2.0\Screenshot_20231030_095712_Facebook.jpg,C:\Users\megha\OneDrive\Pictures\Samsung Gallery\Gallery\Books\Screenshot_20231030_095712_Facebook.jpg,Copied
C:\Users\megha\OneDrive\Pictures\Samsung Gallery\DCIM\Books 2.0\Screenshot_20231030_100532_Facebook.jpg,C:\Users\megha\OneDrive\Pictures\Samsung Gallery\Gallery\Books\Screenshot_20231030_100532_Facebook.jpg,Copied
C:\Users\megha\OneDrive\Pictures\Samsung Gallery\DCIM\Books 2.0\Screenshot_20231030_100537_Facebook.jpg,C:\Users\megha\OneDrive\Pictures\Samsung Gallery\Gallery\Books\Screenshot_20231030_100537_Facebook.jpg,Copied
C:\Users\megha\OneDrive\Pictures\Samsung Gallery\DCIM\Books 2.0\Screenshot_20231030_100543_Facebook.jpg,C:\Users\megha\OneDrive\Pictures\Samsung Gallery\Gallery\Books\Screenshot_20231030_100543_Facebook.jpg,Copied
C:\Users\megha\OneDrive\Pictures\Samsung Gallery\DCIM\Books 2.0\Screenshot_20231030_100550_Facebook.jpg,C:\Users\megha\OneDrive\Pictures\Samsung Gallery\Gallery\Books\Screenshot_20231030_100550_Facebook.jpg,Copied
C:\Users\megha\OneDrive\Pictures\Samsung Gallery\DCIM\Books 2.0\Screenshot_20231030_122633_Facebook.jpg,C:\Users\megha\OneDrive\Pictures\Samsung Gallery\Gallery\Books\Screenshot_20231030_122633_Facebook.jpg,Copied
C:\Users\megha\OneDrive\Pictures\Samsung Gallery\DCIM\Books 2.0\Screenshot_20231030_122639_Facebook.jpg,C:\Users\megha\OneDrive\Pictures\Samsung Gallery\Gallery\Books\Screenshot_20231030_122639_Facebook.jpg,Copied
C:\Users\megha\OneDrive\Pictures\Samsung Gallery\DCIM\Books 2.0\Screenshot_20231030_122643_Facebook.jpg,C:\Users\megha\OneDrive\Pictures\Samsung Gallery\Gallery\Books\Screenshot_20231030_122643_Facebook.jpg,Copied
C:\Users\megha\OneDrive\Pictures\Samsung Gallery\DCIM\Books 2.0\Screenshot_20231030_122645_Facebook.jpg,C:\Users\megha\OneDrive\Pictures\Samsung Gallery\Gallery\Books\Screenshot_20231030_122645_Facebook.jpg,Copied
C:\Users\megha\OneDrive\Pictures\Samsung Gallery\DCIM\Books 2.0\Screenshot_20231031_070528_Facebook.jpg,C:\Users\megha\OneDrive\Pictures\Samsung Gallery\Gallery\Books\Screenshot_20231031_070528_Facebook.jpg,Copied
C:\Users\megha\OneDrive\Pictures\Samsung Gallery\DCIM\Books 2.0\Screenshot_20231031_070534_Facebook.jpg,C:\Users\megha\OneDrive\Pictures\Samsung Gallery\Gallery\Books\Screenshot_20231031_070534_Facebook.jpg,Copied
C:\Users\megha\OneDrive\Pictures\Samsung Gallery\DCIM\Books 2.0\Screenshot_20231031_070538_Facebook.jpg,C:\Users\megha\OneDrive\Pictures\Samsung Gallery\Gallery\Books\Screenshot_20231031_070538_Facebook.jpg,Copied
C:\Users\megha\OneDrive\Pictures\Samsung Gallery\DCIM\Books 2.0\Screenshot_20231031_070542_Facebook.jpg,C:\Users\megha\OneDrive\Pictures\Samsung Gallery\Gallery\Books\Screenshot_20231031_070542_Facebook.jpg,Copied
C:\Users\megha\OneDrive\Pictures\Samsung Gallery\DCIM\Books 2.0\Screenshot_20231031_070546_Facebook.jpg,C:\Users\megha\OneDrive\Pictures\Samsung Gallery\Gallery\Books\Screenshot_20231031_070546_Facebook.jpg,Copied
C:\Users\megha\OneDrive\Pictures\Samsung Gallery\DCIM\Books 2.0\Screenshot_20231123_070745_Facebook.jpg,C:\Users\megha\OneDrive\Pictures\Samsung Gallery\Gallery\Books\Screenshot_20231123_070745_Facebook.jpg,Copied
C:\Users\megha\OneDrive\Pictures\Samsung Gallery\DCIM\Books 2.0\Screenshot_20231123_070747_Facebook.jpg,C:\Users\megha\OneDrive\Pictures\Samsung Gallery\Gallery\Books\Screenshot_20231123_070747_Facebook.jpg,Copied
C:\Users\megha\OneDrive\Pictures\Samsung Gallery\DCIM\Books 2.0\Screenshot_20231123_070749_Facebook.jpg,C:\Users\megha\OneDrive\Pictures\Samsung Gallery\Gallery\Books\Screenshot_20231123_070749_Facebook.jpg,Copied
C:\Users\megha\OneDrive\Pictures\Samsung Gallery\DCIM\Books 2.0\Screenshot_20231123_070751_Facebook.jpg,C:\Users\megha\OneDrive\Pictures\Samsung Gallery\Gallery\Books\Screenshot_20231123_070751_Facebook.jpg,Copied
C:\Users\megha\OneDrive\Pictures\Samsung Gallery\DCIM\Books 2.0\Screenshot_20231123_070753_Facebook.jpg,C:\Users\megha\OneDrive\Pictures\Samsung Gallery\Gallery\Books\Screenshot_20231123_070753_Facebook.jpg,Copied
C:\Users\megha\OneDrive\Pictures\Samsung Gallery\DCIM\Books 2.0\Screenshot_20231123_070755_Facebook.jpg,C:\Users\megha\OneDrive\Pictures\Samsung Gallery\Gallery\Books\Screenshot_20231123_070755_Facebook.jpg,Copied
C:\Users\megha\OneDrive\Pictures\Samsung Gallery\DCIM\Books 2.0\Screenshot_20231123_070757_Facebook.jpg,C:\Users\megha\OneDrive\Pictures\Samsung Gallery\Gallery\Books\Screenshot_20231123_070757_Facebook.jpg,Copied
C:\Users\megha\OneDrive\Pictures\Samsung Gallery\DCIM\Books 2.0\Screenshot_20231123_070759_Facebook.jpg,C:\Users\megha\OneDrive\Pictures\Samsung Gallery\Gallery\Books\Screenshot_20231123_070759_Facebook.jpg,Copied
C:\Users\megha\OneDrive\Pictures\Samsung Gallery\DCIM\Books 2.0\Screenshot_20231123_070801_Facebook.jpg,C:\Users\megha\OneDrive\Pictures\Samsung Gallery\Gallery\Books\Screenshot_20231123_070801_Facebook.jpg,Copied
C:\Users\megha\OneDrive\Pictures\Samsung Gallery\DCIM\Books 2.0\Screenshot_20231123_070803_Facebook.jpg,C:\Users\megha\OneDrive\Pictures\Samsung Gallery\Gallery\Books\Screenshot_20231123_070803_Facebook.jpg,Copied
C:\Users\megha\OneDrive\Pictures\Samsung Gallery\DCIM\Books 2.0\Screenshot_20231123_070805_Facebook.jpg,C:\Users\megha\OneDrive\Pictures\Samsung Gallery\Gallery\Books\Screenshot_20231123_070805_Facebook.jpg,Copied
C:\Users\megha\OneDrive\Pictures\Samsung Gallery\DCIM\Books 2.0\Screenshot_20231123_070807_Facebook.jpg,C:\Users\megha\OneDrive\Pictures\Samsung Gallery\Gallery\Books\Screenshot_20231123_070807_Facebook.jpg,Copied
C:\Users\megha\OneDrive\Pictures\Samsung Gallery\DCIM\Books 2.0\Screenshot_20240103_103143_Facebook.jpg,C:\Users\megha\OneDrive\Pictures\Samsung Gallery\Gallery\Books\Screenshot_20240103_103143_Facebook.jpg,Copied
C:\Users\megha\OneDrive\Pictures\Samsung Gallery\DCIM\Books 2.0\Screenshot_20240103_103150_Facebook.jpg,C:\Users\megha\OneDrive\Pictures\Samsung Gallery\Gallery\Books\Screenshot_20240103_103150_Facebook.jpg,Copied
C:\Users\megha\OneDrive\Pictures\Samsung Gallery\DCIM\Books 2.0\Screenshot_20240104_201908_TikTok.jpg,C:\Users\megha\OneDrive\Pictures\Samsung Gallery\Gallery\Books\Screenshot_20240104_201908_TikTok.jpg,Copied
C:\Users\megha\OneDrive\Pictures\Samsung Gallery\DCIM\Books 2.0\Screenshot_20240104_201916_TikTok.jpg,C:\Users\megha\OneDrive\Pictures\Samsung Gallery\Gallery\Books\Screenshot_20240104_201916_TikTok.jpg,Copied
C:\Users\megha\OneDrive\Pictures\Samsung Gallery\DCIM\Books 2.0\Screenshot_20240104_201920_TikTok.jpg,C:\Users\megha\OneDrive\Pictures\Samsung Gallery\Gallery\Books\Screenshot_20240104_201920_TikTok.jpg,Copied
C:\Users\megha\OneDrive\Pictures\Samsung Gallery\DCIM\Books 2.0\Screenshot_20240104_201924_TikTok.jpg,C:\Users\megha\OneDrive\Pictures\Samsung Gallery\Gallery\Books\Screenshot_20240104_201924_TikTok.jpg,Copied
C:\Users\megha\OneDrive\Pictures\Samsung Gallery\DCIM\Books 2.0\Screenshot_20240105_064825_Facebook.jpg,C:\Users\megha\OneDrive\Pictures\Samsung Gallery\Gallery\Books\Screenshot_20240105_064825_Facebook.jpg,Copied
C:\Users\megha\OneDrive\Pictures\Samsung Gallery\DCIM\Books 2.0\Screenshot_20240105_064834_Facebook.jpg,C:\Users\megha\OneDrive\Pictures\Samsung Gallery\Gallery\Books\Screenshot_20240105_064834_Facebook.jpg,Copied
C:\Users\megha\OneDrive\Pictures\Samsung Gallery\DCIM\Books 2.0\Screenshot_20240116_204837_TikTok.jpg,C:\Users\megha\OneDrive\Pictures\Samsung Gallery\Gallery\Books\Screenshot_20240116_204837_TikTok.jpg,Copied
C:\Users\megha\OneDrive\Pictures\Samsung Gallery\DCIM\Books 2.0\Screenshot_20240116_204848_TikTok.jpg,C:\Users\megha\OneDrive\Pictures\Samsung Gallery\Gallery\Books\Screenshot_20240116_204848_TikTok.jpg,Copied
C:\Users\megha\OneDrive\Pictures\Samsung Gallery\DCIM\Books 2.0\Screenshot_20240116_205645_TikTok.jpg,C:\Users\megha\OneDrive\Pictures\Samsung Gallery\Gallery\Books\Screenshot_20240116_205645_TikTok.jpg,Copied
C:\Users\megha\OneDrive\Pictures\Samsung Gallery\DCIM\Books 2.0\Screenshot_20240116_205647_TikTok.jpg,C:\Users\megha\OneDrive\Pictures\Samsung Gallery\Gallery\Books\Screenshot_20240116_205647_TikTok.jpg,Copied
C:\Users\megha\OneDrive\Pictures\Samsung Gallery\DCIM\Books 2.0\Screenshot_20240116_205650_TikTok.jpg,C:\Users\megha\OneDrive\Pictures\Samsung Gallery\Gallery\Books\Screenshot_20240116_205650_TikTok.jpg,Copied
C:\Users\megha\OneDrive\Pictures\Samsung Gallery\DCIM\Books 2.0\Screenshot_20240116_205653_TikTok.jpg,C:\Users\megha\OneDrive\Pictures\Samsung Gallery\Gallery\Books\Screenshot_20240116_205653_TikTok.jpg,Copied
C:\Users\megha\OneDrive\Pictures\Samsung Gallery\DCIM\Books 2.0\Screenshot_20240116_205656_TikTok.jpg,C:\Users\megha\OneDrive\Pictures\Samsung Gallery\Gallery\Books\Screenshot_20240116_205656_TikTok.jpg,Copied
C:\Users\megha\OneDrive\Pictures\Samsung Gallery\DCIM\Books 2.0\Screenshot_20240116_210635_TikTok.jpg,C:\Users\megha\OneDrive\Pictures\Samsung Gallery\Gallery\Books\Screenshot_20240116_210635_TikTok.jpg,Copied
C:\Users\megha\OneDrive\Pictures\Samsung Gallery\DCIM\Books 2.0\Screenshot_20240117_085633_Facebook.jpg,C:\Users\megha\OneDrive\Pictures\Samsung Gallery\Gallery\Books\Screenshot_20240117_085633_Facebook.jpg,Copied
C:\Users\megha\OneDrive\Pictures\Samsung Gallery\DCIM\Books 2.0\Screenshot_20240117_085645_Facebook.jpg,C:\Users\megha\OneDrive\Pictures\Samsung Gallery\Gallery\Books\Screenshot_20240117_085645_Facebook.jpg,Copied
C:\Users\megha\OneDrive\Pictures\Samsung Gallery\DCIM\Books 2.0\Screenshot_20240117_085650_Facebook.jpg,C:\Users\megha\OneDrive\Pictures\Samsung Gallery\Gallery\Books\Screenshot_20240117_085650_Facebook.jpg,Copied
C:\Users\megha\OneDrive\Pictures\Samsung Gallery\DCIM\Books 2.0\Screenshot_20240121_072717_Facebook.jpg,C:\Users\megha\OneDrive\Pictures\Samsung Gallery\Gallery\Books\Screenshot_20240121_072717_Facebook.jpg,Copied
C:\Users\megha\OneDrive\Pictures\Samsung Gallery\DCIM\Books 2.0\Screenshot_20240121_072742_Facebook.jpg,C:\Users\megha\OneDrive\Pictures\Samsung Gallery\Gallery\Books\Screenshot_20240121_072742_Facebook.jpg,Copied
C:\Users\megha\OneDrive\Pictures\Samsung Gallery\DCIM\Books 2.0\Screenshot_20240125_063314_Facebook.jpg,C:\Users\megha\OneDrive\Pictures\Samsung Gallery\Gallery\Books\Screenshot_20240125_063314_Facebook.jpg,Copied
C:\Users\megha\OneDrive\Pictures\Samsung Gallery\DCIM\Books 2.0\Screenshot_20240125_063318_Facebook.jpg,C:\Users\megha\OneDrive\Pictures\Samsung Gallery\Gallery\Books\Screenshot_20240125_063318_Facebook.jpg,Copied
C:\Users\megha\OneDrive\Pictures\Samsung Gallery\DCIM\Books 2.0\Screenshot_20240125_063322_Facebook.jpg,C:\Users\megha\OneDrive\Pictures\Samsung Gallery\Gallery\Books\Screenshot_20240125_063322_Facebook.jpg,Copied
C:\Users\megha\OneDrive\Pictures\Samsung Gallery\DCIM\Books 2.0\Screenshot_20240125_063326_Facebook.jpg,C:\Users\megha\OneDrive\Pictures\Samsung Gallery\Gallery\Books\Screenshot_20240125_063326_Facebook.jpg,Copied
C:\Users\megha\OneDrive\Pictures\Samsung Gallery\DCIM\Books 2.0\Screenshot_20240125_063330_Facebook.jpg,C:\Users\megha\OneDrive\Pictures\Samsung Gallery\Gallery\Books\Screenshot_20240125_063330_Facebook.jpg,Copied
C:\Users\megha\OneDrive\Pictures\Samsung Gallery\DCIM\Books 2.0\Screenshot_20240125_063334_Facebook.jpg,C:\Users\megha\OneDrive\Pictures\Samsung Gallery\Gallery\Books\Screenshot_20240125_063334_Facebook.jpg,Copied
C:\Users\megha\OneDrive\Pictures\Samsung Gallery\DCIM\Books 2.0\Screenshot_20240125_063338_Facebook.jpg,C:\Users\megha\OneDrive\Pictures\Samsung Gallery\Gallery\Books\Screenshot_20240125_063338_Facebook.jpg,Copied
C:\Users\megha\OneDrive\Pictures\Samsung Gallery\DCIM\Books 2.0\Screenshot_20240125_063343_Facebook.jpg,C:\Users\megha\OneDrive\Pictures\Samsung Gallery\Gallery\Books\Screenshot_20240125_063343_Facebook.jpg,Copied
C:\Users\megha\OneDrive\Pictures\Samsung Gallery\DCIM\Books 2.0\Screenshot_20240128_203402_Facebook.jpg,C:\Users\megha\OneDrive\Pictures\Samsung Gallery\Gallery\Books\Screenshot_20240128_203402_Facebook.jpg,Copied
C:\Users\megha\OneDrive\Pictures\Samsung Gallery\DCIM\Books 2.0\Screenshot_20240128_203405_Facebook.jpg,C:\Users\megha\OneDrive\Pictures\Samsung Gallery\Gallery\Books\Screenshot_20240128_203405_Facebook.jpg,Copied
C:\Users\megha\OneDrive\Pictures\Samsung Gallery\DCIM\Books 2.0\Screenshot_20240128_203408_Facebook.jpg,C:\Users\megha\OneDrive\Pictures\Samsung Gallery\Gallery\Books\Screenshot_20240128_203408_Facebook.jpg,Copied
C:\Users\megha\OneDrive\Pictures\Samsung Gallery\DCIM\Books 2.0\Screenshot_20240128_203410_Facebook.jpg,C:\Users\megha\OneDrive\Pictures\Samsung Gallery\Gallery\Books\Screenshot_20240128_203410_Facebook.jpg,Copied
C:\Users\megha\OneDrive\Pictures\Samsung Gallery\DCIM\Books 2.0\Screenshot_20240128_203414_Facebook.jpg,C:\Users\megha\OneDrive\Pictures\Samsung Gallery\Gallery\Books\Screenshot_20240128_203414_Facebook.jpg,Copied
C:\Users\megha\OneDrive\Pictures\Samsung Gallery\DCIM\Books 2.0\Screenshot_20240128_203417_Facebook.jpg,C:\Users\megha\OneDrive\Pictures\Samsung Gallery\Gallery\Books\Screenshot_20240128_203417_Facebook.jpg,Copied
C:\Users\megha\OneDrive\Pictures\Samsung Gallery\DCIM\Books 2.0\Screenshot_20240128_203420_Facebook.jpg,C:\Users\megha\OneDrive\Pictures\Samsung Gallery\Gallery\Books\Screenshot_20240128_203420_Facebook.jpg,Copied
C:\Users\megha\OneDrive\Pictures\Samsung Gallery\DCIM\Books 2.0\Screenshot_20240128_203423_Facebook.jpg,C:\Users\megha\OneDrive\Pictures\Samsung Gallery\Gallery\Books\Screenshot_20240128_203423_Facebook.jpg,Copied
C:\Users\megha\OneDrive\Pictures\Samsung Gallery\DCIM\Books 2.0\Screenshot_20240128_203426_Facebook.jpg,C:\Users\megha\OneDrive\Pictures\Samsung Gallery\Gallery\Books\Screenshot_20240128_203426_Facebook.jpg,Copied
C:\Users\megha\OneDrive\Pictures\Samsung Gallery\DCIM\Books 2.0\Screenshot_20240128_203429_Facebook.jpg,C:\Users\megha\OneDrive\Pictures\Samsung Gallery\Gallery\Books\Screenshot_20240128_203429_Facebook.jpg,Copied
C:\Users\megha\OneDrive\Pictures\Samsung Gallery\DCIM\Books 2.0\Screenshot_20240128_203432_Facebook.jpg,C:\Users\megha\OneDrive\Pictures\Samsung Gallery\Gallery\Books\Screenshot_20240128_203432_Facebook.jpg,Copied
C:\Users\megha\OneDrive\Pictures\Samsung Gallery\DCIM\Books 2.0\Screenshot_20240129_060349_Facebook.jpg,C:\Users\megha\OneDrive\Pictures\Samsung Gallery\Gallery\Books\Screenshot_20240129_060349_Facebook.jpg,Copied
C:\Users\megha\OneDrive\Pictures\Samsung Gallery\DCIM\Books 2.0\Screenshot_20240129_060411_Facebook.jpg,C:\Users\megha\OneDrive\Pictures\Samsung Gallery\Gallery\Books\Screenshot_20240129_060411_Facebook.jpg,Copied
C:\Users\megha\OneDrive\Pictures\Samsung Gallery\DCIM\Books 2.0\Screenshot_20240129_060430_Facebook.jpg,C:\Users\megha\OneDrive\Pictures\Samsung Gallery\Gallery\Books\Screenshot_20240129_060430_Facebook.jpg,Copied
C:\Users\megha\OneDrive\Pictures\Samsung Gallery\DCIM\Books 2.0\Screenshot_20240129_060453_Facebook.jpg,C:\Users\megha\OneDrive\Pictures\Samsung Gallery\Gallery\Books\Screenshot_20240129_060453_Facebook.jpg,Copied
C:\Users\megha\OneDrive\Pictures\Samsung Gallery\DCIM\Books 2.0\Screenshot_20240131_065725_TikTok.jpg,C:\Users\megha\OneDrive\Pictures\Samsung Gallery\Gallery\Books\Screenshot_20240131_065725_TikTok.jpg,Copied
C:\Users\megha\OneDrive\Pictures\Samsung Gallery\DCIM\Books 2.0\Screenshot_20240131_065727_TikTok.jpg,C:\Users\megha\OneDrive\Pictures\Samsung Gallery\Gallery\Books\Screenshot_20240131_065727_TikTok.jpg,Copied
C:\Users\megha\OneDrive\Pictures\Samsung Gallery\DCIM\Books 2.0\Screenshot_20240131_065729_TikTok.jpg,C:\Users\megha\OneDrive\Pictures\Samsung Gallery\Gallery\Books\Screenshot_20240131_065729_TikTok.jpg,Copied
C:\Users\megha\OneDrive\Pictures\Samsung Gallery\DCIM\Books 2.0\Screenshot_20240131_065731_TikTok.jpg,C:\Users\megha\OneDrive\Pictures\Samsung Gallery\Gallery\Books\Screenshot_20240131_065731_TikTok.jpg,Copied
C:\Users\megha\OneDrive\Pictures\Samsung Gallery\DCIM\Books 2.0\Screenshot_20240131_065733_TikTok.jpg,C:\Users\megha\OneDrive\Pictures\Samsung Gallery\Gallery\Books\Screenshot_20240131_065733_TikTok.jpg,Copied
C:\Users\megha\OneDrive\Pictures\Samsung Gallery\DCIM\Books 2.0\Screenshot_20240131_065734_TikTok.jpg,C:\Users\megha\OneDrive\Pictures\Samsung Gallery\Gallery\Books\Screenshot_20240131_065734_TikTok.jpg,Copied
C:\Users\megha\OneDrive\Pictures\Samsung Gallery\DCIM\Books 2.0\Screenshot_20240131_065736_TikTok.jpg,C:\Users\megha\OneDrive\Pictures\Samsung Gallery\Gallery\Books\Screenshot_20240131_065736_TikTok.jpg,Copied
C:\Users\megha\OneDrive\Pictures\Samsung Gallery\DCIM\Books 2.0\Screenshot_20240131_065738_TikTok.jpg,C:\Users\megha\OneDrive\Pictures\Samsung Gallery\Gallery\Books\Screenshot_20240131_065738_TikTok.jpg,Copied
C:\Users\megha\OneDrive\Pictures\Samsung Gallery\DCIM\Books 2.0\Screenshot_20240131_065742_TikTok.jpg,C:\Users\megha\OneDrive\Pictures\Samsung Gallery\Gallery\Books\Screenshot_20240131_065742_TikTok.jpg,Copied
C:\Users\megha\OneDrive\Pictures\Samsung Gallery\DCIM\Books 2.0\Screenshot_20240131_065744_TikTok.jpg,C:\Users\megha\OneDrive\Pictures\Samsung Gallery\Gallery\Books\Screenshot_20240131_065744_TikTok.jpg,Copied
C:\Users\megha\OneDrive\Pictures\Samsung Gallery\DCIM\Books 2.0\Screenshot_20240131_070012_TikTok.jpg,C:\Users\megha\OneDrive\Pictures\Samsung Gallery\Gallery\Books\Screenshot_20240131_070012_TikTok.jpg,Copied
C:\Users\megha\OneDrive\Pictures\Samsung Gallery\DCIM\Books 2.0\Screenshot_20240131_070047_TikTok.jpg,C:\Users\megha\OneDrive\Pictures\Samsung Gallery\Gallery\Books\Screenshot_20240131_070047_TikTok.jpg,Copied
C:\Users\megha\OneDrive\Pictures\Samsung Gallery\DCIM\Books 2.0\Screenshot_20240131_070114_TikTok.jpg,C:\Users\megha\OneDrive\Pictures\Samsung Gallery\Gallery\Books\Screenshot_20240131_070114_TikTok.jpg,Copied
C:\Users\megha\OneDrive\Pictures\Samsung Gallery\DCIM\Books 2.0\Screenshot_20240131_070137_TikTok.jpg,C:\Users\megha\OneDrive\Pictures\Samsung Gallery\Gallery\Books\Screenshot_20240131_070137_TikTok.jpg,Copied
C:\Users\megha\OneDrive\Pictures\Samsung Gallery\DCIM\Books 2.0\Screenshot_20240131_070155_TikTok.jpg,C:\Users\megha\OneDrive\Pictures\Samsung Gallery\Gallery\Books\Screenshot_20240131_070155_TikTok.jpg,Copied
C:\Users\megha\OneDrive\Pictures\Samsung Gallery\DCIM\Books 2.0\Screenshot_20240131_070229_TikTok.jpg,C:\Users\megha\OneDrive\Pictures\Samsung Gallery\Gallery\Books\Screenshot_20240131_070229_TikTok.jpg,Copied
C:\Users\megha\OneDrive\Pictures\Samsung Gallery\DCIM\Books 2.0\Screenshot_20240131_070241_TikTok.jpg,C:\Users\megha\OneDrive\Pictures\Samsung Gallery\Gallery\Books\Screenshot_20240131_070241_TikTok.jpg,Copied
C:\Users\megha\OneDrive\Pictures\Samsung Gallery\DCIM\Books 2.0\Screenshot_20240131_070340_TikTok.jpg,C:\Users\megha\OneDrive\Pictures\Samsung Gallery\Gallery\Books\Screenshot_20240131_070340_TikTok.jpg,Copied
C:\Users\megha\OneDrive\Pictures\Samsung Gallery\DCIM\Books 2.0\Screenshot_20240131_070359_TikTok.jpg,C:\Users\megha\OneDrive\Pictures\Samsung Gallery\Gallery\Books\Screenshot_20240131_070359_TikTok.jpg,Copied
C:\Users\megha\OneDrive\Pictures\Samsung Gallery\DCIM\Books 2.0\Screenshot_20240131_070401_TikTok.jpg,C:\Users\megha\OneDrive\Pictures\Samsung Gallery\Gallery\Books\Screenshot_20240131_070401_TikTok.jpg,Copied
C:\Users\megha\OneDrive\Pictures\Samsung Gallery\DCIM\Books 2.0\Screenshot_20240131_070403_TikTok.jpg,C:\Users\megha\OneDrive\Pictures\Samsung Gallery\Gallery\Books\Screenshot_20240131_070403_TikTok.jpg,Copied
C:\Users\megha\OneDrive\Pictures\Samsung Gallery\DCIM\Books 2.0\Screenshot_20240131_070404_TikTok.jpg,C:\Users\megha\OneDrive\Pictures\Samsung Gallery\Gallery\Books\Screenshot_20240131_070404_TikTok.jpg,Copied
C:\Users\megha\OneDrive\Pictures\Samsung Gallery\DCIM\Books 2.0\Screenshot_20240131_070406_TikTok.jpg,C:\Users\megha\OneDrive\Pictures\Samsung Gallery\Gallery\Books\Screenshot_20240131_070406_TikTok.jpg,Copied
C:\Users\megha\OneDrive\Pictures\Samsung Gallery\DCIM\Books 2.0\Screenshot_20240131_070520_TikTok.jpg,C:\Users\megha\OneDrive\Pictures\Samsung Gallery\Gallery\Books\Screenshot_20240131_070520_TikTok.jpg,Copied
C:\Users\megha\OneDrive\Pictures\Samsung Gallery\DCIM\Books 2.0\Screenshot_20240131_204324_TikTok.jpg,C:\Users\megha\OneDrive\Pictures\Samsung Gallery\Gallery\Books\Screenshot_20240131_204324_TikTok.jpg,Copied
C:\Users\megha\OneDrive\Pictures\Samsung Gallery\DCIM\Books 2.0\Screenshot_20240131_204328_TikTok.jpg,C:\Users\megha\OneDrive\Pictures\Samsung Gallery\Gallery\Books\Screenshot_20240131_204328_TikTok.jpg,Copied
C:\Users\megha\OneDrive\Pictures\Samsung Gallery\DCIM\Books 2.0\Screenshot_20240131_204332_TikTok.jpg,C:\Users\megha\OneDrive\Pictures\Samsung Gallery\Gallery\Books\Screenshot_20240131_204332_TikTok.jpg,Copied
C:\Users\megha\OneDrive\Pictures\Samsung Gallery\DCIM\Books 2.0\Screenshot_20240131_204724_TikTok.jpg,C:\Users\megha\OneDrive\Pictures\Samsung Gallery\Gallery\Books\Screenshot_20240131_204724_TikTok.jpg,Copied
C:\Users\megha\OneDrive\Pictures\Samsung Gallery\DCIM\Books 2.0\Screenshot_20240131_204725_TikTok.jpg,C:\Users\megha\OneDrive\Pictures\Samsung Gallery\Gallery\Books\Screenshot_20240131_204725_TikTok.jpg,Copied
C:\Users\megha\OneDrive\Pictures\Samsung Gallery\DCIM\Books 2.0\Screenshot_20240131_204727_TikTok.jpg,C:\Users\megha\OneDrive\Pictures\Samsung Gallery\Gallery\Books\Screenshot_20240131_204727_TikTok.jpg,Copied
C:\Users\megha\OneDrive\Pictures\Samsung Gallery\DCIM\Books 2.0\Screenshot_20240131_204729_TikTok.jpg,C:\Users\megha\OneDrive\Pictures\Samsung Gallery\Gallery\Books\Screenshot_20240131_204729_TikTok.jpg,Copied
C:\Users\megha\OneDrive\Pictures\Samsung Gallery\DCIM\Books 2.0\Screenshot_20240131_204730_TikTok.jpg,C:\Users\megha\OneDrive\Pictures\Samsung Gallery\Gallery\Books\Screenshot_20240131_204730_TikTok.jpg,Copied
C:\Users\megha\OneDrive\Pictures\Samsung Gallery\DCIM\Books 2.0\Screenshot_20240131_204732_TikTok.jpg,C:\Users\megha\OneDrive\Pictures\Samsung Gallery\Gallery\Books\Screenshot_20240131_204732_TikTok.jpg,Copied
C:\Users\megha\OneDrive\Pictures\Samsung Gallery\DCIM\Books 2.0\Screenshot_20240131_204734_TikTok.jpg,C:\Users\megha\OneDrive\Pictures\Samsung Gallery\Gallery\Books\Screenshot_20240131_204734_TikTok.jpg,Copied
C:\Users\megha\OneDrive\Pictures\Samsung Gallery\DCIM\Books 2.0\Screenshot_20240131_205235_TikTok.jpg,C:\Users\megha\OneDrive\Pictures\Samsung Gallery\Gallery\Books\Screenshot_20240131_205235_TikTok.jpg,Copied
C:\Users\megha\OneDrive\Pictures\Samsung Gallery\DCIM\Books 2.0\Screenshot_20240131_205434_TikTok.jpg,C:\Users\megha\OneDrive\Pictures\Samsung Gallery\Gallery\Books\Screenshot_20240131_205434_TikTok.jpg,Copied
C:\Users\megha\OneDrive\Pictures\Samsung Gallery\DCIM\Books 2.0\Screenshot_20240131_205453_TikTok.jpg,C:\Users\megha\OneDrive\Pictures\Samsung Gallery\Gallery\Books\Screenshot_20240131_205453_TikTok.jpg,Copied
C:\Users\megha\OneDrive\Pictures\Samsung Gallery\DCIM\Books 2.0\Screenshot_20240131_205513_TikTok.jpg,C:\Users\megha\OneDrive\Pictures\Samsung Gallery\Gallery\Books\Screenshot_20240131_205513_TikTok.jpg,Copied
C:\Users\megha\OneDrive\Pictures\Samsung Gallery\DCIM\Books 2.0\Screenshot_20240131_210648_TikTok.jpg,C:\Users\megha\OneDrive\Pictures\Samsung Gallery\Gallery\Books\Screenshot_20240131_210648_TikTok.jpg,Copied
C:\Users\megha\OneDrive\Pictures\Samsung Gallery\DCIM\Books 2.0\Screenshot_20240131_210650_TikTok.jpg,C:\Users\megha\OneDrive\Pictures\Samsung Gallery\Gallery\Books\Screenshot_20240131_210650_TikTok.jpg,Copied
C:\Users\megha\OneDrive\Pictures\Samsung Gallery\DCIM\Books 2.0\Screenshot_20240131_210654_TikTok.jpg,C:\Users\megha\OneDrive\Pictures\Samsung Gallery\Gallery\Books\Screenshot_20240131_210654_TikTok.jpg,Copied
C:\Users\megha\OneDrive\Pictures\Samsung Gallery\DCIM\Books 2.0\Screenshot_20240201_160526_Facebook.jpg,C:\Users\megha\OneDrive\Pictures\Samsung Gallery\Gallery\Books\Screenshot_20240201_160526_Facebook.jpg,Copied
C:\Users\megha\OneDrive\Pictures\Samsung Gallery\DCIM\Books 2.0\Screenshot_20240201_201004_TikTok.jpg,C:\Users\megha\OneDrive\Pictures\Samsung Gallery\Gallery\Books\Screenshot_20240201_201004_TikTok.jpg,Copied
C:\Users\megha\OneDrive\Pictures\Samsung Gallery\DCIM\Books 2.0\Screenshot_20240201_201010_TikTok.jpg,C:\Users\megha\OneDrive\Pictures\Samsung Gallery\Gallery\Books\Screenshot_20240201_201010_TikTok.jpg,Copied
C:\Users\megha\OneDrive\Pictures\Samsung Gallery\DCIM\Books 2.0\Screenshot_20240330_223141_TikTok.jpg,C:\Users\megha\OneDrive\Pictures\Samsung Gallery\Gallery\Books\Screenshot_20240330_223141_TikTok.jpg,Copied
C:\Users\megha\OneDrive\Pictures\Samsung Gallery\DCIM\Books 2.0\Screenshot_20240404_185746_Instagram.jpg,C:\Users\megha\OneDrive\Pictures\Samsung Gallery\Gallery\Books\Screenshot_20240404_185746_Instagram.jpg,Copied
C:\Users\megha\OneDrive\Pictures\Samsung Gallery\DCIM\Books 2.0\Screenshot_20240416_213051_TikTok.jpg,C:\Users\megha\OneDrive\Pictures\Samsung Gallery\Gallery\Books\Screenshot_20240416_213051_TikTok.jpg,Copied
C:\Users\megha\OneDrive\Pictures\Samsung Gallery\DCIM\Books 2.0\Screenshot_20240416_213115_TikTok.jpg,C:\Users\megha\OneDrive\Pictures\Samsung Gallery\Gallery\Books\Screenshot_20240416_213115_TikTok.jpg,Copied
C:\Users\megha\OneDrive\Pictures\Samsung Gallery\DCIM\Books 2.0\Screenshot_20240515_204155_TikTok.jpg,C:\Users\megha\OneDrive\Pictures\Samsung Gallery\Gallery\Books\Screenshot_20240515_204155_TikTok.jpg,Copied
C:\Users\megha\OneDrive\Pictures\Samsung Gallery\DCIM\Books 2.0\Screenshot_20240515_204640_TikTok.jpg,C:\Users\megha\OneDrive\Pictures\Samsung Gallery\Gallery\Books\Screenshot_20240515_204640_TikTok.jpg,Copied
C:\Users\megha\OneDrive\Pictures\Samsung Gallery\DCIM\Books 2.0\Screenshot_20240619_163553_Kindle.jpg,C:\Users\megha\OneDrive\Pictures\Samsung Gallery\Gallery\Books\Screenshot_20240619_163553_Kindle.jpg,Copied
C:\Users\megha\OneDrive\Pictures\Samsung Gallery\DCIM\Books 2.0\Screenshot_20240905_161409_Kindle.jpg,C:\Users\megha\OneDrive\Pictures\Samsung Gallery\Gallery\Books\Screenshot_20240905_161409_Kindle.jpg,Copied
C:\Users\megha\OneDrive\Pictures\Samsung Gallery\DCIM\Books 2.0\Screenshot_20241228_211620_TikTok.jpg,C:\Users\megha\OneDrive\Pictures\Samsung Gallery\Gallery\Books\Screenshot_20241228_211620_TikTok.jpg,Copied
C:\Users\megha\OneDrive\Pictures\Samsung Gallery\DCIM\Books 2.0\Screenshot_20241228_211627_TikTok_resized.jpg,C:\Users\megha\OneDrive\Pictures\Samsung Gallery\Gallery\Books\Screenshot_20241228_211627_TikTok_resized.jpg,Copied
C:\Users\megha\OneDrive\Pictures\Samsung Gallery\DCIM\Books 2.0\Screenshot_20250211_071508_Facebook.jpg,C:\Users\megha\OneDrive\Pictures\Samsung Gallery\Gallery\Books\Screenshot_20250211_071508_Facebook.jpg,Copied
C:\Users\megha\OneDrive\Pictures\Samsung Gallery\DCIM\Books 2.0\Screenshot_20250215_211836_TikTok.jpg,C:\Users\megha\OneDrive\Pictures\Samsung Gallery\Gallery\Books\Screenshot_20250215_211836_TikTok.jpg,Copied
C:\Users\megha\OneDrive\Pictures\Samsung Gallery\DCIM\Books 2.0\Screenshot_20250215_211847_TikTok.jpg,C:\Users\megha\OneDrive\Pictures\Samsung Gallery\Gallery\Books\Screenshot_20250215_211847_TikTok.jpg,Copied
C:\Users\megha\OneDrive\Pictures\Samsung Gallery\DCIM\Books 2.0\Screenshot_20250215_211849_TikTok.jpg,C:\Users\megha\OneDrive\Pictures\Samsung Gallery\Gallery\Books\Screenshot_20250215_211849_TikTok.jpg,Copied
C:\Users\megha\OneDrive\Pictures\Samsung Gallery\DCIM\Books 2.0\Screenshot_20250215_211854_TikTok.jpg,C:\Users\megha\OneDrive\Pictures\Samsung Gallery\Gallery\Books\Screenshot_20250215_211854_TikTok.jpg,Copied
C:\Users\megha\OneDrive\Pictures\Samsung Gallery\DCIM\Books 2.0\Screenshot_20250215_211857_TikTok.jpg,C:\Users\megha\OneDrive\Pictures\Samsung Gallery\Gallery\Books\Screenshot_20250215_211857_TikTok.jpg,Copied
C:\Users\megha\OneDrive\Pictures\Samsung Gallery\DCIM\Books 2.0\Screenshot_20250215_211901_TikTok.jpg,C:\Users\megha\OneDrive\Pictures\Samsung Gallery\Gallery\Books\Screenshot_20250215_211901_TikTok.jpg,Copied
C:\Users\megha\OneDrive\Pictures\Samsung Gallery\DCIM\Books 2.0\Screenshot_20250215_211903_TikTok.jpg,C:\Users\megha\OneDrive\Pictures\Samsung Gallery\Gallery\Books\Screenshot_20250215_211903_TikTok.jpg,Copied
C:\Users\megha\OneDrive\Pictures\Samsung Gallery\DCIM\Books 2.0\Screenshot_20250215_212224_TikTok.jpg,C:\Users\megha\OneDrive\Pictures\Samsung Gallery\Gallery\Books\Screenshot_20250215_212224_TikTok.jpg,Copied
C:\Users\megha\OneDrive\Pictures\Samsung Gallery\DCIM\Books 2.0\Screenshot_20250215_212227_TikTok.jpg,C:\Users\megha\OneDrive\Pictures\Samsung Gallery\Gallery\Books\Screenshot_20250215_212227_TikTok.jpg,Copied
C:\Users\megha\OneDrive\Pictures\Samsung Gallery\DCIM\Books 2.0\Screenshot_20250215_212241_TikTok.jpg,C:\Users\megha\OneDrive\Pictures\Samsung Gallery\Gallery\Books\Screenshot_20250215_212241_TikTok.jpg,Copied
C:\Users\megha\OneDrive\Pictures\Samsung Gallery\DCIM\Books 2.0\Screenshot_20250215_212250_TikTok.jpg,C:\Users\megha\OneDrive\Pictures\Samsung Gallery\Gallery\Books\Screenshot_20250215_212250_TikTok.jpg,Copied
C:\Users\megha\OneDrive\Pictures\Samsung Gallery\DCIM\Books 2.0\Screenshot_20250215_212256_TikTok.jpg,C:\Users\megha\OneDrive\Pictures\Samsung Gallery\Gallery\Books\Screenshot_20250215_212256_TikTok.jpg,Copied
C:\Users\megha\OneDrive\Pictures\Samsung Gallery\DCIM\Books 2.0\Screenshot_20250215_212308_TikTok.jpg,C:\Users\megha\OneDrive\Pictures\Samsung Gallery\Gallery\Books\Screenshot_20250215_212308_TikTok.jpg,Copied
C:\Users\megha\OneDrive\Pictures\Samsung Gallery\DCIM\Books 2.0\Screenshot_20250215_212418_TikTok.jpg,C:\Users\megha\OneDrive\Pictures\Samsung Gallery\Gallery\Books\Screenshot_20250215_212418_TikTok.jpg,Copied
C:\Users\megha\OneDrive\Pictures\Samsung Gallery\DCIM\Books 2.0\Screenshot_20250217_204138_TikTok.jpg,C:\Users\megha\OneDrive\Pictures\Samsung Gallery\Gallery\Books\Screenshot_20250217_204138_TikTok.jpg,Copied
C:\Users\megha\OneDrive\Pictures\Samsung Gallery\DCIM\Books 2.0\Screenshot_20250217_204814_TikTok.jpg,C:\Users\megha\OneDrive\Pictures\Samsung Gallery\Gallery\Books\Screenshot_20250217_204814_TikTok.jpg,Copied
C:\Users\megha\OneDrive\Pictures\Samsung Gallery\DCIM\Books 2.0\Screenshot_20250217_204816_TikTok.jpg,C:\Users\megha\OneDrive\Pictures\Samsung Gallery\Gallery\Books\Screenshot_20250217_204816_TikTok.jpg,Copied
C:\Users\megha\OneDrive\Pictures\Samsung Gallery\DCIM\Books 2.0\Screenshot_20250217_204818_TikTok.jpg,C:\Users\megha\OneDrive\Pictures\Samsung Gallery\Gallery\Books\Screenshot_20250217_204818_TikTok.jpg,Copied
C:\Users\megha\OneDrive\Pictures\Samsung Gallery\DCIM\Books 2.0\Screenshot_20250217_204819_TikTok.jpg,C:\Users\megha\OneDrive\Pictures\Samsung Gallery\Gallery\Books\Screenshot_20250217_204819_TikTok.jpg,Copied
C:\Users\megha\OneDrive\Pictures\Samsung Gallery\DCIM\Books 2.0\Screenshot_20250217_204823_TikTok.jpg,C:\Users\megha\OneDrive\Pictures\Samsung Gallery\Gallery\Books\Screenshot_20250217_204823_TikTok.jpg,Copied
C:\Users\megha\OneDrive\Pictures\Samsung Gallery\DCIM\Books 2.0\Screenshot_20250227_184224_TikTok.jpg,C:\Users\megha\OneDrive\Pictures\Samsung Gallery\Gallery\Books\Screenshot_20250227_184224_TikTok.jpg,Copied
C:\Users\megha\OneDrive\Pictures\Samsung Gallery\DCIM\Books 2.0\Screenshot_20250227_184225_TikTok.jpg,C:\Users\megha\OneDrive\Pictures\Samsung Gallery\Gallery\Books\Screenshot_20250227_184225_TikTok.jpg,Copied
C:\Users\megha\OneDrive\Pictures\Samsung Gallery\DCIM\Books 2.0\Screenshot_20250227_184227_TikTok.jpg,C:\Users\megha\OneDrive\Pictures\Samsung Gallery\Gallery\Books\Screenshot_20250227_184227_TikTok.jpg,Copied
C:\Users\megha\OneDrive\Pictures\Samsung Gallery\DCIM\Books 2.0\Screenshot_20250227_184228_TikTok.jpg,C:\Users\megha\OneDrive\Pictures\Samsung Gallery\Gallery\Books\Screenshot_20250227_184228_TikTok.jpg,Copied
C:\Users\megha\OneDrive\Pictures\Samsung Gallery\DCIM\Books 2.0\Screenshot_20250227_184230_TikTok.jpg,C:\Users\megha\OneDrive\Pictures\Samsung Gallery\Gallery\Books\Screenshot_20250227_184230_TikTok.jpg,Copied
C:\Users\megha\OneDrive\Pictures\Samsung Gallery\DCIM\Books 2.0\Screenshot_20250316_195923_TikTok.jpg,C:\Users\megha\OneDrive\Pictures\Samsung Gallery\Gallery\Books\Screenshot_20250316_195923_TikTok.jpg,Copied
C:\Users\megha\OneDrive\Pictures\Samsung Gallery\DCIM\Books 2.0\Screenshot_20250316_195925_TikTok.jpg,C:\Users\megha\OneDrive\Pictures\Samsung Gallery\Gallery\Books\Screenshot_20250316_195925_TikTok.jpg,Copied
C:\Users\megha\OneDrive\Pictures\Samsung Gallery\DCIM\Books 2.0\Screenshot_20250316_195928_TikTok.jpg,C:\Users\megha\OneDrive\Pictures\Samsung Gallery\Gallery\Books\Screenshot_20250316_195928_TikTok.jpg,Copied
C:\Users\megha\OneDrive\Pictures\Samsung Gallery\DCIM\Books 2.0\Screenshot_20250316_195930_TikTok.jpg,C:\Users\megha\OneDrive\Pictures\Samsung Gallery\Gallery\Books\Screenshot_20250316_195930_TikTok.jpg,Copied
C:\Users\megha\OneDrive\Pictures\Samsung Gallery\DCIM\Books 2.0\Screenshot_20250318_180255_TikTok.jpg,C:\Users\megha\OneDrive\Pictures\Samsung Gallery\Gallery\Books\Screenshot_20250318_180255_TikTok.jpg,Copied
C:\Users\megha\OneDrive\Pictures\Samsung Gallery\DCIM\Books 2.0\Screenshot_20250318_180307_TikTok.jpg,C:\Users\megha\OneDrive\Pictures\Samsung Gallery\Gallery\Books\Screenshot_20250318_180307_TikTok.jpg,Copied
C:\Users\megha\OneDrive\Pictures\Samsung Gallery\DCIM\Books 2.0\Screenshot_20250319_140857_TikTok.jpg,C:\Users\megha\OneDrive\Pictures\Samsung Gallery\Gallery\Books\Screenshot_20250319_140857_TikTok.jpg,Copied
C:\Users\megha\OneDrive\Pictures\Samsung Gallery\DCIM\Books 2.0\Screenshot_20250319_140920_TikTok.jpg,C:\Users\megha\OneDrive\Pictures\Samsung Gallery\Gallery\Books\Screenshot_20250319_140920_TikTok.jpg,Copied
C:\Users\megha\OneDrive\Pictures\Samsung Gallery\DCIM\Books 2.0\Screenshot_20250319_140950_TikTok.jpg,C:\Users\megha\OneDrive\Pictures\Samsung Gallery\Gallery\Books\Screenshot_20250319_140950_TikTok.jpg,Copied
C:\Users\megha\OneDrive\Pictures\Samsung Gallery\DCIM\Books 2.0\Screenshot_20250319_141000_TikTok.jpg,C:\Users\megha\OneDrive\Pictures\Samsung Gallery\Gallery\Books\Screenshot_20250319_141000_TikTok.jpg,Copied
C:\Users\megha\OneDrive\Pictures\Samsung Gallery\DCIM\Books 2.0\Screenshot_20250319_141035_TikTok.jpg,C:\Users\megha\OneDrive\Pictures\Samsung Gallery\Gallery\Books\Screenshot_20250319_141035_TikTok.jpg,Copied
C:\Users\megha\OneDrive\Pictures\Samsung Gallery\DCIM\Books 2.0\Screenshot_20250321_212412_TikTok.jpg,C:\Users\megha\OneDrive\Pictures\Samsung Gallery\Gallery\Books\Screenshot_20250321_212412_TikTok.jpg,Copied
C:\Users\megha\OneDrive\Pictures\Samsung Gallery\DCIM\Books 2.0\Screenshot_20250323_094620_TikTok.jpg,C:\Users\megha\OneDrive\Pictures\Samsung Gallery\Gallery\Books\Screenshot_20250323_094620_TikTok.jpg,Copied
C:\Users\megha\OneDrive\Pictures\Samsung Gallery\DCIM\Books 2.0\Screenshot_20250323_094624_TikTok.jpg,C:\Users\megha\OneDrive\Pictures\Samsung Gallery\Gallery\Books\Screenshot_20250323_094624_TikTok.jpg,Copied
C:\Users\megha\OneDrive\Pictures\Samsung Gallery\DCIM\Books 2.0\Screenshot_20250323_094628_TikTok.jpg,C:\Users\megha\OneDrive\Pictures\Samsung Gallery\Gallery\Books\Screenshot_20250323_094628_TikTok.jpg,Copied
C:\Users\megha\OneDrive\Pictures\Samsung Gallery\DCIM\Books 2.0\Screenshot_20250323_094632_TikTok.jpg,C:\Users\megha\OneDrive\Pictures\Samsung Gallery\Gallery\Books\Screenshot_20250323_094632_TikTok.jpg,Copied
C:\Users\megha\OneDrive\Pictures\Samsung Gallery\DCIM\Books 2.0\Screenshot_20250323_095021_TikTok.jpg,C:\Users\megha\OneDrive\Pictures\Samsung Gallery\Gallery\Books\Screenshot_20250323_095021_TikTok.jpg,Copied
C:\Users\megha\OneDrive\Pictures\Samsung Gallery\DCIM\Books 2.0\Screenshot_20250323_095035_TikTok.jpg,C:\Users\megha\OneDrive\Pictures\Samsung Gallery\Gallery\Books\Screenshot_20250323_095035_TikTok.jpg,Copied
C:\Users\megha\OneDrive\Pictures\Samsung Gallery\DCIM\Books 2.0\Screenshot_20250323_095048_TikTok.jpg,C:\Users\megha\OneDrive\Pictures\Samsung Gallery\Gallery\Books\Screenshot_20250323_095048_TikTok.jpg,Copied
C:\Users\megha\OneDrive\Pictures\Samsung Gallery\DCIM\Books 2.0\Screenshot_20250408_192647_TikTok.jpg,C:\Users\megha\OneDrive\Pictures\Samsung Gallery\Gallery\Books\Screenshot_20250408_192647_TikTok.jpg,Copied
C:\Users\megha\OneDrive\Pictures\Samsung Gallery\DCIM\Books 2.0\Screenshot_20250408_192742_TikTok.jpg,C:\Users\megha\OneDrive\Pictures\Samsung Gallery\Gallery\Books\Screenshot_20250408_192742_TikTok.jpg,Copied
C:\Users\megha\OneDrive\Pictures\Samsung Gallery\DCIM\Books 2.0\Screenshot_20250408_192936_TikTok.jpg,C:\Users\megha\OneDrive\Pictures\Samsung Gallery\Gallery\Books\Screenshot_20250408_192936_TikTok.jpg,Copied
C:\Users\megha\OneDrive\Pictures\Samsung Gallery\DCIM\Books 2.0\Screenshot_20250408_192941_TikTok.jpg,C:\Users\megha\OneDrive\Pictures\Samsung Gallery\Gallery\Books\Screenshot_20250408_192941_TikTok.jpg,Copied
C:\Users\megha\OneDrive\Pictures\Samsung Gallery\DCIM\Books 2.0\Screenshot_20250408_192944_TikTok.jpg,C:\Users\megha\OneDrive\Pictures\Samsung Gallery\Gallery\Books\Screenshot_20250408_192944_TikTok.jpg,Copied
C:\Users\megha\OneDrive\Pictures\Samsung Gallery\DCIM\Books 2.0\Screenshot_20250408_192947_TikTok.jpg,C:\Users\megha\OneDrive\Pictures\Samsung Gallery\Gallery\Books\Screenshot_20250408_192947_TikTok.jpg,Copied
C:\Users\megha\OneDrive\Pictures\Samsung Gallery\DCIM\Books 2.0\Screenshot_20250408_192958_TikTok.jpg,C:\Users\megha\OneDrive\Pictures\Samsung Gallery\Gallery\Books\Screenshot_20250408_192958_TikTok.jpg,Copied
C:\Users\megha\OneDrive\Pictures\Samsung Gallery\DCIM\Books 2.0\Screenshot_20250408_193001_TikTok.jpg,C:\Users\megha\OneDrive\Pictures\Samsung Gallery\Gallery\Books\Screenshot_20250408_193001_TikTok.jpg,Copied
C:\Users\megha\OneDrive\Pictures\Samsung Gallery\DCIM\Books 2.0\Screenshot_20250408_193007_TikTok.jpg,C:\Users\megha\OneDrive\Pictures\Samsung Gallery\Gallery\Books\Screenshot_20250408_193007_TikTok.jpg,Copied
C:\Users\megha\OneDrive\Pictures\Samsung Gallery\DCIM\Books 2.0\Screenshot_20250408_193009_TikTok.jpg,C:\Users\megha\OneDrive\Pictures\Samsung Gallery\Gallery\Books\Screenshot_20250408_193009_TikTok.jpg,Copied
C:\Users\megha\OneDrive\Pictures\Samsung Gallery\DCIM\Books 2.0\Screenshot_20250408_193013_TikTok.jpg,C:\Users\megha\OneDrive\Pictures\Samsung Gallery\Gallery\Books\Screenshot_20250408_193013_TikTok.jpg,Copied
C:\Users\megha\OneDrive\Pictures\Samsung Gallery\DCIM\Books 2.0\Screenshot_20250409_203130_TikTok.jpg,C:\Users\megha\OneDrive\Pictures\Samsung Gallery\Gallery\Books\Screenshot_20250409_203130_TikTok.jpg,Copied
C:\Users\megha\OneDrive\Pictures\Samsung Gallery\DCIM\Books 2.0\Screenshot_20250409_203135_TikTok.jpg,C:\Users\megha\OneDrive\Pictures\Samsung Gallery\Gallery\Books\Screenshot_20250409_203135_TikTok.jpg,Copied
C:\Users\megha\OneDrive\Pictures\Samsung Gallery\DCIM\Books 2.0\Screenshot_20250412_133106_TikTok.jpg,C:\Users\megha\OneDrive\Pictures\Samsung Gallery\Gallery\Books\Screenshot_20250412_133106_TikTok.jpg,Copied
C:\Users\megha\OneDrive\Pictures\Samsung Gallery\DCIM\Books 2.0\Screenshot_20250412_133119_TikTok.jpg,C:\Users\megha\OneDrive\Pictures\Samsung Gallery\Gallery\Books\Screenshot_20250412_133119_TikTok.jpg,Copied
C:\Users\megha\OneDrive\Pictures\Samsung Gallery\DCIM\Books 2.0\Screenshot_20250412_133128_TikTok.jpg,C:\Users\megha\OneDrive\Pictures\Samsung Gallery\Gallery\Books\Screenshot_20250412_133128_TikTok.jpg,Copied
C:\Users\megha\OneDrive\Pictures\Samsung Gallery\DCIM\Books 2.0\Screenshot_20250412_133143_TikTok.jpg,C:\Users\megha\OneDrive\Pictures\Samsung Gallery\Gallery\Books\Screenshot_20250412_133143_TikTok.jpg,Copied
C:\Users\megha\OneDrive\Pictures\Samsung Gallery\DCIM\Books 2.0\Screenshot_20250412_133151_TikTok.jpg,C:\Users\megha\OneDrive\Pictures\Samsung Gallery\Gallery\Books\Screenshot_20250412_133151_TikTok.jpg,Copied
C:\Users\megha\OneDrive\Pictures\Samsung Gallery\DCIM\Books 2.0\Screenshot_20250412_133627_TikTok.jpg,C:\Users\megha\OneDrive\Pictures\Samsung Gallery\Gallery\Books\Screenshot_20250412_133627_TikTok.jpg,Copied
C:\Users\megha\OneDrive\Pictures\Samsung Gallery\DCIM\Books 2.0\Screenshot_20250412_133629_TikTok.jpg,C:\Users\megha\OneDrive\Pictures\Samsung Gallery\Gallery\Books\Screenshot_20250412_133629_TikTok.jpg,Copied
C:\Users\megha\OneDrive\Pictures\Samsung Gallery\DCIM\Books 2.0\Screenshot_20250412_133631_TikTok.jpg,C:\Users\megha\OneDrive\Pictures\Samsung Gallery\Gallery\Books\Screenshot_20250412_133631_TikTok.jpg,Copied
C:\Users\megha\OneDrive\Pictures\Samsung Gallery\DCIM\Books 2.0\Screenshot_20250412_133634_TikTok.jpg,C:\Users\megha\OneDrive\Pictures\Samsung Gallery\Gallery\Books\Screenshot_20250412_133634_TikTok.jpg,Copied
C:\Users\megha\OneDrive\Pictures\Samsung Gallery\DCIM\Books 2.0\Screenshot_20250412_133636_TikTok.jpg,C:\Users\megha\OneDrive\Pictures\Samsung Gallery\Gallery\Books\Screenshot_20250412_133636_TikTok.jpg,Copied
C:\Users\megha\OneDrive\Pictures\Samsung Gallery\DCIM\Books 2.0\Screenshot_20250412_133640_TikTok.jpg,C:\Users\megha\OneDrive\Pictures\Samsung Gallery\Gallery\Books\Screenshot_20250412_133640_TikTok.jpg,Copied
C:\Users\megha\OneDrive\Pictures\Samsung Gallery\DCIM\Books 2.0\Screenshot_20250412_134540_TikTok.jpg,C:\Users\megha\OneDrive\Pictures\Samsung Gallery\Gallery\Books\Screenshot_20250412_134540_TikTok.jpg,Copied
C:\Users\megha\OneDrive\Pictures\Samsung Gallery\DCIM\Books 2.0\Screenshot_20250412_154103_TikTok.jpg,C:\Users\megha\OneDrive\Pictures\Samsung Gallery\Gallery\Books\Screenshot_20250412_154103_TikTok.jpg,Copied
C:\Users\megha\OneDrive\Pictures\Samsung Gallery\DCIM\Books 2.0\Screenshot_20250416_121618_Facebook.jpg,C:\Users\megha\OneDrive\Pictures\Samsung Gallery\Gallery\Books\Screenshot_20250416_121618_Facebook.jpg,Copied
C:\Users\megha\OneDrive\Pictures\Samsung Gallery\DCIM\Books 2.0\Screenshot_20250416_121641_Facebook.jpg,C:\Users\megha\OneDrive\Pictures\Samsung Gallery\Gallery\Books\Screenshot_20250416_121641_Facebook.jpg,Copied
C:\Users\megha\OneDrive\Pictures\Samsung Gallery\DCIM\Books 2.0\Screenshot_20250416_121658_Facebook.jpg,C:\Users\megha\OneDrive\Pictures\Samsung Gallery\Gallery\Books\Screenshot_20250416_121658_Facebook.jpg,Copied
C:\Users\megha\OneDrive\Pictures\Samsung Gallery\DCIM\Books 2.0\Screenshot_20250416_172020_TikTok.jpg,C:\Users\megha\OneDrive\Pictures\Samsung Gallery\Gallery\Books\Screenshot_20250416_172020_TikTok.jpg,Copied
C:\Users\megha\OneDrive\Pictures\Samsung Gallery\DCIM\Books 2.0\Screenshot_20250416_172024_TikTok.jpg,C:\Users\megha\OneDrive\Pictures\Samsung Gallery\Gallery\Books\Screenshot_20250416_172024_TikTok.jpg,Copied
C:\Users\megha\OneDrive\Pictures\Samsung Gallery\DCIM\Books 2.0\Screenshot_20250416_172029_TikTok.jpg,C:\Users\megha\OneDrive\Pictures\Samsung Gallery\Gallery\Books\Screenshot_20250416_172029_TikTok.jpg,Copied
C:\Users\megha\OneDrive\Pictures\Samsung Gallery\DCIM\Books 2.0\Screenshot_20250416_172328_TikTok.jpg,C:\Users\megha\OneDrive\Pictures\Samsung Gallery\Gallery\Books\Screenshot_20250416_172328_TikTok.jpg,Copied
C:\Users\megha\OneDrive\Pictures\Samsung Gallery\DCIM\Books 2.0\Screenshot_20250416_172331_TikTok.jpg,C:\Users\megha\OneDrive\Pictures\Samsung Gallery\Gallery\Books\Screenshot_20250416_172331_TikTok.jpg,Copied
C:\Users\megha\OneDrive\Pictures\Samsung Gallery\DCIM\Books 2.0\Screenshot_20250416_172500_TikTok.jpg,C:\Users\megha\OneDrive\Pictures\Samsung Gallery\Gallery\Books\Screenshot_20250416_172500_TikTok.jpg,Copied
C:\Users\megha\OneDrive\Pictures\Samsung Gallery\DCIM\Books 2.0\Screenshot_20250423_073243_Facebook.jpg,C:\Users\megha\OneDrive\Pictures\Samsung Gallery\Gallery\Books\Screenshot_20250423_073243_Facebook.jpg,Copied
C:\Users\megha\OneDrive\Pictures\Samsung Gallery\DCIM\Books 2.0\Screenshot_20250425_181014_Facebook.jpg,C:\Users\megha\OneDrive\Pictures\Samsung Gallery\Gallery\Books\Screenshot_20250425_181014_Facebook.jpg,Copied
C:\Users\megha\OneDrive\Pictures\Samsung Gallery\DCIM\Books 2.0\Screenshot_20250506_073846_Facebook.jpg,C:\Users\megha\OneDrive\Pictures\Samsung Gallery\Gallery\Books\Screenshot_20250506_073846_Facebook.jpg,Copied
C:\Users\megha\OneDrive\Pictures\Samsung Gallery\DCIM\Books 2.0\Screenshot_20250512_113030_Facebook.jpg,C:\Users\megha\OneDrive\Pictures\Samsung Gallery\Gallery\Books\Screenshot_20250512_113030_Facebook.jpg,Copied
C:\Users\megha\OneDrive\Pictures\Samsung Gallery\DCIM\Books 2.0\Screenshot_20250512_113043_Facebook.jpg,C:\Users\megha\OneDrive\Pictures\Samsung Gallery\Gallery\Books\Screenshot_20250512_113043_Facebook.jpg,Copied
C:\Users\megha\OneDrive\Pictures\Samsung Gallery\DCIM\Books 2.0\Screenshot_20250512_214415_TikTok.jpg,C:\Users\megha\OneDrive\Pictures\Samsung Gallery\Gallery\Books\Screenshot_20250512_214415_TikTok.jpg,Copied
C:\Users\megha\OneDrive\Pictures\Samsung Gallery\DCIM\Books 2.0\Screenshot_20250512_214424_TikTok.jpg,C:\Users\megha\OneDrive\Pictures\Samsung Gallery\Gallery\Books\Screenshot_20250512_214424_TikTok.jpg,Copied
C:\Users\megha\OneDrive\Pictures\Samsung Gallery\DCIM\Books 2.0\Screenshot_20250512_214437_TikTok.jpg,C:\Users\megha\OneDrive\Pictures\Samsung Gallery\Gallery\Books\Screenshot_20250512_214437_TikTok.jpg,Copied
C:\Users\megha\OneDrive\Pictures\Samsung Gallery\DCIM\Books 2.0\Screenshot_20250512_214445_TikTok.jpg,C:\Users\megha\OneDrive\Pictures\Samsung Gallery\Gallery\Books\Screenshot_20250512_214445_TikTok.jpg,Copied
C:\Users\megha\OneDrive\Pictures\Samsung Gallery\DCIM\Books 2.0\Screenshot_20250512_214459_TikTok.jpg,C:\Users\megha\OneDrive\Pictures\Samsung Gallery\Gallery\Books\Screenshot_20250512_214459_TikTok.jpg,Copied
C:\Users\megha\OneDrive\Pictures\Samsung Gallery\DCIM\Books 2.0\Screenshot_20250512_215016_TikTok.jpg,C:\Users\megha\OneDrive\Pictures\Samsung Gallery\Gallery\Books\Screenshot_20250512_215016_TikTok.jpg,Copied
C:\Users\megha\OneDrive\Pictures\Samsung Gallery\DCIM\Books 2.0\Screenshot_20250512_215039_TikTok.jpg,C:\Users\megha\OneDrive\Pictures\Samsung Gallery\Gallery\Books\Screenshot_20250512_215039_TikTok.jpg,Copied
C:\Users\megha\OneDrive\Pictures\Samsung Gallery\DCIM\Books 2.0\Screenshot_20250512_215056_TikTok.jpg,C:\Users\megha\OneDrive\Pictures\Samsung Gallery\Gallery\Books\Screenshot_20250512_215056_TikTok.jpg,Copied
C:\Users\megha\OneDrive\Pictures\Samsung Gallery\DCIM\Books 2.0\Screenshot_20250512_215121_TikTok.jpg,C:\Users\megha\OneDrive\Pictures\Samsung Gallery\Gallery\Books\Screenshot_20250512_215121_TikTok.jpg,Copied
C:\Users\megha\OneDrive\Pictures\Samsung Gallery\DCIM\Books 2.0\Screenshot_20250512_215527_TikTok.jpg,C:\Users\megha\OneDrive\Pictures\Samsung Gallery\Gallery\Books\Screenshot_20250512_215527_TikTok.jpg,Copied
C:\Users\megha\OneDrive\Pictures\Samsung Gallery\DCIM\Books 2.0\Screenshot_20250512_215544_TikTok.jpg,C:\Users\megha\OneDrive\Pictures\Samsung Gallery\Gallery\Books\Screenshot_20250512_215544_TikTok.jpg,Copied
C:\Users\megha\OneDrive\Pictures\Samsung Gallery\DCIM\Books 2.0\Screenshot_20250512_215552_TikTok.jpg,C:\Users\megha\OneDrive\Pictures\Samsung Gallery\Gallery\Books\Screenshot_20250512_215552_TikTok.jpg,Copied
C:\Users\megha\OneDrive\Pictures\Samsung Gallery\DCIM\Books 2.0\Screenshot_20250512_215608_TikTok.jpg,C:\Users\megha\OneDrive\Pictures\Samsung Gallery\Gallery\Books\Screenshot_20250512_215608_TikTok.jpg,Copied
C:\Users\megha\OneDrive\Pictures\Samsung Gallery\DCIM\Books 2.0\Screenshot_20250512_221416_TikTok.jpg,C:\Users\megha\OneDrive\Pictures\Samsung Gallery\Gallery\Books\Screenshot_20250512_221416_TikTok.jpg,Copied
C:\Users\megha\OneDrive\Pictures\Samsung Gallery\DCIM\Books 2.0\Screenshot_20250512_223346_TikTok.jpg,C:\Users\megha\OneDrive\Pictures\Samsung Gallery\Gallery\Books\Screenshot_20250512_223346_TikTok.jpg,Copied
C:\Users\megha\OneDrive\Pictures\Samsung Gallery\DCIM\Books 2.0\Screenshot_20250512_223354_TikTok.jpg,C:\Users\megha\OneDrive\Pictures\Samsung Gallery\Gallery\Books\Screenshot_20250512_223354_TikTok.jpg,Copied
C:\Users\megha\OneDrive\Pictures\Samsung Gallery\DCIM\Books 2.0\Screenshot_20250512_223411_TikTok.jpg,C:\Users\megha\OneDrive\Pictures\Samsung Gallery\Gallery\Books\Screenshot_20250512_223411_TikTok.jpg,Copied
C:\Users\megha\OneDrive\Pictures\Samsung Gallery\DCIM\Books 2.0\Screenshot_20250512_223417_TikTok.jpg,C:\Users\megha\OneDrive\Pictures\Samsung Gallery\Gallery\Books\Screenshot_20250512_223417_TikTok.jpg,Copied
C:\Users\megha\OneDrive\Pictures\Samsung Gallery\DCIM\Books 2.0\Screenshot_20250512_223423_TikTok.jpg,C:\Users\megha\OneDrive\Pictures\Samsung Gallery\Gallery\Books\Screenshot_20250512_223423_TikTok.jpg,Copied
C:\Users\megha\OneDrive\Pictures\Samsung Gallery\DCIM\Books 2.0\Screenshot_20250515_214940_TikTok.jpg,C:\Users\megha\OneDrive\Pictures\Samsung Gallery\Gallery\Books\Screenshot_20250515_214940_TikTok.jpg,Copied
C:\Users\megha\OneDrive\Pictures\Samsung Gallery\DCIM\Books 2.0\Screenshot_20250515_215724_TikTok.jpg,C:\Users\megha\OneDrive\Pictures\Samsung Gallery\Gallery\Books\Screenshot_20250515_215724_TikTok.jpg,Copied
C:\Users\megha\OneDrive\Pictures\Samsung Gallery\DCIM\Books 2.0\Screenshot_20250515_215727_TikTok.jpg,C:\Users\megha\OneDrive\Pictures\Samsung Gallery\Gallery\Books\Screenshot_20250515_215727_TikTok.jpg,Copied
C:\Users\megha\OneDrive\Pictures\Samsung Gallery\DCIM\Books 2.0\Screenshot_20250515_215728_TikTok.jpg,C:\Users\megha\OneDrive\Pictures\Samsung Gallery\Gallery\Books\Screenshot_20250515_215728_TikTok.jpg,Copied
C:\Users\megha\OneDrive\Pictures\Samsung Gallery\DCIM\Books 2.0\Screenshot_20250515_215730_TikTok.jpg,C:\Users\megha\OneDrive\Pictures\Samsung Gallery\Gallery\Books\Screenshot_20250515_215730_TikTok.jpg,Copied
C:\Users\megha\OneDrive\Pictures\Samsung Gallery\DCIM\Books 2.0\Screenshot_20250515_215740_TikTok.jpg,C:\Users\megha\OneDrive\Pictures\Samsung Gallery\Gallery\Books\Screenshot_20250515_215740_TikTok.jpg,Copied
C:\Users\megha\OneDrive\Pictures\Samsung Gallery\DCIM\Books 2.0\Screenshot_20250515_220619_TikTok.jpg,C:\Users\megha\OneDrive\Pictures\Samsung Gallery\Gallery\Books\Screenshot_20250515_220619_TikTok.jpg,Copied
C:\Users\megha\OneDrive\Pictures\Samsung Gallery\DCIM\Books 2.0\Screenshot_20250515_220642_TikTok.jpg,C:\Users\megha\OneDrive\Pictures\Samsung Gallery\Gallery\Books\Screenshot_20250515_220642_TikTok.jpg,Copied
C:\Users\megha\OneDrive\Pictures\Samsung Gallery\DCIM\Books 2.0\Screenshot_20250515_220848_TikTok.jpg,C:\Users\megha\OneDrive\Pictures\Samsung Gallery\Gallery\Books\Screenshot_20250515_220848_TikTok.jpg,Copied
C:\Users\megha\OneDrive\Pictures\Samsung Gallery\DCIM\Books 2.0\Screenshot_20250516_231618_TikTok.jpg,C:\Users\megha\OneDrive\Pictures\Samsung Gallery\Gallery\Books\Screenshot_20250516_231618_TikTok.jpg,Copied
C:\Users\megha\OneDrive\Pictures\Samsung Gallery\DCIM\Books 2.0\Screenshot_20250517_224943_TikTok.jpg,C:\Users\megha\OneDrive\Pictures\Samsung Gallery\Gallery\Books\Screenshot_20250517_224943_TikTok.jpg,Copied
C:\Users\megha\OneDrive\Pictures\Samsung Gallery\DCIM\Books 2.0\Screenshot_20250523_194545_Facebook.jpg,C:\Users\megha\OneDrive\Pictures\Samsung Gallery\Gallery\Books\Screenshot_20250523_194545_Facebook.jpg,Copied
C:\Users\megha\OneDrive\Pictures\Samsung Gallery\DCIM\Books 2.0\Screenshot_20250523_194603_Facebook.jpg,C:\Users\megha\OneDrive\Pictures\Samsung Gallery\Gallery\Books\Screenshot_20250523_194603_Facebook.jpg,Copied
C:\Users\megha\OneDrive\Pictures\Samsung Gallery\DCIM\Books 2.0\Screenshot_20250608_173839_Facebook.jpg,C:\Users\megha\OneDrive\Pictures\Samsung Gallery\Gallery\Books\Screenshot_20250608_173839_Facebook.jpg,Copied
C:\Users\megha\OneDrive\Pictures\Samsung Gallery\DCIM\Books 2.0\Screenshot_20250608_173842_Facebook.jpg,C:\Users\megha\OneDrive\Pictures\Samsung Gallery\Gallery\Books\Screenshot_20250608_173842_Facebook.jpg,Copied
C:\Users\megha\OneDrive\Pictures\Samsung Gallery\DCIM\Books 2.0\Screenshot_20250608_173847_Facebook.jpg,C:\Users\megha\OneDrive\Pictures\Samsung Gallery\Gallery\Books\Screenshot_20250608_173847_Facebook.jpg,Copied
C:\Users\megha\OneDrive\Pictures\Samsung Gallery\DCIM\Books 2.0\Screenshot_20250608_173902_Facebook.jpg,C:\Users\megha\OneDrive\Pictures\Samsung Gallery\Gallery\Books\Screenshot_20250608_173902_Facebook.jpg,Copied
C:\Users\megha\OneDrive\Pictures\Samsung Gallery\DCIM\Books 2.0\Screenshot_20250608_173905_Facebook.jpg,C:\Users\megha\OneDrive\Pictures\Samsung Gallery\Gallery\Books\Screenshot_20250608_173905_Facebook.jpg,Copied
C:\Users\megha\OneDrive\Pictures\Samsung Gallery\DCIM\Books 2.0\Screenshot_20250608_173907_Facebook.jpg,C:\Users\megha\OneDrive\Pictures\Samsung Gallery\Gallery\Books\Screenshot_20250608_173907_Facebook.jpg,Copied
C:\Users\megha\OneDrive\Pictures\Samsung Gallery\DCIM\Books 2.0\Screenshot_20250608_173910_Facebook.jpg,C:\Users\megha\OneDrive\Pictures\Samsung Gallery\Gallery\Books\Screenshot_20250608_173910_Facebook.jpg,Copied
C:\Users\megha\OneDrive\Pictures\Samsung Gallery\DCIM\Books 2.0\Screenshot_20250608_173912_Facebook.jpg,C:\Users\megha\OneDrive\Pictures\Samsung Gallery\Gallery\Books\Screenshot_20250608_173912_Facebook.jpg,Copied
C:\Users\megha\OneDrive\Pictures\Samsung Gallery\DCIM\Books 2.0\Screenshot_20250608_173915_Facebook.jpg,C:\Users\megha\OneDrive\Pictures\Samsung Gallery\Gallery\Books\Screenshot_20250608_173915_Facebook.jpg,Copied
C:\Users\megha\OneDrive\Pictures\Samsung Gallery\DCIM\Books 2.0\Screenshot_20250608_173918_Facebook.jpg,C:\Users\megha\OneDrive\Pictures\Samsung Gallery\Gallery\Books\Screenshot_20250608_173918_Facebook.jpg,Copied
C:\Users\megha\OneDrive\Pictures\Samsung Gallery\DCIM\Books 2.0\Screenshot_20250608_173920_Facebook.jpg,C:\Users\megha\OneDrive\Pictures\Samsung Gallery\Gallery\Books\Screenshot_20250608_173920_Facebook.jpg,Copied
C:\Users\megha\OneDrive\Pictures\Samsung Gallery\DCIM\Books 2.0\Screenshot_20250608_174443_Facebook.jpg,C:\Users\megha\OneDrive\Pictures\Samsung Gallery\Gallery\Books\Screenshot_20250608_174443_Facebook.jpg,Copied
C:\Users\megha\OneDrive\Pictures\Samsung Gallery\DCIM\Books 2.0\Screenshot_20250608_174500_Facebook.jpg,C:\Users\megha\OneDrive\Pictures\Samsung Gallery\Gallery\Books\Screenshot_20250608_174500_Facebook.jpg,Copied
C:\Users\megha\OneDrive\Pictures\Samsung Gallery\DCIM\Books 2.0\Screenshot_20250608_174527_Facebook.jpg,C:\Users\megha\OneDrive\Pictures\Samsung Gallery\Gallery\Books\Screenshot_20250608_174527_Facebook.jpg,Copied
C:\Users\megha\OneDrive\Pictures\Samsung Gallery\DCIM\Books 2.0\Screenshot_20250608_174545_Facebook.jpg,C:\Users\megha\OneDrive\Pictures\Samsung Gallery\Gallery\Books\Screenshot_20250608_174545_Facebook.jpg,Copied
C:\Users\megha\OneDrive\Pictures\Samsung Gallery\DCIM\Books 2.0\Screenshot_20250608_204012_TikTok.jpg,C:\Users\megha\OneDrive\Pictures\Samsung Gallery\Gallery\Books\Screenshot_20250608_204012_TikTok.jpg,Copied
C:\Users\megha\OneDrive\Pictures\Samsung Gallery\DCIM\Books 2.0\Screenshot_20250608_204015_TikTok.jpg,C:\Users\megha\OneDrive\Pictures\Samsung Gallery\Gallery\Books\Screenshot_20250608_204015_TikTok.jpg,Copied
C:\Users\megha\OneDrive\Pictures\Samsung Gallery\DCIM\Books 2.0\Screenshot_20250608_204018_TikTok.jpg,C:\Users\megha\OneDrive\Pictures\Samsung Gallery\Gallery\Books\Screenshot_20250608_204018_TikTok.jpg,Copied
C:\Users\megha\OneDrive\Pictures\Samsung Gallery\DCIM\Books 2.0\Screenshot_20250608_204023_TikTok.jpg,C:\Users\megha\OneDrive\Pictures\Samsung Gallery\Gallery\Books\Screenshot_20250608_204023_TikTok.jpg,Copied
C:\Users\megha\OneDrive\Pictures\Samsung Gallery\DCIM\Books 2.0\Screenshot_20250608_204026_TikTok.jpg,C:\Users\megha\OneDrive\Pictures\Samsung Gallery\Gallery\Books\Screenshot_20250608_204026_TikTok.jpg,Copied
C:\Users\megha\OneDrive\Pictures\Samsung Gallery\DCIM\Books 2.0\Screenshot_20250609_203042_TikTok.jpg,C:\Users\megha\OneDrive\Pictures\Samsung Gallery\Gallery\Books\Screenshot_20250609_203042_TikTok.jpg,Copied
C:\Users\megha\OneDrive\Pictures\Samsung Gallery\DCIM\Books 2.0\Screenshot_20250609_203048_TikTok.jpg,C:\Users\megha\OneDrive\Pictures\Samsung Gallery\Gallery\Books\Screenshot_20250609_203048_TikTok.jpg,Copied
C:\Users\megha\OneDrive\Pictures\Samsung Gallery\DCIM\Books 2.0\Screenshot_20250609_203051_TikTok.jpg,C:\Users\megha\OneDrive\Pictures\Samsung Gallery\Gallery\Books\Screenshot_20250609_203051_TikTok.jpg,Copied
C:\Users\megha\OneDrive\Pictures\Samsung Gallery\DCIM\Books 2.0\Screenshot_20250611_202616_Facebook.jpg,C:\Users\megha\OneDrive\Pictures\Samsung Gallery\Gallery\Books\Screenshot_20250611_202616_Facebook.jpg,Copied
C:\Users\megha\OneDrive\Pictures\Samsung Gallery\DCIM\Books 2.0\Screenshot_20250611_202739_Facebook.jpg,C:\Users\megha\OneDrive\Pictures\Samsung Gallery\Gallery\Books\Screenshot_20250611_202739_Facebook.jpg,Copied
C:\Users\megha\OneDrive\Pictures\Samsung Gallery\DCIM\Books 2.0\Screenshot_20250612_203251_TikTok.jpg,C:\Users\megha\OneDrive\Pictures\Samsung Gallery\Gallery\Books\Screenshot_20250612_203251_TikTok.jpg,Copied
C:\Users\megha\OneDrive\Pictures\Samsung Gallery\DCIM\Books 2.0\Screenshot_20250612_203303_TikTok.jpg,C:\Users\megha\OneDrive\Pictures\Samsung Gallery\Gallery\Books\Screenshot_20250612_203303_TikTok.jpg,Copied
C:\Users\megha\OneDrive\Pictures\Samsung Gallery\DCIM\Books 2.0\Screenshot_20250612_203624_TikTok.jpg,C:\Users\megha\OneDrive\Pictures\Samsung Gallery\Gallery\Books\Screenshot_20250612_203624_TikTok.jpg,Copied
C:\Users\megha\OneDrive\Pictures\Samsung Gallery\DCIM\Books 2.0\Screenshot_20250612_203625_TikTok.jpg,C:\Users\megha\OneDrive\Pictures\Samsung Gallery\Gallery\Books\Screenshot_20250612_203625_TikTok.jpg,Copied
C:\Users\megha\OneDrive\Pictures\Samsung Gallery\DCIM\Books 2.0\Screenshot_20250612_203628_TikTok.jpg,C:\Users\megha\OneDrive\Pictures\Samsung Gallery\Gallery\Books\Screenshot_20250612_203628_TikTok.jpg,Copied
C:\Users\megha\OneDrive\Pictures\Samsung Gallery\DCIM\Books 2.0\Screenshot_20250612_203631_TikTok.jpg,C:\Users\megha\OneDrive\Pictures\Samsung Gallery\Gallery\Books\Screenshot_20250612_203631_TikTok.jpg,Copied
C:\Users\megha\OneDrive\Pictures\Samsung Gallery\DCIM\Books 2.0\Screenshot_20250612_203636_TikTok.jpg,C:\Users\megha\OneDrive\Pictures\Samsung Gallery\Gallery\Books\Screenshot_20250612_203636_TikTok.jpg,Copied
C:\Users\megha\OneDrive\Pictures\Samsung Gallery\DCIM\Books 2.0\Screenshot_20250612_203842_TikTok.jpg,C:\Users\megha\OneDrive\Pictures\Samsung Gallery\Gallery\Books\Screenshot_20250612_203842_TikTok.jpg,Copied
C:\Users\megha\OneDrive\Pictures\Samsung Gallery\DCIM\Books 2.0\Screenshot_20250612_203845_TikTok.jpg,C:\Users\megha\OneDrive\Pictures\Samsung Gallery\Gallery\Books\Screenshot_20250612_203845_TikTok.jpg,Copied
C:\Users\megha\OneDrive\Pictures\Samsung Gallery\DCIM\Books 2.0\Screenshot_20250612_203848_TikTok.jpg,C:\Users\megha\OneDrive\Pictures\Samsung Gallery\Gallery\Books\Screenshot_20250612_203848_TikTok.jpg,Copied
C:\Users\megha\OneDrive\Pictures\Samsung Gallery\DCIM\Books 2.0\Screenshot_20250612_203850_TikTok.jpg,C:\Users\megha\OneDrive\Pictures\Samsung Gallery\Gallery\Books\Screenshot_20250612_203850_TikTok.jpg,Copied
C:\Users\megha\OneDrive\Pictures\Samsung Gallery\DCIM\Books 2.0\Screenshot_20250612_203852_TikTok.jpg,C:\Users\megha\OneDrive\Pictures\Samsung Gallery\Gallery\Books\Screenshot_20250612_203852_TikTok.jpg,Copied
C:\Users\megha\OneDrive\Pictures\Samsung Gallery\DCIM\Books 2.0\Screenshot_20250612_203856_TikTok.jpg,C:\Users\megha\OneDrive\Pictures\Samsung Gallery\Gallery\Books\Screenshot_20250612_203856_TikTok.jpg,Copied
C:\Users\megha\OneDrive\Pictures\Samsung Gallery\DCIM\Books 2.0\Screenshot_20250614_181543_TikTok.jpg,C:\Users\megha\OneDrive\Pictures\Samsung Gallery\Gallery\Books\Screenshot_20250614_181543_TikTok.jpg,Copied
C:\Users\megha\OneDrive\Pictures\Samsung Gallery\DCIM\Books 2.0\Screenshot_20250614_181601_TikTok.jpg,C:\Users\megha\OneDrive\Pictures\Samsung Gallery\Gallery\Books\Screenshot_20250614_181601_TikTok.jpg,Copied
C:\Users\megha\OneDrive\Pictures\Samsung Gallery\DCIM\Books 2.0\Screenshot_20250614_220851_TikTok.jpg,C:\Users\megha\OneDrive\Pictures\Samsung Gallery\Gallery\Books\Screenshot_20250614_220851_TikTok.jpg,Copied
C:\Users\megha\OneDrive\Pictures\Samsung Gallery\DCIM\Books 2.0\Screenshot_20250614_222231_TikTok.jpg,C:\Users\megha\OneDrive\Pictures\Samsung Gallery\Gallery\Books\Screenshot_20250614_222231_TikTok.jpg,Copied
C:\Users\megha\OneDrive\Pictures\Samsung Gallery\DCIM\Books 2.0\Screenshot_20250614_222236_TikTok.jpg,C:\Users\megha\OneDrive\Pictures\Samsung Gallery\Gallery\Books\Screenshot_20250614_222236_TikTok.jpg,Copied
C:\Users\megha\OneDrive\Pictures\Samsung Gallery\DCIM\Books 2.0\Screenshot_20250614_222241_TikTok.jpg,C:\Users\megha\OneDrive\Pictures\Samsung Gallery\Gallery\Books\Screenshot_20250614_222241_TikTok.jpg,Copied
C:\Users\megha\OneDrive\Pictures\Samsung Gallery\DCIM\Books 2.0\Screenshot_20250614_222246_TikTok.jpg,C:\Users\megha\OneDrive\Pictures\Samsung Gallery\Gallery\Books\Screenshot_20250614_222246_TikTok.jpg,Copied
C:\Users\megha\OneDrive\Pictures\Samsung Gallery\DCIM\Books 2.0\Screenshot_20250614_222254_TikTok.jpg,C:\Users\megha\OneDrive\Pictures\Samsung Gallery\Gallery\Books\Screenshot_20250614_222254_TikTok.jpg,Copied
C:\Users\megha\OneDrive\Pictures\Samsung Gallery\DCIM\Books 2.0\Screenshot_20250616_214235_TikTok.jpg,C:\Users\megha\OneDrive\Pictures\Samsung Gallery\Gallery\Books\Screenshot_20250616_214235_TikTok.jpg,Copied
C:\Users\megha\OneDrive\Pictures\Samsung Gallery\DCIM\Books 2.0\Screenshot_20250616_214237_TikTok.jpg,C:\Users\megha\OneDrive\Pictures\Samsung Gallery\Gallery\Books\Screenshot_20250616_214237_TikTok.jpg,Copied
C:\Users\megha\OneDrive\Pictures\Samsung Gallery\DCIM\Books 2.0\Screenshot_20250616_214239_TikTok.jpg,C:\Users\megha\OneDrive\Pictures\Samsung Gallery\Gallery\Books\Screenshot_20250616_214239_TikTok.jpg,Copied
C:\Users\megha\OneDrive\Pictures\Samsung Gallery\DCIM\Books 2.0\Screenshot_20250619_163220_Kindle.jpg,C:\Users\megha\OneDrive\Pictures\Samsung Gallery\Gallery\Books\Screenshot_20250619_163220_Kindle.jpg,Copied
C:\Users\megha\OneDrive\Pictures\Samsung Gallery\DCIM\Books 2.0\Screenshot_20250728_222336_Facebook.jpg,C:\Users\megha\OneDrive\Pictures\Samsung Gallery\Gallery\Books\Screenshot_20250728_222336_Facebook.jpg,Copied
C:\Users\megha\OneDrive\Pictures\Samsung Gallery\DCIM\Books 2.0\Screenshot_20250807_210457_TikTok.jpg,C:\Users\megha\OneDrive\Pictures\Samsung Gallery\Gallery\Books\Screenshot_20250807_210457_TikTok.jpg,Copied
C:\Users\megha\OneDrive\Pictures\Samsung Gallery\DCIM\Books 2.0\Screenshot_20250807_210601_TikTok.jpg,C:\Users\megha\OneDrive\Pictures\Samsung Gallery\Gallery\Books\Screenshot_20250807_210601_TikTok.jpg,Copied
C:\Users\megha\OneDrive\Pictures\Samsung Gallery\DCIM\Books 2.0\Screenshot_20250807_210616_TikTok.jpg,C:\Users\megha\OneDrive\Pictures\Samsung Gallery\Gallery\Books\Screenshot_20250807_210616_TikTok.jpg,Copied
C:\Users\megha\OneDrive\Pictures\Samsung Gallery\DCIM\Books 2.0\Screenshot_20250807_210621_TikTok.jpg,C:\Users\megha\OneDrive\Pictures\Samsung Gallery\Gallery\Books\Screenshot_20250807_210621_TikTok.jpg,Copied
C:\Users\megha\OneDrive\Pictures\Samsung Gallery\DCIM\Books 2.0\Screenshot_20250807_210631_TikTok.jpg,C:\Users\megha\OneDrive\Pictures\Samsung Gallery\Gallery\Books\Screenshot_20250807_210631_TikTok.jpg,Copied
C:\Users\megha\OneDrive\Pictures\Samsung Gallery\DCIM\Books 2.0\Screenshot_20250807_211024_TikTok.jpg,C:\Users\megha\OneDrive\Pictures\Samsung Gallery\Gallery\Books\Screenshot_20250807_211024_TikTok.jpg,Copied
C:\Users\megha\OneDrive\Pictures\Samsung Gallery\DCIM\Books 2.0\Screenshot_20250809_180041_TikTok.jpg,C:\Users\megha\OneDrive\Pictures\Samsung Gallery\Gallery\Books\Screenshot_20250809_180041_TikTok.jpg,Copied
C:\Users\megha\OneDrive\Pictures\Samsung Gallery\DCIM\Books 2.0\Screenshot_20250809_180059_TikTok.jpg,C:\Users\megha\OneDrive\Pictures\Samsung Gallery\Gallery\Books\Screenshot_20250809_180059_TikTok.jpg,Copied
C:\Users\megha\OneDrive\Pictures\Samsung Gallery\DCIM\Books 2.0\Screenshot_20250809_211450_TikTok.jpg,C:\Users\megha\OneDrive\Pictures\Samsung Gallery\Gallery\Books\Screenshot_20250809_211450_TikTok.jpg,Copied
C:\Users\megha\OneDrive\Pictures\Samsung Gallery\DCIM\Books 2.0\Screenshot_20250824_195202_TikTok.jpg,C:\Users\megha\OneDrive\Pictures\Samsung Gallery\Gallery\Books\Screenshot_20250824_195202_TikTok.jpg,Copied
C:\Users\megha\OneDrive\Pictures\Samsung Gallery\DCIM\Books 2.0\Screenshot_20250824_195205_TikTok.jpg,C:\Users\megha\OneDrive\Pictures\Samsung Gallery\Gallery\Books\Screenshot_20250824_195205_TikTok.jpg,Copied
C:\Users\megha\OneDrive\Pictures\Samsung Gallery\DCIM\Books 2.0\Screenshot_20250824_195213_TikTok.jpg,C:\Users\megha\OneDrive\Pictures\Samsung Gallery\Gallery\Books\Screenshot_20250824_195213_TikTok.jpg,Copied
C:\Users\megha\OneDrive\Pictures\Samsung Gallery\DCIM\Books 2.0\Screenshot_20250824_212848_TikTok.jpg,C:\Users\megha\OneDrive\Pictures\Samsung Gallery\Gallery\Books\Screenshot_20250824_212848_TikTok.jpg,Copied
C:\Users\megha\OneDrive\Pictures\Samsung Gallery\DCIM\Books 2.0\Screenshot_20250824_212851_TikTok.jpg,C:\Users\megha\OneDrive\Pictures\Samsung Gallery\Gallery\Books\Screenshot_20250824_212851_TikTok.jpg,Copied
C:\Users\megha\OneDrive\Pictures\Samsung Gallery\DCIM\Books 2.0\Screenshot_20250824_212857_TikTok.jpg,C:\Users\megha\OneDrive\Pictures\Samsung Gallery\Gallery\Books\Screenshot_20250824_212857_TikTok.jpg,Copied
C:\Users\megha\OneDrive\Pictures\Samsung Gallery\DCIM\Books 2.0\Screenshot_20250824_212903_TikTok.jpg,C:\Users\megha\OneDrive\Pictures\Samsung Gallery\Gallery\Books\Screenshot_20250824_212903_TikTok.jpg,Copied
C:\Users\megha\OneDrive\Pictures\Samsung Gallery\DCIM\Books 2.0\Screenshot_20250824_212905_TikTok.jpg,C:\Users\megha\OneDrive\Pictures\Samsung Gallery\Gallery\Books\Screenshot_20250824_212905_TikTok.jpg,Copied
C:\Users\megha\OneDrive\Pictures\Samsung Gallery\DCIM\Books 2.0\Screenshot_20250825_212220_TikTok.jpg,C:\Users\megha\OneDrive\Pictures\Samsung Gallery\Gallery\Books\Screenshot_20250825_212220_TikTok.jpg,Copied
C:\Users\megha\OneDrive\Pictures\Samsung Gallery\DCIM\Books 2.0\Screenshot_20250825_212717_TikTok.jpg,C:\Users\megha\OneDrive\Pictures\Samsung Gallery\Gallery\Books\Screenshot_20250825_212717_TikTok.jpg,Copied
C:\Users\megha\OneDrive\Pictures\Samsung Gallery\DCIM\Books 2.0\Screenshot_20250825_212722_TikTok.jpg,C:\Users\megha\OneDrive\Pictures\Samsung Gallery\Gallery\Books\Screenshot_20250825_212722_TikTok.jpg,Copied
C:\Users\megha\OneDrive\Pictures\Samsung Gallery\DCIM\Books 2.0\Screenshot_20250825_212925_TikTok.jpg,C:\Users\megha\OneDrive\Pictures\Samsung Gallery\Gallery\Books\Screenshot_20250825_212925_TikTok.jpg,Copied
C:\Users\megha\OneDrive\Pictures\Samsung Gallery\DCIM\Books 2.0\Screenshot_20250825_212929_TikTok.jpg,C:\Users\megha\OneDrive\Pictures\Samsung Gallery\Gallery\Books\Screenshot_20250825_212929_TikTok.jpg,Copied
C:\Users\megha\OneDrive\Pictures\Samsung Gallery\DCIM\Books 2.0\Screenshot_20250825_212934_TikTok.jpg,C:\Users\megha\OneDrive\Pictures\Samsung Gallery\Gallery\Books\Screenshot_20250825_212934_TikTok.jpg,Copied
C:\Users\megha\OneDrive\Pictures\Samsung Gallery\DCIM\Books 2.0\Screenshot_20250825_212938_TikTok.jpg,C:\Users\megha\OneDrive\Pictures\Samsung Gallery\Gallery\Books\Screenshot_20250825_212938_TikTok.jpg,Copied
C:\Users\megha\OneDrive\Pictures\Samsung Gallery\DCIM\Books 2.0\Screenshot_20250825_212941_TikTok.jpg,C:\Users\megha\OneDrive\Pictures\Samsung Gallery\Gallery\Books\Screenshot_20250825_212941_TikTok.jpg,Copied
C:\Users\megha\OneDrive\Pictures\Samsung Gallery\DCIM\Books 2.0\Screenshot_20250903_161441_TikTok.jpg,C:\Users\megha\OneDrive\Pictures\Samsung Gallery\Gallery\Books\Screenshot_20250903_161441_TikTok.jpg,Copied
C:\Users\megha\OneDrive\Pictures\Samsung Gallery\DCIM\Books 2.0\Screenshot_20250903_161445_TikTok.jpg,C:\Users\megha\OneDrive\Pictures\Samsung Gallery\Gallery\Books\Screenshot_20250903_161445_TikTok.jpg,Copied
C:\Users\megha\OneDrive\Pictures\Samsung Gallery\DCIM\Books 2.0\Screenshot_20250903_161458_TikTok.jpg,C:\Users\megha\OneDrive\Pictures\Samsung Gallery\Gallery\Books\Screenshot_20250903_161458_TikTok.jpg,Copied
C:\Users\megha\OneDrive\Pictures\Samsung Gallery\DCIM\Books 2.0\Screenshot_20250903_161501_TikTok.jpg,C:\Users\megha\OneDrive\Pictures\Samsung Gallery\Gallery\Books\Screenshot_20250903_161501_TikTok.jpg,Copied
C:\Users\megha\OneDrive\Pictures\Samsung Gallery\DCIM\Books 2.0\Screenshot_20250903_161505_TikTok.jpg,C:\Users\megha\OneDrive\Pictures\Samsung Gallery\Gallery\Books\Screenshot_20250903_161505_TikTok.jpg,Copied
C:\Users\megha\OneDrive\Pictures\Samsung Gallery\DCIM\Books 2.0\Screenshot_20250906_190841_TikTok.jpg,C:\Users\megha\OneDrive\Pictures\Samsung Gallery\Gallery\Books\Screenshot_20250906_190841_TikTok.jpg,Copied
C:\Users\megha\OneDrive\Pictures\Samsung Gallery\DCIM\Books 2.0\Screenshot_20250906_190854_TikTok.jpg,C:\Users\megha\OneDrive\Pictures\Samsung Gallery\Gallery\Books\Screenshot_20250906_190854_TikTok.jpg,Copied
C:\Users\megha\OneDrive\Pictures\Samsung Gallery\DCIM\Books 2.0\Screenshot_20250910_192858_Facebook.jpg,C:\Users\megha\OneDrive\Pictures\Samsung Gallery\Gallery\Books\Screenshot_20250910_192858_Facebook.jpg,Copied
C:\Users\megha\OneDrive\Pictures\Samsung Gallery\DCIM\Books 2.0\Screenshot_20250910_192913_Facebook.jpg,C:\Users\megha\OneDrive\Pictures\Samsung Gallery\Gallery\Books\Screenshot_20250910_192913_Facebook.jpg,Copied
C:\Users\megha\OneDrive\Pictures\Samsung Gallery\DCIM\Books 2.0\Screenshot_20250910_192926_Facebook.jpg,C:\Users\megha\OneDrive\Pictures\Samsung Gallery\Gallery\Books\Screenshot_20250910_192926_Facebook.jpg,Copied
C:\Users\megha\OneDrive\Pictures\Samsung Gallery\DCIM\Books 2.0\Screenshot_20250913_203059_TikTok.jpg,C:\Users\megha\OneDrive\Pictures\Samsung Gallery\Gallery\Books\Screenshot_20250913_203059_TikTok.jpg,Copied
C:\Users\megha\OneDrive\Pictures\Samsung Gallery\DCIM\Books 2.0\Screenshot_20250913_203109_TikTok.jpg,C:\Users\megha\OneDrive\Pictures\Samsung Gallery\Gallery\Books\Screenshot_20250913_203109_TikTok.jpg,Copied
C:\Users\megha\OneDrive\Pictures\Samsung Gallery\DCIM\Books 2.0\Screenshot_20250913_203118_TikTok.jpg,C:\Users\megha\OneDrive\Pictures\Samsung Gallery\Gallery\Books\Screenshot_20250913_203118_TikTok.jpg,Copied
C:\Users\megha\OneDrive\Pictures\Samsung Gallery\DCIM\Books 2.0\Screenshot_20250921_072310_TikTok.jpg,C:\Users\megha\OneDrive\Pictures\Samsung Gallery\Gallery\Books\Screenshot_20250921_072310_TikTok.jpg,Copied
C:\Users\megha\OneDrive\Pictures\Samsung Gallery\DCIM\Books 2.0\Screenshot_20250921_072325_TikTok.jpg,C:\Users\megha\OneDrive\Pictures\Samsung Gallery\Gallery\Books\Screenshot_20250921_072325_TikTok.jpg,Copied
C:\Users\megha\OneDrive\Pictures\Samsung Gallery\DCIM\Books 2.0\Screenshot_20250926_213633_TikTok.jpg,C:\Users\megha\OneDrive\Pictures\Samsung Gallery\Gallery\Books\Screenshot_20250926_213633_TikTok.jpg,Copied
C:\Users\megha\OneDrive\Pictures\Samsung Gallery\DCIM\Books 2.0\Screenshot_20250926_213653_TikTok.jpg,C:\Users\megha\OneDrive\Pictures\Samsung Gallery\Gallery\Books\Screenshot_20250926_213653_TikTok.jpg,Copied
C:\Users\megha\OneDrive\Pictures\Samsung Gallery\DCIM\Books 2.0\Screenshot_20250926_213714_TikTok.jpg,C:\Users\megha\OneDrive\Pictures\Samsung Gallery\Gallery\Books\Screenshot_20250926_213714_TikTok.jpg,Copied
C:\Users\megha\OneDrive\Pictures\Samsung Gallery\DCIM\Books 2.0\Screenshot_20251008_202207_TikTok.jpg,C:\Users\megha\OneDrive\Pictures\Samsung Gallery\Gallery\Books\Screenshot_20251008_202207_TikTok.jpg,Copied
C:\Users\megha\OneDrive\Pictures\Samsung Gallery\DCIM\Books 2.0\Screenshot_20251008_202211_TikTok.jpg,C:\Users\megha\OneDrive\Pictures\Samsung Gallery\Gallery\Books\Screenshot_20251008_202211_TikTok.jpg,Copied
C:\Users\megha\OneDrive\Pictures\Samsung Gallery\DCIM\Books 2.0\Screenshot_20251008_202213_TikTok.jpg,C:\Users\megha\OneDrive\Pictures\Samsung Gallery\Gallery\Books\Screenshot_20251008_202213_TikTok.jpg,Copied
C:\Users\megha\OneDrive\Pictures\Samsung Gallery\DCIM\Books 2.0\Screenshot_20251008_202439_TikTok.jpg,C:\Users\megha\OneDrive\Pictures\Samsung Gallery\Gallery\Books\Screenshot_20251008_202439_TikTok.jpg,Copied
C:\Users\megha\OneDrive\Pictures\Samsung Gallery\DCIM\Books 2.0\Screenshot_20251008_202452_TikTok.jpg,C:\Users\megha\OneDrive\Pictures\Samsung Gallery\Gallery\Books\Screenshot_20251008_202452_TikTok.jpg,Copied
C:\Users\megha\OneDrive\Pictures\Samsung Gallery\DCIM\Books 2.0\Screenshot_20251008_202455_TikTok.jpg,C:\Users\megha\OneDrive\Pictures\Samsung Gallery\Gallery\Books\Screenshot_20251008_202455_TikTok.jpg,Copied
C:\Users\megha\OneDrive\Pictures\Samsung Gallery\DCIM\Books 2.0\Screenshot_20251015_211711_Facebook.jpg,C:\Users\megha\OneDrive\Pictures\Samsung Gallery\Gallery\Books\Screenshot_20251015_211711_Facebook.jpg,Copied
C:\Users\megha\OneDrive\Pictures\Samsung Gallery\DCIM\Books 2.0\Screenshot_20251019_205332_TikTok.jpg,C:\Users\megha\OneDrive\Pictures\Samsung Gallery\Gallery\Books\Screenshot_20251019_205332_TikTok.jpg,Copied
C:\Users\megha\OneDrive\Pictures\Samsung Gallery\DCIM\Books 2.0\Screenshot_20251019_205343_TikTok.jpg,C:\Users\megha\OneDrive\Pictures\Samsung Gallery\Gallery\Books\Screenshot_20251019_205343_TikTok.jpg,Copied
C:\Users\megha\OneDrive\Pictures\Samsung Gallery\DCIM\Books 2.0\Screenshot_20251019_205350_TikTok.jpg,C:\Users\megha\OneDrive\Pictures\Samsung Gallery\Gallery\Books\Screenshot_20251019_205350_TikTok.jpg,Copied
C:\Users\megha\OneDrive\Pictures\Samsung Gallery\DCIM\Books 2.0\Screenshot_20251019_205422_TikTok.jpg,C:\Users\megha\OneDrive\Pictures\Samsung Gallery\Gallery\Books\Screenshot_20251019_205422_TikTok.jpg,Copied
C:\Users\megha\OneDrive\Pictures\Samsung Gallery\DCIM\Books 2.0\Screenshot_20251019_205434_TikTok.jpg,C:\Users\megha\OneDrive\Pictures\Samsung Gallery\Gallery\Books\Screenshot_20251019_205434_TikTok.jpg,Copied
C:\Users\megha\OneDrive\Pictures\Samsung Gallery\DCIM\Books 2.0\Screenshot_20251019_211735_Facebook.jpg,C:\Users\megha\OneDrive\Pictures\Samsung Gallery\Gallery\Books\Screenshot_20251019_211735_Facebook.jpg,Copied
C:\Users\megha\OneDrive\Pictures\Samsung Gallery\DCIM\Books 2.0\Screenshot_20251019_212840_Facebook.jpg,C:\Users\megha\OneDrive\Pictures\Samsung Gallery\Gallery\Books\Screenshot_20251019_212840_Facebook.jpg,Copied
C:\Users\megha\OneDrive\Pictures\Samsung Gallery\DCIM\Books 2.0\Screenshot_20251028_162830_Facebook.jpg,C:\Users\megha\OneDrive\Pictures\Samsung Gallery\Gallery\Books\Screenshot_20251028_162830_Facebook.jpg,Copied
C:\Users\megha\OneDrive\Pictures\Samsung Gallery\DCIM\Books 2.0\Screenshot_20251028_162833_Facebook.jpg,C:\Users\megha\OneDrive\Pictures\Samsung Gallery\Gallery\Books\Screenshot_20251028_162833_Facebook.jpg,Copied
C:\Users\megha\OneDrive\Pictures\Samsung Gallery\DCIM\Books 2.0\Screenshot_20251028_162836_Facebook.jpg,C:\Users\megha\OneDrive\Pictures\Samsung Gallery\Gallery\Books\Screenshot_20251028_162836_Facebook.jpg,Copied
C:\Users\megha\OneDrive\Pictures\Samsung Gallery\DCIM\Books 2.0\Screenshot_20251028_162838_Facebook.jpg,C:\Users\megha\OneDrive\Pictures\Samsung Gallery\Gallery\Books\Screenshot_20251028_162838_Facebook.jpg,Copied
C:\Users\megha\OneDrive\Pictures\Samsung Gallery\DCIM\Books 2.0\Screenshot_20251028_162840_Facebook.jpg,C:\Users\megha\OneDrive\Pictures\Samsung Gallery\Gallery\Books\Screenshot_20251028_162840_Facebook.jpg,Copied
C:\Users\megha\OneDrive\Pictures\Samsung Gallery\DCIM\Books 2.0\Screenshot_20251028_180346_Facebook.jpg,C:\Users\megha\OneDrive\Pictures\Samsung Gallery\Gallery\Books\Screenshot_20251028_180346_Facebook.jpg,Copied
C:\Users\megha\OneDrive\Pictures\Samsung Gallery\DCIM\Books 2.0\Screenshot_20251028_180347_Facebook.jpg,C:\Users\megha\OneDrive\Pictures\Samsung Gallery\Gallery\Books\Screenshot_20251028_180347_Facebook.jpg,Copied
C:\Users\megha\OneDrive\Pictures\Samsung Gallery\DCIM\Books 2.0\Screenshot_20251028_180349_Facebook.jpg,C:\Users\megha\OneDrive\Pictures\Samsung Gallery\Gallery\Books\Screenshot_20251028_180349_Facebook.jpg,Copied
C:\Users\megha\OneDrive\Pictures\Samsung Gallery\DCIM\Books 2.0\Screenshot_20251028_211718_TikTok.jpg,C:\Users\megha\OneDrive\Pictures\Samsung Gallery\Gallery\Books\Screenshot_20251028_211718_TikTok.jpg,Copied
C:\Users\megha\OneDrive\Pictures\Samsung Gallery\DCIM\Books 2.0\Screenshot_20251028_211727_TikTok.jpg,C:\Users\megha\OneDrive\Pictures\Samsung Gallery\Gallery\Books\Screenshot_20251028_211727_TikTok.jpg,Copied
C:\Users\megha\OneDrive\Pictures\Samsung Gallery\DCIM\Books 2.0\Screenshot_20251028_212002_TikTok.jpg,C:\Users\megha\OneDrive\Pictures\Samsung Gallery\Gallery\Books\Screenshot_20251028_212002_TikTok.jpg,Copied
C:\Users\megha\OneDrive\Pictures\Samsung Gallery\DCIM\Books 2.0\Screenshot_20251028_212007_TikTok.jpg,C:\Users\megha\OneDrive\Pictures\Samsung Gallery\Gallery\Books\Screenshot_20251028_212007_TikTok.jpg,Copied
C:\Users\megha\OneDrive\Pictures\Samsung Gallery\DCIM\Books 2.0\Screenshot_20251028_212013_TikTok.jpg,C:\Users\megha\OneDrive\Pictures\Samsung Gallery\Gallery\Books\Screenshot_20251028_212013_TikTok.jpg,Copied
C:\Users\megha\OneDrive\Pictures\Samsung Gallery\DCIM\Books 2.0\Screenshot_20251031_100343_Facebook.jpg,C:\Users\megha\OneDrive\Pictures\Samsung Gallery\Gallery\Books\Screenshot_20251031_100343_Facebook.jpg,Copied
C:\Users\megha\OneDrive\Pictures\Samsung Gallery\DCIM\Books 2.0\Screenshot_20251031_100346_Facebook.jpg,C:\Users\megha\OneDrive\Pictures\Samsung Gallery\Gallery\Books\Screenshot_20251031_100346_Facebook.jpg,Copied
C:\Users\megha\OneDrive\Pictures\Samsung Gallery\DCIM\Books 2.0\Screenshot_20251031_100350_Facebook.jpg,C:\Users\megha\OneDrive\Pictures\Samsung Gallery\Gallery\Books\Screenshot_20251031_100350_Facebook.jpg,Copied
C:\Users\megha\OneDrive\Pictures\Samsung Gallery\DCIM\Books 2.0\Screenshot_20251102_103204_Facebook.jpg,C:\Users\megha\OneDrive\Pictures\Samsung Gallery\Gallery\Books\Screenshot_20251102_103204_Facebook.jpg,Copied
C:\Users\megha\OneDrive\Pictures\Samsung Gallery\DCIM\Books 2.0\Screenshot_20251106_202231_TikTok.jpg,C:\Users\megha\OneDrive\Pictures\Samsung Gallery\Gallery\Books\Screenshot_20251106_202231_TikTok.jpg,Copied
C:\Users\megha\OneDrive\Pictures\Samsung Gallery\DCIM\Books 2.0\Screenshot_20251201_205109_TikTok.jpg,C:\Users\megha\OneDrive\Pictures\Samsung Gallery\Gallery\Books\Screenshot_20251201_205109_TikTok.jpg,Copied
C:\Users\megha\OneDrive\Pictures\Samsung Gallery\DCIM\Books 2.0\Screenshot_20251226_135155_Facebook.jpg,C:\Users\megha\OneDrive\Pictures\Samsung Gallery\Gallery\Books\Screenshot_20251226_135155_Facebook.jpg,Copied
C:\Users\megha\OneDrive\Pictures\Samsung Gallery\DCIM\Books 2.0\Screenshot_20251228_193420_TikTok.jpg,C:\Users\megha\OneDrive\Pictures\Samsung Gallery\Gallery\Books\Screenshot_20251228_193420_TikTok.jpg,Copied
C:\Users\megha\OneDrive\Pictures\Samsung Gallery\DCIM\Books 2.0\Screenshot_20251228_193422_TikTok.jpg,C:\Users\megha\OneDrive\Pictures\Samsung Gallery\Gallery\Books\Screenshot_20251228_193422_TikTok.jpg,Copied
C:\Users\megha\OneDrive\Pictures\Samsung Gallery\DCIM\Books 2.0\Screenshot_20251228_193425_TikTok.jpg,C:\Users\megha\OneDrive\Pictures\Samsung Gallery\Gallery\Books\Screenshot_20251228_193425_TikTok.jpg,Copied
C:\Users\megha\OneDrive\Pictures\Samsung Gallery\DCIM\Books 2.0\Screenshot_20251228_193429_TikTok.jpg,C:\Users\megha\OneDrive\Pictures\Samsung Gallery\Gallery\Books\Screenshot_20251228_193429_TikTok.jpg,Copied
C:\Users\megha\OneDrive\Pictures\Samsung Gallery\DCIM\Books 2.0\Screenshot_20251228_193431_TikTok.jpg,C:\Users\megha\OneDrive\Pictures\Samsung Gallery\Gallery\Books\Screenshot_20251228_193431_TikTok.jpg,Copied
C:\Users\megha\OneDrive\Pictures\Samsung Gallery\DCIM\Books 2.0\Screenshot_20251228_193714_TikTok.jpg,C:\Users\megha\OneDrive\Pictures\Samsung Gallery\Gallery\Books\Screenshot_20251228_193714_TikTok.jpg,Copied
C:\Users\megha\OneDrive\Pictures\Samsung Gallery\DCIM\Books 2.0\Screenshot_20251228_193724_TikTok.jpg,C:\Users\megha\OneDrive\Pictures\Samsung Gallery\Gallery\Books\Screenshot_20251228_193724_TikTok.jpg,Copied
C:\Users\megha\OneDrive\Pictures\Samsung Gallery\DCIM\Books 2.0\Screenshot_20251228_193744_TikTok.jpg,C:\Users\megha\OneDrive\Pictures\Samsung Gallery\Gallery\Books\Screenshot_20251228_193744_TikTok.jpg,Copied
C:\Users\megha\OneDrive\Pictures\Samsung Gallery\DCIM\Books 2.0\Screenshot_20251228_193747_TikTok.jpg,C:\Users\megha\OneDrive\Pictures\Samsung Gallery\Gallery\Books\Screenshot_20251228_193747_TikTok.jpg,Copied
C:\Users\megha\OneDrive\Pictures\Samsung Gallery\DCIM\Books 2.0\Screenshot_20251228_193815_TikTok.jpg,C:\Users\megha\OneDrive\Pictures\Samsung Gallery\Gallery\Books\Screenshot_20251228_193815_TikTok.jpg,Copied
C:\Users\megha\OneDrive\Pictures\Samsung Gallery\DCIM\Books 2.0\Screenshot_20260118_184620_TikTok.jpg,C:\Users\megha\OneDrive\Pictures\Samsung Gallery\Gallery\Books\Screenshot_20260118_184620_TikTok.jpg,Copied
C:\Users\megha\OneDrive\Pictures\Samsung Gallery\DCIM\Books 2.0\Screenshot_20260118_184623_TikTok.jpg,C:\Users\megha\OneDrive\Pictures\Samsung Gallery\Gallery\Books\Screenshot_20260118_184623_TikTok.jpg,Copied
C:\Users\megha\OneDrive\Pictures\Samsung Gallery\DCIM\Books 2.0\Screenshot_20260118_184627_TikTok.jpg,C:\Users\megha\OneDrive\Pictures\Samsung Gallery\Gallery\Books\Screenshot_20260118_184627_TikTok.jpg,Copied
C:\Users\megha\OneDrive\Pictures\Samsung Gallery\DCIM\Books 2.0\Screenshot_20260118_184632_TikTok.jpg,C:\Users\megha\OneDrive\Pictures\Samsung Gallery\Gallery\Books\Screenshot_20260118_184632_TikTok.jpg,Copied
C:\Users\megha\OneDrive\Pictures\Samsung Gallery\DCIM\Books 2.0\Screenshot_20260118_184636_TikTok.jpg,C:\Users\megha\OneDrive\Pictures\Samsung Gallery\Gallery\Books\Screenshot_20260118_184636_TikTok.jpg,Copied
C:\Users\megha\OneDrive\Pictures\Samsung Gallery\DCIM\Books 2.0\Screenshot_20260118_184640_TikTok.jpg,C:\Users\megha\OneDrive\Pictures\Samsung Gallery\Gallery\Books\Screenshot_20260118_184640_TikTok.jpg,Copied
C:\Users\megha\OneDrive\Pictures\Samsung Gallery\DCIM\Books 2.0\Screenshot_20260118_212950_TikTok.jpg,C:\Users\megha\OneDrive\Pictures\Samsung Gallery\Gallery\Books\Screenshot_20260118_212950_TikTok.jpg,Copied
C:\Users\megha\OneDrive\Pictures\Samsung Gallery\DCIM\Books 2.0\Screenshot_20260305_215633_TikTok.jpg,C:\Users\megha\OneDrive\Pictures\Samsung Gallery\Gallery\Books\Screenshot_20260305_215633_TikTok.jpg,Copied
C:\Users\megha\OneDrive\Pictures\Samsung Gallery\DCIM\Books 2.0\Screenshot_20260305_215640_TikTok.jpg,C:\Users\megha\OneDrive\Pictures\Samsung Gallery\Gallery\Books\Screenshot_20260305_215640_TikTok.jpg,Copied
C:\Users\megha\OneDrive\Pictures\Samsung Gallery\DCIM\Books 2.0\Screenshot_20260305_215644_TikTok.jpg,C:\Users\megha\OneDrive\Pictures\Samsung Gallery\Gallery\Books\Screenshot_20260305_215644_TikTok.jpg,Copied
C:\Users\megha\OneDrive\Pictures\Samsung Gallery\DCIM\Books 2.0\FB_IMG_1765910360222.jpg,,Already existed
C:\Users\megha\OneDrive\Pictures\Samsung Gallery\DCIM\Books 2.0\Screenshot_20220706-174228_TikTok.jpg,,Already existed
C:\Users\megha\OneDrive\Pictures\Samsung Gallery\DCIM\Books 2.0\Screenshot_20251105_201301_TikTok.jpg,C:\Users\megha\OneDrive\Pictures\Samsung Gallery\Gallery\Books\Screenshot_20251105_201301_TikTok.jpg,Copied
C:\Users\megha\OneDrive\Pictures\Samsung Gallery\DCIM\Books 2.0\Screenshot_20251106_202234_TikTok.jpg,C:\Users\megha\OneDrive\Pictures\Samsung Gallery\Gallery\Books\Screenshot_20251106_202234_TikTok.jpg,Copied
C:\Users\megha\OneDrive\Pictures\Samsung Gallery\DCIM\Books 2.0\Screenshot_20251106_202238_TikTok.jpg,C:\Users\megha\OneDrive\Pictures\Samsung Gallery\Gallery\Books\Screenshot_20251106_202238_TikTok.jpg,Copied
C:\Users\megha\OneDrive\Pictures\Samsung Gallery\DCIM\Books 2.0\20150604_145359.jpg,,Already existed
C:\Users\megha\OneDrive\Pictures\Samsung Gallery\DCIM\Books 2.0\20150604_145403.jpg,,Already existed
C:\Users\megha\OneDrive\Pictures\Samsung Gallery\DCIM\Books 2.0\20150604_145416.jpg,,Already existed
C:\Users\megha\OneDrive\Pictures\Samsung Gallery\DCIM\Books 2.0\20150604_145418.jpg,,Already existed
C:\Users\megha\OneDrive\Pictures\Samsung Gallery\DCIM\Books 2.0\20150604_145526.jpg,,Already existed
C:\Users\megha\OneDrive\Pictures\Samsung Gallery\DCIM\Books 2.0\20150624_103630.jpg,,Already existed
C:\Users\megha\OneDrive\Pictures\Samsung Gallery\DCIM\Books 2.0\20150624_103633.jpg,,Already existed
C:\Users\megha\OneDrive\Pictures\Samsung Gallery\DCIM\Books 2.0\20150629_131418.jpg,,Already existed
C:\Users\megha\OneDrive\Pictures\Samsung Gallery\DCIM\Books 2.0\20150703_153613(1).jpg,,Already existed
C:\Users\megha\OneDrive\Pictures\Samsung Gallery\DCIM\Books 2.0\20150703_154449.jpg,,Already existed
C:\Users\megha\OneDrive\Pictures\Samsung Gallery\DCIM\Books 2.0\20150703_154451.jpg,,Already existed
C:\Users\megha\OneDrive\Pictures\Samsung Gallery\DCIM\Books 2.0\20151110_213518.jpg,,Already existed
C:\Users\megha\OneDrive\Pictures\Samsung Gallery\DCIM\Books 2.0\20151110_213528.jpg,,Already existed
C:\Users\megha\OneDrive\Pictures\Samsung Gallery\DCIM\Books 2.0\20151110_213536.jpg,,Already existed
C:\Users\megha\OneDrive\Pictures\Samsung Gallery\DCIM\Books 2.0\20151110_213546.jpg,,Already existed
C:\Users\megha\OneDrive\Pictures\Samsung Gallery\DCIM\Books 2.0\20151110_213602.jpg,,Already existed
C:\Users\megha\OneDrive\Pictures\Samsung Gallery\DCIM\Books 2.0\20151110_214807.jpg,,Already existed
C:\Users\megha\OneDrive\Pictures\Samsung Gallery\DCIM\Books 2.0\20151110_214813.jpg,,Already existed
C:\Users\megha\OneDrive\Pictures\Samsung Gallery\DCIM\Books 2.0\7281b038843701ff5668a91659c466df.jpg,,Already existed
C:\Users\megha\OneDrive\Pictures\Samsung Gallery\DCIM\Books 2.0\800494f067e7b06de67d3f46bc249af2.jpg,,Already existed
C:\Users\megha\OneDrive\Pictures\Samsung Gallery\DCIM\Books 2.0\b33cf103804f8775bfab99b6a6209505.jpg,,Already existed
C:\Users\megha\OneDrive\Pictures\Samsung Gallery\DCIM\Books 2.0\fbd9197de428642d431b98b23413195d.jpg,,Already existed
C:\Users\megha\OneDrive\Pictures\Samsung Gallery\DCIM\Books 2.0\FB_IMG_1697977111864.jpg,,Already existed
C:\Users\megha\OneDrive\Pictures\Samsung Gallery\DCIM\Books 2.0\FB_IMG_1697977138171.jpg,,Already existed
C:\Users\megha\OneDrive\Pictures\Samsung Gallery\DCIM\Books 2.0\FB_IMG_1698687664467.jpg,,Already existed
C:\Users\megha\OneDrive\Pictures\Samsung Gallery\DCIM\Books 2.0\FB_IMG_1703696856402.jpg,,Already existed
C:\Users\megha\OneDrive\Pictures\Samsung Gallery\DCIM\Books 2.0\FB_IMG_1704971228594.jpg,,Already existed
C:\Users\megha\OneDrive\Pictures\Samsung Gallery\DCIM\Books 2.0\FB_IMG_1706063070732.jpg,,Already existed
C:\Users\megha\OneDrive\Pictures\Samsung Gallery\DCIM\Books 2.0\FB_IMG_1706095516552.jpg,,Already existed
C:\Users\megha\OneDrive\Pictures\Samsung Gallery\DCIM\Books 2.0\FB_IMG_1761697938584.jpg,,Already existed
C:\Users\megha\OneDrive\Pictures\Samsung Gallery\DCIM\Books 2.0\FB_IMG_1762168845027.jpg,,Already existed
C:\Users\megha\OneDrive\Pictures\Samsung Gallery\DCIM\Books 2.0\FB_IMG_1762168855762.jpg,,Already existed
C:\Users\megha\OneDrive\Pictures\Samsung Gallery\DCIM\Books 2.0\FB_IMG_1765910360222.jpg,,Already existed
C:\Users\megha\OneDrive\Pictures\Samsung Gallery\DCIM\Books 2.0\FB_IMG_1770337995809.jpg,,Already existed
C:\Users\megha\OneDrive\Pictures\Samsung Gallery\DCIM\Books 2.0\IMG_3013.JPG,,Already existed
C:\Users\megha\OneDrive\Pictures\Samsung Gallery\DCIM\Books 2.0\Screenshot_20220407-212304_TikTok.jpg,,Already existed
C:\Users\megha\OneDrive\Pictures\Samsung Gallery\DCIM\Books 2.0\Screenshot_20220407-212311_TikTok.jpg,,Already existed
C:\Users\megha\OneDrive\Pictures\Samsung Gallery\DCIM\Books 2.0\Screenshot_20220407-212317_TikTok.jpg,,Already existed
C:\Users\megha\OneDrive\Pictures\Samsung Gallery\DCIM\Books 2.0\Screenshot_20220407-212320_TikTok.jpg,,Already existed
C:\Users\megha\OneDrive\Pictures\Samsung Gallery\DCIM\Books 2.0\Screenshot_20220407-212324_TikTok.jpg,,Already existed
C:\Users\megha\OneDrive\Pictures\Samsung Gallery\DCIM\Books 2.0\Screenshot_20220531-213929_TikTok.jpg,,Already existed
C:\Users\megha\OneDrive\Pictures\Samsung Gallery\DCIM\Books 2.0\Screenshot_20220615-220523_TikTok.jpg,,Already existed
C:\Users\megha\OneDrive\Pictures\Samsung Gallery\DCIM\Books 2.0\Screenshot_20220622-222129_TikTok.jpg,,Already existed
C:\Users\megha\OneDrive\Pictures\Samsung Gallery\DCIM\Books 2.0\Screenshot_20220625-214801_TikTok.jpg,,Already existed
C:\Users\megha\OneDrive\Pictures\Samsung Gallery\DCIM\Books 2.0\Screenshot_20220625-214826_TikTok.jpg,,Already existed
C:\Users\megha\OneDrive\Pictures\Samsung Gallery\DCIM\Books 2.0\Screenshot_20220704-212058_TikTok.jpg,,Already existed
C:\Users\megha\OneDrive\Pictures\Samsung Gallery\DCIM\Books 2.0\Screenshot_20220705-212544_TikTok.jpg,,Already existed
C:\Users\megha\OneDrive\Pictures\Samsung Gallery\DCIM\Books 2.0\Screenshot_20220706-174228_TikTok.jpg,,Already existed
C:\Users\megha\OneDrive\Pictures\Samsung Gallery\DCIM\Books 2.0\Screenshot_20220707-210920_TikTok.jpg,,Already existed
C:\Users\megha\OneDrive\Pictures\Samsung Gallery\DCIM\Books 2.0\Screenshot_20220710-090334_TikTok.jpg,,Already existed
C:\Users\megha\OneDrive\Pictures\Samsung Gallery\DCIM\Books 2.0\Screenshot_20220712-221800_TikTok.jpg,,Already existed
C:\Users\megha\OneDrive\Pictures\Samsung Gallery\DCIM\Books 2.0\Screenshot_20220714-063746_TikTok.jpg,,Already existed
C:\Users\megha\OneDrive\Pictures\Samsung Gallery\DCIM\Books 2.0\Screenshot_20220714-065122_TikTok.jpg,,Already existed
C:\Users\megha\OneDrive\Pictures\Samsung Gallery\DCIM\Books 2.0\Screenshot_20220714-065131_TikTok.jpg,,Already existed
C:\Users\megha\OneDrive\Pictures\Samsung Gallery\DCIM\Books 2.0\Screenshot_20220714-065135_TikTok.jpg,,Already existed
C:\Users\megha\OneDrive\Pictures\Samsung Gallery\DCIM\Books 2.0\Screenshot_20220716-150514_TikTok.jpg,,Already existed
C:\Users\megha\OneDrive\Pictures\Samsung Gallery\DCIM\Books 2.0\Screenshot_20220718-203306_TikTok.jpg,,Already existed
C:\Users\megha\OneDrive\Pictures\Samsung Gallery\DCIM\Books 2.0\Screenshot_20220718-213042_TikTok.jpg,,Already existed
C:\Users\megha\OneDrive\Pictures\Samsung Gallery\DCIM\Books 2.0\Screenshot_20220718-213049_TikTok.jpg,,Already existed
C:\Users\megha\OneDrive\Pictures\Samsung Gallery\DCIM\Books 2.0\Screenshot_20220718-213052_TikTok.jpg,,Already existed
C:\Users\megha\OneDrive\Pictures\Samsung Gallery\DCIM\Books 2.0\Screenshot_20220718-213055_TikTok.jpg,,Already existed
C:\Users\megha\OneDrive\Pictures\Samsung Gallery\DCIM\Books 2.0\Screenshot_20220718-213058_TikTok.jpg,,Already existed
C:\Users\megha\OneDrive\Pictures\Samsung Gallery\DCIM\Books 2.0\Screenshot_20220718-213100_TikTok.jpg,,Already existed
C:\Users\megha\OneDrive\Pictures\Samsung Gallery\DCIM\Books 2.0\Screenshot_20220718-213121_TikTok.jpg,,Already existed
C:\Users\megha\OneDrive\Pictures\Samsung Gallery\DCIM\Books 2.0\Screenshot_20220718-213140_TikTok.jpg,,Already existed
C:\Users\megha\OneDrive\Pictures\Samsung Gallery\DCIM\Books 2.0\Screenshot_20220814-213425_TikTok.jpg,,Already existed
C:\Users\megha\OneDrive\Pictures\Samsung Gallery\DCIM\Books 2.0\Screenshot_20220814-213430_TikTok.jpg,,Already existed
C:\Users\megha\OneDrive\Pictures\Samsung Gallery\DCIM\Books 2.0\Screenshot_20220814-213438_TikTok.jpg,,Already existed
C:\Users\megha\OneDrive\Pictures\Samsung Gallery\DCIM\Books 2.0\Screenshot_20220814-213446_TikTok.jpg,,Already existed
C:\Users\megha\OneDrive\Pictures\Samsung Gallery\DCIM\Books 2.0\Screenshot_20220827-215040_TikTok.jpg,,Already existed
C:\Users\megha\OneDrive\Pictures\Samsung Gallery\DCIM\Books 2.0\Screenshot_20220827-215057_TikTok.jpg,,Already existed
C:\Users\megha\OneDrive\Pictures\Samsung Gallery\DCIM\Books 2.0\Screenshot_20220827-215104_TikTok.jpg,,Already existed
C:\Users\megha\OneDrive\Pictures\Samsung Gallery\DCIM\Books 2.0\Screenshot_20221204_205243_TikTok.jpg,,Already existed
C:\Users\megha\OneDrive\Pictures\Samsung Gallery\DCIM\Books 2.0\Screenshot_20221231_091833_TikTok.jpg,,Already existed
C:\Users\megha\OneDrive\Pictures\Samsung Gallery\DCIM\Books 2.0\Screenshot_20221231_091841_TikTok.jpg,,Already existed
C:\Users\megha\OneDrive\Pictures\Samsung Gallery\DCIM\Books 2.0\Screenshot_20221231_091847_TikTok.jpg,,Already existed
C:\Users\megha\OneDrive\Pictures\Samsung Gallery\DCIM\Books 2.0\Screenshot_20221231_092126_TikTok.jpg,,Already existed
C:\Users\megha\OneDrive\Pictures\Samsung Gallery\DCIM\Books 2.0\Screenshot_20221231_092335_TikTok.jpg,,Already existed
C:\Users\megha\OneDrive\Pictures\Samsung Gallery\DCIM\Books 2.0\Screenshot_20221231_092341_TikTok.jpg,,Already existed
C:\Users\megha\OneDrive\Pictures\Samsung Gallery\DCIM\Books 2.0\Screenshot_20221231_092348_TikTok.jpg,,Already existed
C:\Users\megha\OneDrive\Pictures\Samsung Gallery\DCIM\Books 2.0\Screenshot_20221231_092353_TikTok.jpg,,Already existed
C:\Users\megha\OneDrive\Pictures\Samsung Gallery\DCIM\Books 2.0\Screenshot_20221231_092400_TikTok.jpg,,Already existed
C:\Users\megha\OneDrive\Pictures\Samsung Gallery\DCIM\Books 2.0\Screenshot_20221231_092452_TikTok.jpg,,Already existed
C:\Users\megha\OneDrive\Pictures\Samsung Gallery\DCIM\Books 2.0\Screenshot_20221231_092457_TikTok.jpg,,Already existed
C:\Users\megha\OneDrive\Pictures\Samsung Gallery\DCIM\Books 2.0\Screenshot_20221231_092501_TikTok.jpg,,Already existed
C:\Users\megha\OneDrive\Pictures\Samsung Gallery\DCIM\Books 2.0\Screenshot_20221231_162818_TikTok.jpg,,Already existed
C:\Users\megha\OneDrive\Pictures\Samsung Gallery\DCIM\Books 2.0\Screenshot_20221231_162828_TikTok.jpg,,Already existed
C:\Users\megha\OneDrive\Pictures\Samsung Gallery\DCIM\Books 2.0\Screenshot_20221231_162836_TikTok.jpg,,Already existed
C:\Users\megha\OneDrive\Pictures\Samsung Gallery\DCIM\Books 2.0\Screenshot_20221231_162844_TikTok.jpg,,Already existed
C:\Users\megha\OneDrive\Pictures\Samsung Gallery\DCIM\Books 2.0\Screenshot_20221231_162853_TikTok.jpg,,Already existed
C:\Users\megha\OneDrive\Pictures\Samsung Gallery\DCIM\Books 2.0\Screenshot_20230101_202529_TikTok.jpg,,Already existed
C:\Users\megha\OneDrive\Pictures\Samsung Gallery\DCIM\Books 2.0\Screenshot_20230101_203421_TikTok.jpg,,Already existed
C:\Users\megha\OneDrive\Pictures\Samsung Gallery\DCIM\Books 2.0\Screenshot_20230101_212928_TikTok.jpg,,Already existed
C:\Users\megha\OneDrive\Pictures\Samsung Gallery\DCIM\Books 2.0\Screenshot_20230120_213723_TikTok.jpg,,Already existed
C:\Users\megha\OneDrive\Pictures\Samsung Gallery\DCIM\Books 2.0\Screenshot_20230123_211514_TikTok.jpg,,Already existed
C:\Users\megha\OneDrive\Pictures\Samsung Gallery\DCIM\Books 2.0\Screenshot_20230123_211531_TikTok.jpg,,Already existed
C:\Users\megha\OneDrive\Pictures\Samsung Gallery\DCIM\Books 2.0\Screenshot_20230123_211919_TikTok.jpg,,Already existed
C:\Users\megha\OneDrive\Pictures\Samsung Gallery\DCIM\Books 2.0\Screenshot_20230123_212004_TikTok.jpg,,Already existed
C:\Users\megha\OneDrive\Pictures\Samsung Gallery\DCIM\Books 2.0\Screenshot_20230123_212107_TikTok.jpg,,Already existed
C:\Users\megha\OneDrive\Pictures\Samsung Gallery\DCIM\Books 2.0\Screenshot_20230123_212112_TikTok.jpg,,Already existed
C:\Users\megha\OneDrive\Pictures\Samsung Gallery\DCIM\Books 2.0\Screenshot_20230123_212301_TikTok.jpg,,Already existed
C:\Users\megha\OneDrive\Pictures\Samsung Gallery\DCIM\Books 2.0\Screenshot_20230123_212306_TikTok.jpg,,Already existed
C:\Users\megha\OneDrive\Pictures\Samsung Gallery\DCIM\Books 2.0\Screenshot_20230203_211737_TikTok.jpg,,Already existed
C:\Users\megha\OneDrive\Pictures\Samsung Gallery\DCIM\Books 2.0\Screenshot_20230203_211745_TikTok.jpg,,Already existed
C:\Users\megha\OneDrive\Pictures\Samsung Gallery\DCIM\Books 2.0\Screenshot_20230203_211757_TikTok.jpg,,Already existed
C:\Users\megha\OneDrive\Pictures\Samsung Gallery\DCIM\Books 2.0\Screenshot_20230203_211805_TikTok.jpg,,Already existed
C:\Users\megha\OneDrive\Pictures\Samsung Gallery\DCIM\Books 2.0\Screenshot_20230203_211811_TikTok.jpg,,Already existed
C:\Users\megha\OneDrive\Pictures\Samsung Gallery\DCIM\Books 2.0\Screenshot_20230203_211821_TikTok.jpg,,Already existed
C:\Users\megha\OneDrive\Pictures\Samsung Gallery\DCIM\Books 2.0\Screenshot_20230211_073833_TikTok.jpg,,Already existed
C:\Users\megha\OneDrive\Pictures\Samsung Gallery\DCIM\Books 2.0\Screenshot_20230221_214355_TikTok.jpg,,Already existed
C:\Users\megha\OneDrive\Pictures\Samsung Gallery\DCIM\Books 2.0\Screenshot_20230320_212836_TikTok.jpg,,Already existed
C:\Users\megha\OneDrive\Pictures\Samsung Gallery\DCIM\Books 2.0\Screenshot_20230320_212841_TikTok.jpg,,Already existed
C:\Users\megha\OneDrive\Pictures\Samsung Gallery\DCIM\Books 2.0\Screenshot_20230320_212846_TikTok.jpg,,Already existed
C:\Users\megha\OneDrive\Pictures\Samsung Gallery\DCIM\Books 2.0\Screenshot_20230320_212850_TikTok.jpg,,Already existed
C:\Users\megha\OneDrive\Pictures\Samsung Gallery\DCIM\Books 2.0\Screenshot_20230320_212853_TikTok.jpg,,Already existed
C:\Users\megha\OneDrive\Pictures\Samsung Gallery\DCIM\Books 2.0\Screenshot_20230423_212914_TikTok.jpg,,Already existed
C:\Users\megha\OneDrive\Pictures\Samsung Gallery\DCIM\Books 2.0\Screenshot_20230429_223922_TikTok.jpg,,Already existed
C:\Users\megha\OneDrive\Pictures\Samsung Gallery\DCIM\Books 2.0\Screenshot_20230429_223927_TikTok.jpg,,Already existed
C:\Users\megha\OneDrive\Pictures\Samsung Gallery\DCIM\Books 2.0\Screenshot_20230501_220928_TikTok.jpg,,Already existed
C:\Users\megha\OneDrive\Pictures\Samsung Gallery\DCIM\Books 2.0\Screenshot_20230501_220933_TikTok.jpg,,Already existed
C:\Users\megha\OneDrive\Pictures\Samsung Gallery\DCIM\Books 2.0\Screenshot_20230501_220956_TikTok.jpg,,Already existed
C:\Users\megha\OneDrive\Pictures\Samsung Gallery\DCIM\Books 2.0\Screenshot_20230501_221449_TikTok.jpg,,Already existed
C:\Users\megha\OneDrive\Pictures\Samsung Gallery\DCIM\Books 2.0\Screenshot_20230926_213539_TikTok.jpg,,Already existed
C:\Users\megha\OneDrive\Pictures\Samsung Gallery\DCIM\Books 2.0\Screenshot_20230926_213544_TikTok.jpg,,Already existed
C:\Users\megha\OneDrive\Pictures\Samsung Gallery\DCIM\Books 2.0\Screenshot_20230926_213548_TikTok.jpg,,Already existed
C:\Users\megha\OneDrive\Pictures\Samsung Gallery\DCIM\Books 2.0\Screenshot_20230926_213557_TikTok.jpg,,Already existed
C:\Users\megha\OneDrive\Pictures\Samsung Gallery\DCIM\Books 2.0\Screenshot_20230926_213559_TikTok.jpg,,Already existed
C:\Users\megha\OneDrive\Pictures\Samsung Gallery\DCIM\Books 2.0\Screenshot_20230926_213600_TikTok.jpg,,Already existed
C:\Users\megha\OneDrive\Pictures\Samsung Gallery\DCIM\Books 2.0\Screenshot_20231006_203645_Pinterest.jpg,,Already existed
C:\Users\megha\OneDrive\Pictures\Samsung Gallery\DCIM\Books 2.0\Screenshot_20231007_075053_Facebook.jpg,,Already existed
C:\Users\megha\OneDrive\Pictures\Samsung Gallery\DCIM\Books 2.0\Screenshot_20231007_075111_Facebook.jpg,,Already existed
C:\Users\megha\OneDrive\Pictures\Samsung Gallery\DCIM\Books 2.0\Screenshot_20231007_075122_Facebook.jpg,,Already existed
C:\Users\megha\OneDrive\Pictures\Samsung Gallery\DCIM\Books 2.0\Screenshot_20231007_075200_Facebook.jpg,,Already existed
C:\Users\megha\OneDrive\Pictures\Samsung Gallery\DCIM\Books 2.0\Screenshot_20231007_075210_Facebook.jpg,,Already existed
C:\Users\megha\OneDrive\Pictures\Samsung Gallery\DCIM\Books 2.0\Screenshot_20231007_075220_Facebook.jpg,,Already existed
C:\Users\megha\OneDrive\Pictures\Samsung Gallery\DCIM\Books 2.0\Screenshot_20231007_075228_Facebook.jpg,,Already existed
C:\Users\megha\OneDrive\Pictures\Samsung Gallery\DCIM\Books 2.0\Screenshot_20231007_075626_Facebook.jpg,,Already existed
C:\Users\megha\OneDrive\Pictures\Samsung Gallery\DCIM\Books 2.0\Screenshot_20231007_075632_Facebook.jpg,,Already existed
C:\Users\megha\OneDrive\Pictures\Samsung Gallery\DCIM\Books 2.0\Screenshot_20231007_075637_Facebook.jpg,,Already existed
C:\Users\megha\OneDrive\Pictures\Samsung Gallery\DCIM\Books 2.0\Screenshot_20231007_075642_Facebook.jpg,,Already existed
C:\Users\megha\OneDrive\Pictures\Samsung Gallery\DCIM\Books 2.0\Screenshot_20231007_075648_Facebook.jpg,,Already existed
C:\Users\megha\OneDrive\Pictures\Samsung Gallery\DCIM\Books 2.0\Screenshot_20231007_075652_Facebook.jpg,,Already existed
C:\Users\megha\OneDrive\Pictures\Samsung Gallery\DCIM\Books 2.0\Screenshot_20231007_075700_Facebook.jpg,,Already existed
C:\Users\megha\OneDrive\Pictures\Samsung Gallery\DCIM\Books 2.0\Screenshot_20231019_101710_Facebook.jpg,,Already existed
C:\Users\megha\OneDrive\Pictures\Samsung Gallery\DCIM\Books 2.0\Screenshot_20231019_101714_Facebook.jpg,,Already existed
C:\Users\megha\OneDrive\Pictures\Samsung Gallery\DCIM\Books 2.0\Screenshot_20231019_101718_Facebook.jpg,,Already existed
C:\Users\megha\OneDrive\Pictures\Samsung Gallery\DCIM\Books 2.0\Screenshot_20231019_101721_Facebook.jpg,,Already existed
C:\Users\megha\OneDrive\Pictures\Samsung Gallery\DCIM\Books 2.0\Screenshot_20231025_064046_Facebook.jpg,,Already existed
C:\Users\megha\OneDrive\Pictures\Samsung Gallery\DCIM\Books 2.0\Screenshot_20231025_131101_Facebook.jpg,,Already existed
C:\Users\megha\OneDrive\Pictures\Samsung Gallery\DCIM\Books 2.0\Screenshot_20231026_083344_Facebook.jpg,,Already existed
C:\Users\megha\OneDrive\Pictures\Samsung Gallery\DCIM\Books 2.0\Screenshot_20231026_083346_Facebook.jpg,,Already existed
C:\Users\megha\OneDrive\Pictures\Samsung Gallery\DCIM\Books 2.0\Screenshot_20231026_083347_Facebook.jpg,,Already existed
C:\Users\megha\OneDrive\Pictures\Samsung Gallery\DCIM\Books 2.0\Screenshot_20231028_162441_Facebook.jpg,,Already existed
C:\Users\megha\OneDrive\Pictures\Samsung Gallery\DCIM\Books 2.0\Screenshot_20231028_162448_Facebook.jpg,,Already existed
C:\Users\megha\OneDrive\Pictures\Samsung Gallery\DCIM\Books 2.0\Screenshot_20231028_162455_Facebook.jpg,,Already existed
C:\Users\megha\OneDrive\Pictures\Samsung Gallery\DCIM\Books 2.0\Screenshot_20231028_211602_Facebook.jpg,,Already existed
C:\Users\megha\OneDrive\Pictures\Samsung Gallery\DCIM\Books 2.0\Screenshot_20231028_211608_Facebook.jpg,,Already existed
C:\Users\megha\OneDrive\Pictures\Samsung Gallery\DCIM\Books 2.0\Screenshot_20231028_211612_Facebook.jpg,,Already existed
C:\Users\megha\OneDrive\Pictures\Samsung Gallery\DCIM\Books 2.0\Screenshot_20231028_211618_Facebook.jpg,,Already existed
C:\Users\megha\OneDrive\Pictures\Samsung Gallery\DCIM\Books 2.0\Screenshot_20231028_211624_Facebook.jpg,,Already existed
C:\Users\megha\OneDrive\Pictures\Samsung Gallery\DCIM\Books 2.0\Screenshot_20231030_095712_Facebook.jpg,,Already existed
C:\Users\megha\OneDrive\Pictures\Samsung Gallery\DCIM\Books 2.0\Screenshot_20231030_100532_Facebook.jpg,,Already existed
C:\Users\megha\OneDrive\Pictures\Samsung Gallery\DCIM\Books 2.0\Screenshot_20231030_100537_Facebook.jpg,,Already existed
C:\Users\megha\OneDrive\Pictures\Samsung Gallery\DCIM\Books 2.0\Screenshot_20231030_100543_Facebook.jpg,,Already existed
C:\Users\megha\OneDrive\Pictures\Samsung Gallery\DCIM\Books 2.0\Screenshot_20231030_100550_Facebook.jpg,,Already existed
C:\Users\megha\OneDrive\Pictures\Samsung Gallery\DCIM\Books 2.0\Screenshot_20231030_122633_Facebook.jpg,,Already existed
C:\Users\megha\OneDrive\Pictures\Samsung Gallery\DCIM\Books 2.0\Screenshot_20231030_122639_Facebook.jpg,,Already existed
C:\Users\megha\OneDrive\Pictures\Samsung Gallery\DCIM\Books 2.0\Screenshot_20231030_122643_Facebook.jpg,,Already existed
C:\Users\megha\OneDrive\Pictures\Samsung Gallery\DCIM\Books 2.0\Screenshot_20231030_122645_Facebook.jpg,,Already existed
C:\Users\megha\OneDrive\Pictures\Samsung Gallery\DCIM\Books 2.0\Screenshot_20231031_070528_Facebook.jpg,,Already existed
C:\Users\megha\OneDrive\Pictures\Samsung Gallery\DCIM\Books 2.0\Screenshot_20231031_070534_Facebook.jpg,,Already existed
C:\Users\megha\OneDrive\Pictures\Samsung Gallery\DCIM\Books 2.0\Screenshot_20231031_070538_Facebook.jpg,,Already existed
C:\Users\megha\OneDrive\Pictures\Samsung Gallery\DCIM\Books 2.0\Screenshot_20231031_070542_Facebook.jpg,,Already existed
C:\Users\megha\OneDrive\Pictures\Samsung Gallery\DCIM\Books 2.0\Screenshot_20231031_070546_Facebook.jpg,,Already existed
C:\Users\megha\OneDrive\Pictures\Samsung Gallery\DCIM\Books 2.0\Screenshot_20231123_070745_Facebook.jpg,,Already existed
C:\Users\megha\OneDrive\Pictures\Samsung Gallery\DCIM\Books 2.0\Screenshot_20231123_070747_Facebook.jpg,,Already existed
C:\Users\megha\OneDrive\Pictures\Samsung Gallery\DCIM\Books 2.0\Screenshot_20231123_070749_Facebook.jpg,,Already existed
C:\Users\megha\OneDrive\Pictures\Samsung Gallery\DCIM\Books 2.0\Screenshot_20231123_070751_Facebook.jpg,,Already existed
C:\Users\megha\OneDrive\Pictures\Samsung Gallery\DCIM\Books 2.0\Screenshot_20231123_070753_Facebook.jpg,,Already existed
C:\Users\megha\OneDrive\Pictures\Samsung Gallery\DCIM\Books 2.0\Screenshot_20231123_070755_Facebook.jpg,,Already existed
C:\Users\megha\OneDrive\Pictures\Samsung Gallery\DCIM\Books 2.0\Screenshot_20231123_070757_Facebook.jpg,,Already existed
C:\Users\megha\OneDrive\Pictures\Samsung Gallery\DCIM\Books 2.0\Screenshot_20231123_070759_Facebook.jpg,,Already existed
C:\Users\megha\OneDrive\Pictures\Samsung Gallery\DCIM\Books 2.0\Screenshot_20231123_070801_Facebook.jpg,,Already existed
C:\Users\megha\OneDrive\Pictures\Samsung Gallery\DCIM\Books 2.0\Screenshot_20231123_070803_Facebook.jpg,,Already existed
C:\Users\megha\OneDrive\Pictures\Samsung Gallery\DCIM\Books 2.0\Screenshot_20231123_070805_Facebook.jpg,,Already existed
C:\Users\megha\OneDrive\Pictures\Samsung Gallery\DCIM\Books 2.0\Screenshot_20231123_070807_Facebook.jpg,,Already existed
C:\Users\megha\OneDrive\Pictures\Samsung Gallery\DCIM\Books 2.0\Screenshot_20240103_103143_Facebook.jpg,,Already existed
C:\Users\megha\OneDrive\Pictures\Samsung Gallery\DCIM\Books 2.0\Screenshot_20240103_103150_Facebook.jpg,,Already existed
C:\Users\megha\OneDrive\Pictures\Samsung Gallery\DCIM\Books 2.0\Screenshot_20240104_201908_TikTok.jpg,,Already existed
C:\Users\megha\OneDrive\Pictures\Samsung Gallery\DCIM\Books 2.0\Screenshot_20240104_201916_TikTok.jpg,,Already existed
C:\Users\megha\OneDrive\Pictures\Samsung Gallery\DCIM\Books 2.0\Screenshot_20240104_201920_TikTok.jpg,,Already existed
C:\Users\megha\OneDrive\Pictures\Samsung Gallery\DCIM\Books 2.0\Screenshot_20240104_201924_TikTok.jpg,,Already existed
C:\Users\megha\OneDrive\Pictures\Samsung Gallery\DCIM\Books 2.0\Screenshot_20240105_064825_Facebook.jpg,,Already existed
C:\Users\megha\OneDrive\Pictures\Samsung Gallery\DCIM\Books 2.0\Screenshot_20240105_064834_Facebook.jpg,,Already existed
C:\Users\megha\OneDrive\Pictures\Samsung Gallery\DCIM\Books 2.0\Screenshot_20240116_204837_TikTok.jpg,,Already existed
C:\Users\megha\OneDrive\Pictures\Samsung Gallery\DCIM\Books 2.0\Screenshot_20240116_204848_TikTok.jpg,,Already existed
C:\Users\megha\OneDrive\Pictures\Samsung Gallery\DCIM\Books 2.0\Screenshot_20240116_205645_TikTok.jpg,,Already existed
C:\Users\megha\OneDrive\Pictures\Samsung Gallery\DCIM\Books 2.0\Screenshot_20240116_205647_TikTok.jpg,,Already existed
C:\Users\megha\OneDrive\Pictures\Samsung Gallery\DCIM\Books 2.0\Screenshot_20240116_205650_TikTok.jpg,,Already existed
C:\Users\megha\OneDrive\Pictures\Samsung Gallery\DCIM\Books 2.0\Screenshot_20240116_205653_TikTok.jpg,,Already existed
C:\Users\megha\OneDrive\Pictures\Samsung Gallery\DCIM\Books 2.0\Screenshot_20240116_205656_TikTok.jpg,,Already existed
C:\Users\megha\OneDrive\Pictures\Samsung Gallery\DCIM\Books 2.0\Screenshot_20240116_210635_TikTok.jpg,,Already existed
C:\Users\megha\OneDrive\Pictures\Samsung Gallery\DCIM\Books 2.0\Screenshot_20240117_085633_Facebook.jpg,,Already existed
C:\Users\megha\OneDrive\Pictures\Samsung Gallery\DCIM\Books 2.0\Screenshot_20240117_085645_Facebook.jpg,,Already existed
C:\Users\megha\OneDrive\Pictures\Samsung Gallery\DCIM\Books 2.0\Screenshot_20240117_085650_Facebook.jpg,,Already existed
C:\Users\megha\OneDrive\Pictures\Samsung Gallery\DCIM\Books 2.0\Screenshot_20240121_072717_Facebook.jpg,,Already existed
C:\Users\megha\OneDrive\Pictures\Samsung Gallery\DCIM\Books 2.0\Screenshot_20240121_072742_Facebook.jpg,,Already existed
C:\Users\megha\OneDrive\Pictures\Samsung Gallery\DCIM\Books 2.0\Screenshot_20240125_063314_Facebook.jpg,,Already existed
C:\Users\megha\OneDrive\Pictures\Samsung Gallery\DCIM\Books 2.0\Screenshot_20240125_063318_Facebook.jpg,,Already existed
C:\Users\megha\OneDrive\Pictures\Samsung Gallery\DCIM\Books 2.0\Screenshot_20240125_063322_Facebook.jpg,,Already existed
C:\Users\megha\OneDrive\Pictures\Samsung Gallery\DCIM\Books 2.0\Screenshot_20240125_063326_Facebook.jpg,,Already existed
C:\Users\megha\OneDrive\Pictures\Samsung Gallery\DCIM\Books 2.0\Screenshot_20240125_063330_Facebook.jpg,,Already existed
C:\Users\megha\OneDrive\Pictures\Samsung Gallery\DCIM\Books 2.0\Screenshot_20240125_063334_Facebook.jpg,,Already existed
C:\Users\megha\OneDrive\Pictures\Samsung Gallery\DCIM\Books 2.0\Screenshot_20240125_063338_Facebook.jpg,,Already existed
C:\Users\megha\OneDrive\Pictures\Samsung Gallery\DCIM\Books 2.0\Screenshot_20240125_063343_Facebook.jpg,,Already existed
C:\Users\megha\OneDrive\Pictures\Samsung Gallery\DCIM\Books 2.0\Screenshot_20240128_203402_Facebook.jpg,,Already existed
C:\Users\megha\OneDrive\Pictures\Samsung Gallery\DCIM\Books 2.0\Screenshot_20240128_203405_Facebook.jpg,,Already existed
C:\Users\megha\OneDrive\Pictures\Samsung Gallery\DCIM\Books 2.0\Screenshot_20240128_203408_Facebook.jpg,,Already existed
C:\Users\megha\OneDrive\Pictures\Samsung Gallery\DCIM\Books 2.0\Screenshot_20240128_203410_Facebook.jpg,,Already existed
C:\Users\megha\OneDrive\Pictures\Samsung Gallery\DCIM\Books 2.0\Screenshot_20240128_203414_Facebook.jpg,,Already existed
C:\Users\megha\OneDrive\Pictures\Samsung Gallery\DCIM\Books 2.0\Screenshot_20240128_203417_Facebook.jpg,,Already existed
C:\Users\megha\OneDrive\Pictures\Samsung Gallery\DCIM\Books 2.0\Screenshot_20240128_203420_Facebook.jpg,,Already existed
C:\Users\megha\OneDrive\Pictures\Samsung Gallery\DCIM\Books 2.0\Screenshot_20240128_203423_Facebook.jpg,,Already existed
C:\Users\megha\OneDrive\Pictures\Samsung Gallery\DCIM\Books 2.0\Screenshot_20240128_203426_Facebook.jpg,,Already existed
C:\Users\megha\OneDrive\Pictures\Samsung Gallery\DCIM\Books 2.0\Screenshot_20240128_203429_Facebook.jpg,,Already existed
C:\Users\megha\OneDrive\Pictures\Samsung Gallery\DCIM\Books 2.0\Screenshot_20240128_203432_Facebook.jpg,,Already existed
C:\Users\megha\OneDrive\Pictures\Samsung Gallery\DCIM\Books 2.0\Screenshot_20240129_060349_Facebook.jpg,,Already existed
C:\Users\megha\OneDrive\Pictures\Samsung Gallery\DCIM\Books 2.0\Screenshot_20240129_060411_Facebook.jpg,,Already existed
C:\Users\megha\OneDrive\Pictures\Samsung Gallery\DCIM\Books 2.0\Screenshot_20240129_060430_Facebook.jpg,,Already existed
C:\Users\megha\OneDrive\Pictures\Samsung Gallery\DCIM\Books 2.0\Screenshot_20240129_060453_Facebook.jpg,,Already existed
C:\Users\megha\OneDrive\Pictures\Samsung Gallery\DCIM\Books 2.0\Screenshot_20240131_065725_TikTok.jpg,,Already existed
C:\Users\megha\OneDrive\Pictures\Samsung Gallery\DCIM\Books 2.0\Screenshot_20240131_065727_TikTok.jpg,,Already existed
C:\Users\megha\OneDrive\Pictures\Samsung Gallery\DCIM\Books 2.0\Screenshot_20240131_065729_TikTok.jpg,,Already existed
C:\Users\megha\OneDrive\Pictures\Samsung Gallery\DCIM\Books 2.0\Screenshot_20240131_065731_TikTok.jpg,,Already existed
C:\Users\megha\OneDrive\Pictures\Samsung Gallery\DCIM\Books 2.0\Screenshot_20240131_065733_TikTok.jpg,,Already existed
C:\Users\megha\OneDrive\Pictures\Samsung Gallery\DCIM\Books 2.0\Screenshot_20240131_065734_TikTok.jpg,,Already existed
C:\Users\megha\OneDrive\Pictures\Samsung Gallery\DCIM\Books 2.0\Screenshot_20240131_065736_TikTok.jpg,,Already existed
C:\Users\megha\OneDrive\Pictures\Samsung Gallery\DCIM\Books 2.0\Screenshot_20240131_065738_TikTok.jpg,,Already existed
C:\Users\megha\OneDrive\Pictures\Samsung Gallery\DCIM\Books 2.0\Screenshot_20240131_065742_TikTok.jpg,,Already existed
C:\Users\megha\OneDrive\Pictures\Samsung Gallery\DCIM\Books 2.0\Screenshot_20240131_065744_TikTok.jpg,,Already existed
C:\Users\megha\OneDrive\Pictures\Samsung Gallery\DCIM\Books 2.0\Screenshot_20240131_070012_TikTok.jpg,,Already existed
C:\Users\megha\OneDrive\Pictures\Samsung Gallery\DCIM\Books 2.0\Screenshot_20240131_070047_TikTok.jpg,,Already existed
C:\Users\megha\OneDrive\Pictures\Samsung Gallery\DCIM\Books 2.0\Screenshot_20240131_070114_TikTok.jpg,,Already existed
C:\Users\megha\OneDrive\Pictures\Samsung Gallery\DCIM\Books 2.0\Screenshot_20240131_070137_TikTok.jpg,,Already existed
C:\Users\megha\OneDrive\Pictures\Samsung Gallery\DCIM\Books 2.0\Screenshot_20240131_070155_TikTok.jpg,,Already existed
C:\Users\megha\OneDrive\Pictures\Samsung Gallery\DCIM\Books 2.0\Screenshot_20240131_070229_TikTok.jpg,,Already existed
C:\Users\megha\OneDrive\Pictures\Samsung Gallery\DCIM\Books 2.0\Screenshot_20240131_070241_TikTok.jpg,,Already existed
C:\Users\megha\OneDrive\Pictures\Samsung Gallery\DCIM\Books 2.0\Screenshot_20240131_070340_TikTok.jpg,,Already existed
C:\Users\megha\OneDrive\Pictures\Samsung Gallery\DCIM\Books 2.0\Screenshot_20240131_070359_TikTok.jpg,,Already existed
C:\Users\megha\OneDrive\Pictures\Samsung Gallery\DCIM\Books 2.0\Screenshot_20240131_070401_TikTok.jpg,,Already existed
C:\Users\megha\OneDrive\Pictures\Samsung Gallery\DCIM\Books 2.0\Screenshot_20240131_070403_TikTok.jpg,,Already existed
C:\Users\megha\OneDrive\Pictures\Samsung Gallery\DCIM\Books 2.0\Screenshot_20240131_070404_TikTok.jpg,,Already existed
C:\Users\megha\OneDrive\Pictures\Samsung Gallery\DCIM\Books 2.0\Screenshot_20240131_070406_TikTok.jpg,,Already existed
C:\Users\megha\OneDrive\Pictures\Samsung Gallery\DCIM\Books 2.0\Screenshot_20240131_070520_TikTok.jpg,,Already existed
C:\Users\megha\OneDrive\Pictures\Samsung Gallery\DCIM\Books 2.0\Screenshot_20240131_204324_TikTok.jpg,,Already existed
C:\Users\megha\OneDrive\Pictures\Samsung Gallery\DCIM\Books 2.0\Screenshot_20240131_204328_TikTok.jpg,,Already existed
C:\Users\megha\OneDrive\Pictures\Samsung Gallery\DCIM\Books 2.0\Screenshot_20240131_204332_TikTok.jpg,,Already existed
C:\Users\megha\OneDrive\Pictures\Samsung Gallery\DCIM\Books 2.0\Screenshot_20240131_204724_TikTok.jpg,,Already existed
C:\Users\megha\OneDrive\Pictures\Samsung Gallery\DCIM\Books 2.0\Screenshot_20240131_204725_TikTok.jpg,,Already existed
C:\Users\megha\OneDrive\Pictures\Samsung Gallery\DCIM\Books 2.0\Screenshot_20240131_204727_TikTok.jpg,,Already existed
C:\Users\megha\OneDrive\Pictures\Samsung Gallery\DCIM\Books 2.0\Screenshot_20240131_204729_TikTok.jpg,,Already existed
C:\Users\megha\OneDrive\Pictures\Samsung Gallery\DCIM\Books 2.0\Screenshot_20240131_204730_TikTok.jpg,,Already existed
C:\Users\megha\OneDrive\Pictures\Samsung Gallery\DCIM\Books 2.0\Screenshot_20240131_204732_TikTok.jpg,,Already existed
C:\Users\megha\OneDrive\Pictures\Samsung Gallery\DCIM\Books 2.0\Screenshot_20240131_204734_TikTok.jpg,,Already existed
C:\Users\megha\OneDrive\Pictures\Samsung Gallery\DCIM\Books 2.0\Screenshot_20240131_205235_TikTok.jpg,,Already existed
C:\Users\megha\OneDrive\Pictures\Samsung Gallery\DCIM\Books 2.0\Screenshot_20240131_205434_TikTok.jpg,,Already existed
C:\Users\megha\OneDrive\Pictures\Samsung Gallery\DCIM\Books 2.0\Screenshot_20240131_205453_TikTok.jpg,,Already existed
C:\Users\megha\OneDrive\Pictures\Samsung Gallery\DCIM\Books 2.0\Screenshot_20240131_205513_TikTok.jpg,,Already existed
C:\Users\megha\OneDrive\Pictures\Samsung Gallery\DCIM\Books 2.0\Screenshot_20240131_210648_TikTok.jpg,,Already existed
C:\Users\megha\OneDrive\Pictures\Samsung Gallery\DCIM\Books 2.0\Screenshot_20240131_210650_TikTok.jpg,,Already existed
C:\Users\megha\OneDrive\Pictures\Samsung Gallery\DCIM\Books 2.0\Screenshot_20240131_210654_TikTok.jpg,,Already existed
C:\Users\megha\OneDrive\Pictures\Samsung Gallery\DCIM\Books 2.0\Screenshot_20240201_160526_Facebook.jpg,,Already existed
C:\Users\megha\OneDrive\Pictures\Samsung Gallery\DCIM\Books 2.0\Screenshot_20240201_201004_TikTok.jpg,,Already existed
C:\Users\megha\OneDrive\Pictures\Samsung Gallery\DCIM\Books 2.0\Screenshot_20240201_201010_TikTok.jpg,,Already existed
C:\Users\megha\OneDrive\Pictures\Samsung Gallery\DCIM\Books 2.0\Screenshot_20240330_223141_TikTok.jpg,,Already existed
C:\Users\megha\OneDrive\Pictures\Samsung Gallery\DCIM\Books 2.0\Screenshot_20240404_185746_Instagram.jpg,,Already existed
C:\Users\megha\OneDrive\Pictures\Samsung Gallery\DCIM\Books 2.0\Screenshot_20240416_213051_TikTok.jpg,,Already existed
C:\Users\megha\OneDrive\Pictures\Samsung Gallery\DCIM\Books 2.0\Screenshot_20240416_213115_TikTok.jpg,,Already existed
C:\Users\megha\OneDrive\Pictures\Samsung Gallery\DCIM\Books 2.0\Screenshot_20240515_204155_TikTok.jpg,,Already existed
C:\Users\megha\OneDrive\Pictures\Samsung Gallery\DCIM\Books 2.0\Screenshot_20240515_204640_TikTok.jpg,,Already existed
C:\Users\megha\OneDrive\Pictures\Samsung Gallery\DCIM\Books 2.0\Screenshot_20240619_163553_Kindle.jpg,,Already existed
C:\Users\megha\OneDrive\Pictures\Samsung Gallery\DCIM\Books 2.0\Screenshot_20240905_161409_Kindle.jpg,,Already existed
C:\Users\megha\OneDrive\Pictures\Samsung Gallery\DCIM\Books 2.0\Screenshot_20241228_211620_TikTok.jpg,,Already existed
C:\Users\megha\OneDrive\Pictures\Samsung Gallery\DCIM\Books 2.0\Screenshot_20241228_211627_TikTok_resized.jpg,,Already existed
C:\Users\megha\OneDrive\Pictures\Samsung Gallery\DCIM\Books 2.0\Screenshot_20250211_071508_Facebook.jpg,,Already existed
C:\Users\megha\OneDrive\Pictures\Samsung Gallery\DCIM\Books 2.0\Screenshot_20250215_211836_TikTok.jpg,,Already existed
C:\Users\megha\OneDrive\Pictures\Samsung Gallery\DCIM\Books 2.0\Screenshot_20250215_211847_TikTok.jpg,,Already existed
C:\Users\megha\OneDrive\Pictures\Samsung Gallery\DCIM\Books 2.0\Screenshot_20250215_211849_TikTok.jpg,,Already existed
C:\Users\megha\OneDrive\Pictures\Samsung Gallery\DCIM\Books 2.0\Screenshot_20250215_211854_TikTok.jpg,,Already existed
C:\Users\megha\OneDrive\Pictures\Samsung Gallery\DCIM\Books 2.0\Screenshot_20250215_211857_TikTok.jpg,,Already existed
C:\Users\megha\OneDrive\Pictures\Samsung Gallery\DCIM\Books 2.0\Screenshot_20250215_211901_TikTok.jpg,,Already existed
C:\Users\megha\OneDrive\Pictures\Samsung Gallery\DCIM\Books 2.0\Screenshot_20250215_211903_TikTok.jpg,,Already existed
C:\Users\megha\OneDrive\Pictures\Samsung Gallery\DCIM\Books 2.0\Screenshot_20250215_212224_TikTok.jpg,,Already existed
C:\Users\megha\OneDrive\Pictures\Samsung Gallery\DCIM\Books 2.0\Screenshot_20250215_212227_TikTok.jpg,,Already existed
C:\Users\megha\OneDrive\Pictures\Samsung Gallery\DCIM\Books 2.0\Screenshot_20250215_212241_TikTok.jpg,,Already existed
C:\Users\megha\OneDrive\Pictures\Samsung Gallery\DCIM\Books 2.0\Screenshot_20250215_212250_TikTok.jpg,,Already existed
C:\Users\megha\OneDrive\Pictures\Samsung Gallery\DCIM\Books 2.0\Screenshot_20250215_212256_TikTok.jpg,,Already existed
C:\Users\megha\OneDrive\Pictures\Samsung Gallery\DCIM\Books 2.0\Screenshot_20250215_212308_TikTok.jpg,,Already existed
C:\Users\megha\OneDrive\Pictures\Samsung Gallery\DCIM\Books 2.0\Screenshot_20250215_212418_TikTok.jpg,,Already existed
C:\Users\megha\OneDrive\Pictures\Samsung Gallery\DCIM\Books 2.0\Screenshot_20250217_204138_TikTok.jpg,,Already existed
C:\Users\megha\OneDrive\Pictures\Samsung Gallery\DCIM\Books 2.0\Screenshot_20250217_204814_TikTok.jpg,,Already existed
C:\Users\megha\OneDrive\Pictures\Samsung Gallery\DCIM\Books 2.0\Screenshot_20250217_204816_TikTok.jpg,,Already existed
C:\Users\megha\OneDrive\Pictures\Samsung Gallery\DCIM\Books 2.0\Screenshot_20250217_204818_TikTok.jpg,,Already existed
C:\Users\megha\OneDrive\Pictures\Samsung Gallery\DCIM\Books 2.0\Screenshot_20250217_204819_TikTok.jpg,,Already existed
C:\Users\megha\OneDrive\Pictures\Samsung Gallery\DCIM\Books 2.0\Screenshot_20250217_204823_TikTok.jpg,,Already existed
C:\Users\megha\OneDrive\Pictures\Samsung Gallery\DCIM\Books 2.0\Screenshot_20250227_184224_TikTok.jpg,,Already existed
C:\Users\megha\OneDrive\Pictures\Samsung Gallery\DCIM\Books 2.0\Screenshot_20250227_184225_TikTok.jpg,,Already existed
C:\Users\megha\OneDrive\Pictures\Samsung Gallery\DCIM\Books 2.0\Screenshot_20250227_184227_TikTok.jpg,,Already existed
C:\Users\megha\OneDrive\Pictures\Samsung Gallery\DCIM\Books 2.0\Screenshot_20250227_184228_TikTok.jpg,,Already existed
C:\Users\megha\OneDrive\Pictures\Samsung Gallery\DCIM\Books 2.0\Screenshot_20250227_184230_TikTok.jpg,,Already existed
C:\Users\megha\OneDrive\Pictures\Samsung Gallery\DCIM\Books 2.0\Screenshot_20250316_195923_TikTok.jpg,,Already existed
C:\Users\megha\OneDrive\Pictures\Samsung Gallery\DCIM\Books 2.0\Screenshot_20250316_195925_TikTok.jpg,,Already existed
C:\Users\megha\OneDrive\Pictures\Samsung Gallery\DCIM\Books 2.0\Screenshot_20250316_195928_TikTok.jpg,,Already existed
C:\Users\megha\OneDrive\Pictures\Samsung Gallery\DCIM\Books 2.0\Screenshot_20250316_195930_TikTok.jpg,,Already existed
C:\Users\megha\OneDrive\Pictures\Samsung Gallery\DCIM\Books 2.0\Screenshot_20250318_180255_TikTok.jpg,,Already existed
C:\Users\megha\OneDrive\Pictures\Samsung Gallery\DCIM\Books 2.0\Screenshot_20250318_180307_TikTok.jpg,,Already existed
C:\Users\megha\OneDrive\Pictures\Samsung Gallery\DCIM\Books 2.0\Screenshot_20250319_140857_TikTok.jpg,,Already existed
C:\Users\megha\OneDrive\Pictures\Samsung Gallery\DCIM\Books 2.0\Screenshot_20250319_140920_TikTok.jpg,,Already existed
C:\Users\megha\OneDrive\Pictures\Samsung Gallery\DCIM\Books 2.0\Screenshot_20250319_140950_TikTok.jpg,,Already existed
C:\Users\megha\OneDrive\Pictures\Samsung Gallery\DCIM\Books 2.0\Screenshot_20250319_141000_TikTok.jpg,,Already existed
C:\Users\megha\OneDrive\Pictures\Samsung Gallery\DCIM\Books 2.0\Screenshot_20250319_141035_TikTok.jpg,,Already existed
C:\Users\megha\OneDrive\Pictures\Samsung Gallery\DCIM\Books 2.0\Screenshot_20250321_212412_TikTok.jpg,,Already existed
C:\Users\megha\OneDrive\Pictures\Samsung Gallery\DCIM\Books 2.0\Screenshot_20250323_094620_TikTok.jpg,,Already existed
C:\Users\megha\OneDrive\Pictures\Samsung Gallery\DCIM\Books 2.0\Screenshot_20250323_094624_TikTok.jpg,,Already existed
C:\Users\megha\OneDrive\Pictures\Samsung Gallery\DCIM\Books 2.0\Screenshot_20250323_094628_TikTok.jpg,,Already existed
C:\Users\megha\OneDrive\Pictures\Samsung Gallery\DCIM\Books 2.0\Screenshot_20250323_094632_TikTok.jpg,,Already existed
C:\Users\megha\OneDrive\Pictures\Samsung Gallery\DCIM\Books 2.0\Screenshot_20250323_095021_TikTok.jpg,,Already existed
C:\Users\megha\OneDrive\Pictures\Samsung Gallery\DCIM\Books 2.0\Screenshot_20250323_095035_TikTok.jpg,,Already existed
C:\Users\megha\OneDrive\Pictures\Samsung Gallery\DCIM\Books 2.0\Screenshot_20250323_095048_TikTok.jpg,,Already existed
C:\Users\megha\OneDrive\Pictures\Samsung Gallery\DCIM\Books 2.0\Screenshot_20250408_192647_TikTok.jpg,,Already existed
C:\Users\megha\OneDrive\Pictures\Samsung Gallery\DCIM\Books 2.0\Screenshot_20250408_192742_TikTok.jpg,,Already existed
C:\Users\megha\OneDrive\Pictures\Samsung Gallery\DCIM\Books 2.0\Screenshot_20250408_192936_TikTok.jpg,,Already existed
C:\Users\megha\OneDrive\Pictures\Samsung Gallery\DCIM\Books 2.0\Screenshot_20250408_192941_TikTok.jpg,,Already existed
C:\Users\megha\OneDrive\Pictures\Samsung Gallery\DCIM\Books 2.0\Screenshot_20250408_192944_TikTok.jpg,,Already existed
C:\Users\megha\OneDrive\Pictures\Samsung Gallery\DCIM\Books 2.0\Screenshot_20250408_192947_TikTok.jpg,,Already existed
C:\Users\megha\OneDrive\Pictures\Samsung Gallery\DCIM\Books 2.0\Screenshot_20250408_192958_TikTok.jpg,,Already existed
C:\Users\megha\OneDrive\Pictures\Samsung Gallery\DCIM\Books 2.0\Screenshot_20250408_193001_TikTok.jpg,,Already existed
C:\Users\megha\OneDrive\Pictures\Samsung Gallery\DCIM\Books 2.0\Screenshot_20250408_193007_TikTok.jpg,,Already existed
C:\Users\megha\OneDrive\Pictures\Samsung Gallery\DCIM\Books 2.0\Screenshot_20250408_193009_TikTok.jpg,,Already existed
C:\Users\megha\OneDrive\Pictures\Samsung Gallery\DCIM\Books 2.0\Screenshot_20250408_193013_TikTok.jpg,,Already existed
C:\Users\megha\OneDrive\Pictures\Samsung Gallery\DCIM\Books 2.0\Screenshot_20250409_203130_TikTok.jpg,,Already existed
C:\Users\megha\OneDrive\Pictures\Samsung Gallery\DCIM\Books 2.0\Screenshot_20250409_203135_TikTok.jpg,,Already existed
C:\Users\megha\OneDrive\Pictures\Samsung Gallery\DCIM\Books 2.0\Screenshot_20250412_133106_TikTok.jpg,,Already existed
C:\Users\megha\OneDrive\Pictures\Samsung Gallery\DCIM\Books 2.0\Screenshot_20250412_133119_TikTok.jpg,,Already existed
C:\Users\megha\OneDrive\Pictures\Samsung Gallery\DCIM\Books 2.0\Screenshot_20250412_133128_TikTok.jpg,,Already existed
C:\Users\megha\OneDrive\Pictures\Samsung Gallery\DCIM\Books 2.0\Screenshot_20250412_133143_TikTok.jpg,,Already existed
C:\Users\megha\OneDrive\Pictures\Samsung Gallery\DCIM\Books 2.0\Screenshot_20250412_133151_TikTok.jpg,,Already existed
C:\Users\megha\OneDrive\Pictures\Samsung Gallery\DCIM\Books 2.0\Screenshot_20250412_133627_TikTok.jpg,,Already existed
C:\Users\megha\OneDrive\Pictures\Samsung Gallery\DCIM\Books 2.0\Screenshot_20250412_133629_TikTok.jpg,,Already existed
C:\Users\megha\OneDrive\Pictures\Samsung Gallery\DCIM\Books 2.0\Screenshot_20250412_133631_TikTok.jpg,,Already existed
C:\Users\megha\OneDrive\Pictures\Samsung Gallery\DCIM\Books 2.0\Screenshot_20250412_133634_TikTok.jpg,,Already existed
C:\Users\megha\OneDrive\Pictures\Samsung Gallery\DCIM\Books 2.0\Screenshot_20250412_133636_TikTok.jpg,,Already existed
C:\Users\megha\OneDrive\Pictures\Samsung Gallery\DCIM\Books 2.0\Screenshot_20250412_133640_TikTok.jpg,,Already existed
C:\Users\megha\OneDrive\Pictures\Samsung Gallery\DCIM\Books 2.0\Screenshot_20250412_134540_TikTok.jpg,,Already existed
C:\Users\megha\OneDrive\Pictures\Samsung Gallery\DCIM\Books 2.0\Screenshot_20250412_154103_TikTok.jpg,,Already existed
C:\Users\megha\OneDrive\Pictures\Samsung Gallery\DCIM\Books 2.0\Screenshot_20250416_121618_Facebook.jpg,,Already existed
C:\Users\megha\OneDrive\Pictures\Samsung Gallery\DCIM\Books 2.0\Screenshot_20250416_121641_Facebook.jpg,,Already existed
C:\Users\megha\OneDrive\Pictures\Samsung Gallery\DCIM\Books 2.0\Screenshot_20250416_121658_Facebook.jpg,,Already existed
C:\Users\megha\OneDrive\Pictures\Samsung Gallery\DCIM\Books 2.0\Screenshot_20250416_172020_TikTok.jpg,,Already existed
C:\Users\megha\OneDrive\Pictures\Samsung Gallery\DCIM\Books 2.0\Screenshot_20250416_172024_TikTok.jpg,,Already existed
C:\Users\megha\OneDrive\Pictures\Samsung Gallery\DCIM\Books 2.0\Screenshot_20250416_172029_TikTok.jpg,,Already existed
C:\Users\megha\OneDrive\Pictures\Samsung Gallery\DCIM\Books 2.0\Screenshot_20250416_172328_TikTok.jpg,,Already existed
C:\Users\megha\OneDrive\Pictures\Samsung Gallery\DCIM\Books 2.0\Screenshot_20250416_172331_TikTok.jpg,,Already existed
C:\Users\megha\OneDrive\Pictures\Samsung Gallery\DCIM\Books 2.0\Screenshot_20250416_172500_TikTok.jpg,,Already existed
C:\Users\megha\OneDrive\Pictures\Samsung Gallery\DCIM\Books 2.0\Screenshot_20250423_073243_Facebook.jpg,,Already existed
C:\Users\megha\OneDrive\Pictures\Samsung Gallery\DCIM\Books 2.0\Screenshot_20250425_181014_Facebook.jpg,,Already existed
C:\Users\megha\OneDrive\Pictures\Samsung Gallery\DCIM\Books 2.0\Screenshot_20250506_073846_Facebook.jpg,,Already existed
C:\Users\megha\OneDrive\Pictures\Samsung Gallery\DCIM\Books 2.0\Screenshot_20250512_113030_Facebook.jpg,,Already existed
C:\Users\megha\OneDrive\Pictures\Samsung Gallery\DCIM\Books 2.0\Screenshot_20250512_113043_Facebook.jpg,,Already existed
C:\Users\megha\OneDrive\Pictures\Samsung Gallery\DCIM\Books 2.0\Screenshot_20250512_214415_TikTok.jpg,,Already existed
C:\Users\megha\OneDrive\Pictures\Samsung Gallery\DCIM\Books 2.0\Screenshot_20250512_214424_TikTok.jpg,,Already existed
C:\Users\megha\OneDrive\Pictures\Samsung Gallery\DCIM\Books 2.0\Screenshot_20250512_214437_TikTok.jpg,,Already existed
C:\Users\megha\OneDrive\Pictures\Samsung Gallery\DCIM\Books 2.0\Screenshot_20250512_214445_TikTok.jpg,,Already existed
C:\Users\megha\OneDrive\Pictures\Samsung Gallery\DCIM\Books 2.0\Screenshot_20250512_214459_TikTok.jpg,,Already existed
C:\Users\megha\OneDrive\Pictures\Samsung Gallery\DCIM\Books 2.0\Screenshot_20250512_215016_TikTok.jpg,,Already existed
C:\Users\megha\OneDrive\Pictures\Samsung Gallery\DCIM\Books 2.0\Screenshot_20250512_215039_TikTok.jpg,,Already existed
C:\Users\megha\OneDrive\Pictures\Samsung Gallery\DCIM\Books 2.0\Screenshot_20250512_215056_TikTok.jpg,,Already existed
C:\Users\megha\OneDrive\Pictures\Samsung Gallery\DCIM\Books 2.0\Screenshot_20250512_215121_TikTok.jpg,,Already existed
C:\Users\megha\OneDrive\Pictures\Samsung Gallery\DCIM\Books 2.0\Screenshot_20250512_215527_TikTok.jpg,,Already existed
C:\Users\megha\OneDrive\Pictures\Samsung Gallery\DCIM\Books 2.0\Screenshot_20250512_215544_TikTok.jpg,,Already existed
C:\Users\megha\OneDrive\Pictures\Samsung Gallery\DCIM\Books 2.0\Screenshot_20250512_215552_TikTok.jpg,,Already existed
C:\Users\megha\OneDrive\Pictures\Samsung Gallery\DCIM\Books 2.0\Screenshot_20250512_215608_TikTok.jpg,,Already existed
C:\Users\megha\OneDrive\Pictures\Samsung Gallery\DCIM\Books 2.0\Screenshot_20250512_221416_TikTok.jpg,,Already existed
C:\Users\megha\OneDrive\Pictures\Samsung Gallery\DCIM\Books 2.0\Screenshot_20250512_223346_TikTok.jpg,,Already existed
C:\Users\megha\OneDrive\Pictures\Samsung Gallery\DCIM\Books 2.0\Screenshot_20250512_223354_TikTok.jpg,,Already existed
C:\Users\megha\OneDrive\Pictures\Samsung Gallery\DCIM\Books 2.0\Screenshot_20250512_223411_TikTok.jpg,,Already existed
C:\Users\megha\OneDrive\Pictures\Samsung Gallery\DCIM\Books 2.0\Screenshot_20250512_223417_TikTok.jpg,,Already existed
C:\Users\megha\OneDrive\Pictures\Samsung Gallery\DCIM\Books 2.0\Screenshot_20250512_223423_TikTok.jpg,,Already existed
C:\Users\megha\OneDrive\Pictures\Samsung Gallery\DCIM\Books 2.0\Screenshot_20250515_214940_TikTok.jpg,,Already existed
C:\Users\megha\OneDrive\Pictures\Samsung Gallery\DCIM\Books 2.0\Screenshot_20250515_215724_TikTok.jpg,,Already existed
C:\Users\megha\OneDrive\Pictures\Samsung Gallery\DCIM\Books 2.0\Screenshot_20250515_215727_TikTok.jpg,,Already existed
C:\Users\megha\OneDrive\Pictures\Samsung Gallery\DCIM\Books 2.0\Screenshot_20250515_215728_TikTok.jpg,,Already existed
C:\Users\megha\OneDrive\Pictures\Samsung Gallery\DCIM\Books 2.0\Screenshot_20250515_215730_TikTok.jpg,,Already existed
C:\Users\megha\OneDrive\Pictures\Samsung Gallery\DCIM\Books 2.0\Screenshot_20250515_215740_TikTok.jpg,,Already existed
C:\Users\megha\OneDrive\Pictures\Samsung Gallery\DCIM\Books 2.0\Screenshot_20250515_220619_TikTok.jpg,,Already existed
C:\Users\megha\OneDrive\Pictures\Samsung Gallery\DCIM\Books 2.0\Screenshot_20250515_220642_TikTok.jpg,,Already existed
C:\Users\megha\OneDrive\Pictures\Samsung Gallery\DCIM\Books 2.0\Screenshot_20250515_220848_TikTok.jpg,,Already existed
C:\Users\megha\OneDrive\Pictures\Samsung Gallery\DCIM\Books 2.0\Screenshot_20250516_231618_TikTok.jpg,,Already existed
C:\Users\megha\OneDrive\Pictures\Samsung Gallery\DCIM\Books 2.0\Screenshot_20250517_224943_TikTok.jpg,,Already existed
C:\Users\megha\OneDrive\Pictures\Samsung Gallery\DCIM\Books 2.0\Screenshot_20250523_194545_Facebook.jpg,,Already existed
C:\Users\megha\OneDrive\Pictures\Samsung Gallery\DCIM\Books 2.0\Screenshot_20250523_194603_Facebook.jpg,,Already existed
C:\Users\megha\OneDrive\Pictures\Samsung Gallery\DCIM\Books 2.0\Screenshot_20250608_173839_Facebook.jpg,,Already existed
C:\Users\megha\OneDrive\Pictures\Samsung Gallery\DCIM\Books 2.0\Screenshot_20250608_173842_Facebook.jpg,,Already existed
C:\Users\megha\OneDrive\Pictures\Samsung Gallery\DCIM\Books 2.0\Screenshot_20250608_173847_Facebook.jpg,,Already existed
C:\Users\megha\OneDrive\Pictures\Samsung Gallery\DCIM\Books 2.0\Screenshot_20250608_173902_Facebook.jpg,,Already existed
C:\Users\megha\OneDrive\Pictures\Samsung Gallery\DCIM\Books 2.0\Screenshot_20250608_173905_Facebook.jpg,,Already existed
C:\Users\megha\OneDrive\Pictures\Samsung Gallery\DCIM\Books 2.0\Screenshot_20250608_173907_Facebook.jpg,,Already existed
C:\Users\megha\OneDrive\Pictures\Samsung Gallery\DCIM\Books 2.0\Screenshot_20250608_173910_Facebook.jpg,,Already existed
C:\Users\megha\OneDrive\Pictures\Samsung Gallery\DCIM\Books 2.0\Screenshot_20250608_173912_Facebook.jpg,,Already existed
C:\Users\megha\OneDrive\Pictures\Samsung Gallery\DCIM\Books 2.0\Screenshot_20250608_173915_Facebook.jpg,,Already existed
C:\Users\megha\OneDrive\Pictures\Samsung Gallery\DCIM\Books 2.0\Screenshot_20250608_173918_Facebook.jpg,,Already existed
C:\Users\megha\OneDrive\Pictures\Samsung Gallery\DCIM\Books 2.0\Screenshot_20250608_173920_Facebook.jpg,,Already existed
C:\Users\megha\OneDrive\Pictures\Samsung Gallery\DCIM\Books 2.0\Screenshot_20250608_174443_Facebook.jpg,,Already existed
C:\Users\megha\OneDrive\Pictures\Samsung Gallery\DCIM\Books 2.0\Screenshot_20250608_174500_Facebook.jpg,,Already existed
C:\Users\megha\OneDrive\Pictures\Samsung Gallery\DCIM\Books 2.0\Screenshot_20250608_174527_Facebook.jpg,,Already existed
C:\Users\megha\OneDrive\Pictures\Samsung Gallery\DCIM\Books 2.0\Screenshot_20250608_174545_Facebook.jpg,,Already existed
C:\Users\megha\OneDrive\Pictures\Samsung Gallery\DCIM\Books 2.0\Screenshot_20250608_204012_TikTok.jpg,,Already existed
C:\Users\megha\OneDrive\Pictures\Samsung Gallery\DCIM\Books 2.0\Screenshot_20250608_204015_TikTok.jpg,,Already existed
C:\Users\megha\OneDrive\Pictures\Samsung Gallery\DCIM\Books 2.0\Screenshot_20250608_204018_TikTok.jpg,,Already existed
C:\Users\megha\OneDrive\Pictures\Samsung Gallery\DCIM\Books 2.0\Screenshot_20250608_204023_TikTok.jpg,,Already existed
C:\Users\megha\OneDrive\Pictures\Samsung Gallery\DCIM\Books 2.0\Screenshot_20250608_204026_TikTok.jpg,,Already existed
C:\Users\megha\OneDrive\Pictures\Samsung Gallery\DCIM\Books 2.0\Screenshot_20250609_203042_TikTok.jpg,,Already existed
C:\Users\megha\OneDrive\Pictures\Samsung Gallery\DCIM\Books 2.0\Screenshot_20250609_203048_TikTok.jpg,,Already existed
C:\Users\megha\OneDrive\Pictures\Samsung Gallery\DCIM\Books 2.0\Screenshot_20250609_203051_TikTok.jpg,,Already existed
C:\Users\megha\OneDrive\Pictures\Samsung Gallery\DCIM\Books 2.0\Screenshot_20250611_202616_Facebook.jpg,,Already existed
C:\Users\megha\OneDrive\Pictures\Samsung Gallery\DCIM\Books 2.0\Screenshot_20250611_202739_Facebook.jpg,,Already existed
C:\Users\megha\OneDrive\Pictures\Samsung Gallery\DCIM\Books 2.0\Screenshot_20250612_203251_TikTok.jpg,,Already existed
C:\Users\megha\OneDrive\Pictures\Samsung Gallery\DCIM\Books 2.0\Screenshot_20250612_203303_TikTok.jpg,,Already existed
C:\Users\megha\OneDrive\Pictures\Samsung Gallery\DCIM\Books 2.0\Screenshot_20250612_203624_TikTok.jpg,,Already existed
C:\Users\megha\OneDrive\Pictures\Samsung Gallery\DCIM\Books 2.0\Screenshot_20250612_203625_TikTok.jpg,,Already existed
C:\Users\megha\OneDrive\Pictures\Samsung Gallery\DCIM\Books 2.0\Screenshot_20250612_203628_TikTok.jpg,,Already existed
C:\Users\megha\OneDrive\Pictures\Samsung Gallery\DCIM\Books 2.0\Screenshot_20250612_203631_TikTok.jpg,,Already existed
C:\Users\megha\OneDrive\Pictures\Samsung Gallery\DCIM\Books 2.0\Screenshot_20250612_203636_TikTok.jpg,,Already existed
C:\Users\megha\OneDrive\Pictures\Samsung Gallery\DCIM\Books 2.0\Screenshot_20250612_203842_TikTok.jpg,,Already existed
C:\Users\megha\OneDrive\Pictures\Samsung Gallery\DCIM\Books 2.0\Screenshot_20250612_203845_TikTok.jpg,,Already existed
C:\Users\megha\OneDrive\Pictures\Samsung Gallery\DCIM\Books 2.0\Screenshot_20250612_203848_TikTok.jpg,,Already existed
C:\Users\megha\OneDrive\Pictures\Samsung Gallery\DCIM\Books 2.0\Screenshot_20250612_203850_TikTok.jpg,,Already existed
C:\Users\megha\OneDrive\Pictures\Samsung Gallery\DCIM\Books 2.0\Screenshot_20250612_203852_TikTok.jpg,,Already existed
C:\Users\megha\OneDrive\Pictures\Samsung Gallery\DCIM\Books 2.0\Screenshot_20250612_203856_TikTok.jpg,,Already existed
C:\Users\megha\OneDrive\Pictures\Samsung Gallery\DCIM\Books 2.0\Screenshot_20250614_181543_TikTok.jpg,,Already existed
C:\Users\megha\OneDrive\Pictures\Samsung Gallery\DCIM\Books 2.0\Screenshot_20250614_181601_TikTok.jpg,,Already existed
C:\Users\megha\OneDrive\Pictures\Samsung Gallery\DCIM\Books 2.0\Screenshot_20250614_220851_TikTok.jpg,,Already existed
C:\Users\megha\OneDrive\Pictures\Samsung Gallery\DCIM\Books 2.0\Screenshot_20250614_222231_TikTok.jpg,,Already existed
C:\Users\megha\OneDrive\Pictures\Samsung Gallery\DCIM\Books 2.0\Screenshot_20250614_222236_TikTok.jpg,,Already existed
C:\Users\megha\OneDrive\Pictures\Samsung Gallery\DCIM\Books 2.0\Screenshot_20250614_222241_TikTok.jpg,,Already existed
C:\Users\megha\OneDrive\Pictures\Samsung Gallery\DCIM\Books 2.0\Screenshot_20250614_222246_TikTok.jpg,,Already existed
C:\Users\megha\OneDrive\Pictures\Samsung Gallery\DCIM\Books 2.0\Screenshot_20250614_222254_TikTok.jpg,,Already existed
C:\Users\megha\OneDrive\Pictures\Samsung Gallery\DCIM\Books 2.0\Screenshot_20250616_214235_TikTok.jpg,,Already existed
C:\Users\megha\OneDrive\Pictures\Samsung Gallery\DCIM\Books 2.0\Screenshot_20250616_214237_TikTok.jpg,,Already existed
C:\Users\megha\OneDrive\Pictures\Samsung Gallery\DCIM\Books 2.0\Screenshot_20250616_214239_TikTok.jpg,,Already existed
C:\Users\megha\OneDrive\Pictures\Samsung Gallery\DCIM\Books 2.0\Screenshot_20250619_163220_Kindle.jpg,,Already existed
C:\Users\megha\OneDrive\Pictures\Samsung Gallery\DCIM\Books 2.0\Screenshot_20250728_222336_Facebook.jpg,,Already existed
C:\Users\megha\OneDrive\Pictures\Samsung Gallery\DCIM\Books 2.0\Screenshot_20250807_210457_TikTok.jpg,,Already existed
C:\Users\megha\OneDrive\Pictures\Samsung Gallery\DCIM\Books 2.0\Screenshot_20250807_210601_TikTok.jpg,,Already existed
C:\Users\megha\OneDrive\Pictures\Samsung Gallery\DCIM\Books 2.0\Screenshot_20250807_210616_TikTok.jpg,,Already existed
C:\Users\megha\OneDrive\Pictures\Samsung Gallery\DCIM\Books 2.0\Screenshot_20250807_210621_TikTok.jpg,,Already existed
C:\Users\megha\OneDrive\Pictures\Samsung Gallery\DCIM\Books 2.0\Screenshot_20250807_210631_TikTok.jpg,,Already existed
C:\Users\megha\OneDrive\Pictures\Samsung Gallery\DCIM\Books 2.0\Screenshot_20250807_211024_TikTok.jpg,,Already existed
C:\Users\megha\OneDrive\Pictures\Samsung Gallery\DCIM\Books 2.0\Screenshot_20250809_180041_TikTok.jpg,,Already existed
C:\Users\megha\OneDrive\Pictures\Samsung Gallery\DCIM\Books 2.0\Screenshot_20250809_180059_TikTok.jpg,,Already existed
C:\Users\megha\OneDrive\Pictures\Samsung Gallery\DCIM\Books 2.0\Screenshot_20250809_211450_TikTok.jpg,,Already existed
C:\Users\megha\OneDrive\Pictures\Samsung Gallery\DCIM\Books 2.0\Screenshot_20250824_195202_TikTok.jpg,,Already existed
C:\Users\megha\OneDrive\Pictures\Samsung Gallery\DCIM\Books 2.0\Screenshot_20250824_195205_TikTok.jpg,,Already existed
C:\Users\megha\OneDrive\Pictures\Samsung Gallery\DCIM\Books 2.0\Screenshot_20250824_195213_TikTok.jpg,,Already existed
C:\Users\megha\OneDrive\Pictures\Samsung Gallery\DCIM\Books 2.0\Screenshot_20250824_212848_TikTok.jpg,,Already existed
C:\Users\megha\OneDrive\Pictures\Samsung Gallery\DCIM\Books 2.0\Screenshot_20250824_212851_TikTok.jpg,,Already existed
C:\Users\megha\OneDrive\Pictures\Samsung Gallery\DCIM\Books 2.0\Screenshot_20250824_212857_TikTok.jpg,,Already existed
C:\Users\megha\OneDrive\Pictures\Samsung Gallery\DCIM\Books 2.0\Screenshot_20250824_212903_TikTok.jpg,,Already existed
C:\Users\megha\OneDrive\Pictures\Samsung Gallery\DCIM\Books 2.0\Screenshot_20250824_212905_TikTok.jpg,,Already existed
C:\Users\megha\OneDrive\Pictures\Samsung Gallery\DCIM\Books 2.0\Screenshot_20250825_212220_TikTok.jpg,,Already existed
C:\Users\megha\OneDrive\Pictures\Samsung Gallery\DCIM\Books 2.0\Screenshot_20250825_212717_TikTok.jpg,,Already existed
C:\Users\megha\OneDrive\Pictures\Samsung Gallery\DCIM\Books 2.0\Screenshot_20250825_212722_TikTok.jpg,,Already existed
C:\Users\megha\OneDrive\Pictures\Samsung Gallery\DCIM\Books 2.0\Screenshot_20250825_212925_TikTok.jpg,,Already existed
C:\Users\megha\OneDrive\Pictures\Samsung Gallery\DCIM\Books 2.0\Screenshot_20250825_212929_TikTok.jpg,,Already existed
C:\Users\megha\OneDrive\Pictures\Samsung Gallery\DCIM\Books 2.0\Screenshot_20250825_212934_TikTok.jpg,,Already existed
C:\Users\megha\OneDrive\Pictures\Samsung Gallery\DCIM\Books 2.0\Screenshot_20250825_212938_TikTok.jpg,,Already existed
C:\Users\megha\OneDrive\Pictures\Samsung Gallery\DCIM\Books 2.0\Screenshot_20250825_212941_TikTok.jpg,,Already existed
C:\Users\megha\OneDrive\Pictures\Samsung Gallery\DCIM\Books 2.0\Screenshot_20250903_161441_TikTok.jpg,,Already existed
C:\Users\megha\OneDrive\Pictures\Samsung Gallery\DCIM\Books 2.0\Screenshot_20250903_161445_TikTok.jpg,,Already existed
C:\Users\megha\OneDrive\Pictures\Samsung Gallery\DCIM\Books 2.0\Screenshot_20250903_161458_TikTok.jpg,,Already existed
C:\Users\megha\OneDrive\Pictures\Samsung Gallery\DCIM\Books 2.0\Screenshot_20250903_161501_TikTok.jpg,,Already existed
C:\Users\megha\OneDrive\Pictures\Samsung Gallery\DCIM\Books 2.0\Screenshot_20250903_161505_TikTok.jpg,,Already existed
C:\Users\megha\OneDrive\Pictures\Samsung Gallery\DCIM\Books 2.0\Screenshot_20250906_190841_TikTok.jpg,,Already existed
C:\Users\megha\OneDrive\Pictures\Samsung Gallery\DCIM\Books 2.0\Screenshot_20250906_190854_TikTok.jpg,,Already existed
C:\Users\megha\OneDrive\Pictures\Samsung Gallery\DCIM\Books 2.0\Screenshot_20250910_192858_Facebook.jpg,,Already existed
C:\Users\megha\OneDrive\Pictures\Samsung Gallery\DCIM\Books 2.0\Screenshot_20250910_192913_Facebook.jpg,,Already existed
C:\Users\megha\OneDrive\Pictures\Samsung Gallery\DCIM\Books 2.0\Screenshot_20250910_192926_Facebook.jpg,,Already existed
C:\Users\megha\OneDrive\Pictures\Samsung Gallery\DCIM\Books 2.0\Screenshot_20250913_203059_TikTok.jpg,,Already existed
C:\Users\megha\OneDrive\Pictures\Samsung Gallery\DCIM\Books 2.0\Screenshot_20250913_203109_TikTok.jpg,,Already existed
C:\Users\megha\OneDrive\Pictures\Samsung Gallery\DCIM\Books 2.0\Screenshot_20250913_203118_TikTok.jpg,,Already existed
C:\Users\megha\OneDrive\Pictures\Samsung Gallery\DCIM\Books 2.0\Screenshot_20250921_072310_TikTok.jpg,,Already existed
C:\Users\megha\OneDrive\Pictures\Samsung Gallery\DCIM\Books 2.0\Screenshot_20250921_072325_TikTok.jpg,,Already existed
C:\Users\megha\OneDrive\Pictures\Samsung Gallery\DCIM\Books 2.0\Screenshot_20250926_213633_TikTok.jpg,,Already existed
C:\Users\megha\OneDrive\Pictures\Samsung Gallery\DCIM\Books 2.0\Screenshot_20250926_213653_TikTok.jpg,,Already existed
C:\Users\megha\OneDrive\Pictures\Samsung Gallery\DCIM\Books 2.0\Screenshot_20250926_213714_TikTok.jpg,,Already existed
C:\Users\megha\OneDrive\Pictures\Samsung Gallery\DCIM\Books 2.0\Screenshot_20251008_202207_TikTok.jpg,,Already existed
C:\Users\megha\OneDrive\Pictures\Samsung Gallery\DCIM\Books 2.0\Screenshot_20251008_202211_TikTok.jpg,,Already existed
C:\Users\megha\OneDrive\Pictures\Samsung Gallery\DCIM\Books 2.0\Screenshot_20251008_202213_TikTok.jpg,,Already existed
C:\Users\megha\OneDrive\Pictures\Samsung Gallery\DCIM\Books 2.0\Screenshot_20251008_202439_TikTok.jpg,,Already existed
C:\Users\megha\OneDrive\Pictures\Samsung Gallery\DCIM\Books 2.0\Screenshot_20251008_202452_TikTok.jpg,,Already existed
C:\Users\megha\OneDrive\Pictures\Samsung Gallery\DCIM\Books 2.0\Screenshot_20251008_202455_TikTok.jpg,,Already existed
C:\Users\megha\OneDrive\Pictures\Samsung Gallery\DCIM\Books 2.0\Screenshot_20251015_211711_Facebook.jpg,,Already existed
C:\Users\megha\OneDrive\Pictures\Samsung Gallery\DCIM\Books 2.0\Screenshot_20251019_205332_TikTok.jpg,,Already existed
C:\Users\megha\OneDrive\Pictures\Samsung Gallery\DCIM\Books 2.0\Screenshot_20251019_205343_TikTok.jpg,,Already existed
C:\Users\megha\OneDrive\Pictures\Samsung Gallery\DCIM\Books 2.0\Screenshot_20251019_205350_TikTok.jpg,,Already existed
C:\Users\megha\OneDrive\Pictures\Samsung Gallery\DCIM\Books 2.0\Screenshot_20251019_205422_TikTok.jpg,,Already existed
C:\Users\megha\OneDrive\Pictures\Samsung Gallery\DCIM\Books 2.0\Screenshot_20251019_205434_TikTok.jpg,,Already existed
C:\Users\megha\OneDrive\Pictures\Samsung Gallery\DCIM\Books 2.0\Screenshot_20251019_211735_Facebook.jpg,,Already existed
C:\Users\megha\OneDrive\Pictures\Samsung Gallery\DCIM\Books 2.0\Screenshot_20251019_212840_Facebook.jpg,,Already existed
C:\Users\megha\OneDrive\Pictures\Samsung Gallery\DCIM\Books 2.0\Screenshot_20251028_162830_Facebook.jpg,,Already existed
C:\Users\megha\OneDrive\Pictures\Samsung Gallery\DCIM\Books 2.0\Screenshot_20251028_162833_Facebook.jpg,,Already existed
C:\Users\megha\OneDrive\Pictures\Samsung Gallery\DCIM\Books 2.0\Screenshot_20251028_162836_Facebook.jpg,,Already existed
C:\Users\megha\OneDrive\Pictures\Samsung Gallery\DCIM\Books 2.0\Screenshot_20251028_162838_Facebook.jpg,,Already existed
C:\Users\megha\OneDrive\Pictures\Samsung Gallery\DCIM\Books 2.0\Screenshot_20251028_162840_Facebook.jpg,,Already existed
C:\Users\megha\OneDrive\Pictures\Samsung Gallery\DCIM\Books 2.0\Screenshot_20251028_180346_Facebook.jpg,,Already existed
C:\Users\megha\OneDrive\Pictures\Samsung Gallery\DCIM\Books 2.0\Screenshot_20251028_180347_Facebook.jpg,,Already existed
C:\Users\megha\OneDrive\Pictures\Samsung Gallery\DCIM\Books 2.0\Screenshot_20251028_180349_Facebook.jpg,,Already existed
C:\Users\megha\OneDrive\Pictures\Samsung Gallery\DCIM\Books 2.0\Screenshot_20251028_211718_TikTok.jpg,,Already existed
C:\Users\megha\OneDrive\Pictures\Samsung Gallery\DCIM\Books 2.0\Screenshot_20251028_211727_TikTok.jpg,,Already existed
C:\Users\megha\OneDrive\Pictures\Samsung Gallery\DCIM\Books 2.0\Screenshot_20251028_212002_TikTok.jpg,,Already existed
C:\Users\megha\OneDrive\Pictures\Samsung Gallery\DCIM\Books 2.0\Screenshot_20251028_212007_TikTok.jpg,,Already existed
C:\Users\megha\OneDrive\Pictures\Samsung Gallery\DCIM\Books 2.0\Screenshot_20251028_212013_TikTok.jpg,,Already existed
C:\Users\megha\OneDrive\Pictures\Samsung Gallery\DCIM\Books 2.0\Screenshot_20251031_100343_Facebook.jpg,,Already existed
C:\Users\megha\OneDrive\Pictures\Samsung Gallery\DCIM\Books 2.0\Screenshot_20251031_100346_Facebook.jpg,,Already existed
C:\Users\megha\OneDrive\Pictures\Samsung Gallery\DCIM\Books 2.0\Screenshot_20251031_100350_Facebook.jpg,,Already existed
C:\Users\megha\OneDrive\Pictures\Samsung Gallery\DCIM\Books 2.0\Screenshot_20251102_103204_Facebook.jpg,,Already existed
C:\Users\megha\OneDrive\Pictures\Samsung Gallery\DCIM\Books 2.0\Screenshot_20251106_202231_TikTok.jpg,,Already existed
C:\Users\megha\OneDrive\Pictures\Samsung Gallery\DCIM\Books 2.0\Screenshot_20251201_205109_TikTok.jpg,,Already existed
C:\Users\megha\OneDrive\Pictures\Samsung Gallery\DCIM\Books 2.0\Screenshot_20251226_135155_Facebook.jpg,,Already existed
C:\Users\megha\OneDrive\Pictures\Samsung Gallery\DCIM\Books 2.0\Screenshot_20251228_193420_TikTok.jpg,,Already existed
C:\Users\megha\OneDrive\Pictures\Samsung Gallery\DCIM\Books 2.0\Screenshot_20251228_193422_TikTok.jpg,,Already existed
C:\Users\megha\OneDrive\Pictures\Samsung Gallery\DCIM\Books 2.0\Screenshot_20251228_193425_TikTok.jpg,,Already existed
C:\Users\megha\OneDrive\Pictures\Samsung Gallery\DCIM\Books 2.0\Screenshot_20251228_193429_TikTok.jpg,,Already existed
C:\Users\megha\OneDrive\Pictures\Samsung Gallery\DCIM\Books 2.0\Screenshot_20251228_193431_TikTok.jpg,,Already existed
C:\Users\megha\OneDrive\Pictures\Samsung Gallery\DCIM\Books 2.0\Screenshot_20251228_193714_TikTok.jpg,,Already existed
C:\Users\megha\OneDrive\Pictures\Samsung Gallery\DCIM\Books 2.0\Screenshot_20251228_193724_TikTok.jpg,,Already existed
C:\Users\megha\OneDrive\Pictures\Samsung Gallery\DCIM\Books 2.0\Screenshot_20251228_193744_TikTok.jpg,,Already existed
C:\Users\megha\OneDrive\Pictures\Samsung Gallery\DCIM\Books 2.0\Screenshot_20251228_193747_TikTok.jpg,,Already existed
C:\Users\megha\OneDrive\Pictures\Samsung Gallery\DCIM\Books 2.0\Screenshot_20251228_193815_TikTok.jpg,,Already existed
C:\Users\megha\OneDrive\Pictures\Samsung Gallery\DCIM\Books 2.0\Screenshot_20260118_184620_TikTok.jpg,,Already existed
C:\Users\megha\OneDrive\Pictures\Samsung Gallery\DCIM\Books 2.0\Screenshot_20260118_184623_TikTok.jpg,,Already existed
C:\Users\megha\OneDrive\Pictures\Samsung Gallery\DCIM\Books 2.0\Screenshot_20260118_184627_TikTok.jpg,,Already existed
C:\Users\megha\OneDrive\Pictures\Samsung Gallery\DCIM\Books 2.0\Screenshot_20260118_184632_TikTok.jpg,,Already existed
C:\Users\megha\OneDrive\Pictures\Samsung Gallery\DCIM\Books 2.0\Screenshot_20260118_184636_TikTok.jpg,,Already existed
C:\Users\megha\OneDrive\Pictures\Samsung Gallery\DCIM\Books 2.0\Screenshot_20260118_184640_TikTok.jpg,,Already existed
C:\Users\megha\OneDrive\Pictures\Samsung Gallery\DCIM\Books 2.0\Screenshot_20260118_212950_TikTok.jpg,,Already existed
C:\Users\megha\OneDrive\Pictures\Samsung Gallery\DCIM\Books 2.0\Screenshot_20260305_215633_TikTok.jpg,,Already existed
C:\Users\megha\OneDrive\Pictures\Samsung Gallery\DCIM\Books 2.0\Screenshot_20260305_215640_TikTok.jpg,,Already existed
C:\Users\megha\OneDrive\Pictures\Samsung Gallery\DCIM\Books 2.0\Screenshot_20260305_215644_TikTok.jpg,,Already existed
C:\Users\megha\OneDrive\Pictures\Samsung Gallery\DCIM\Books 2.0\20150604_145359.jpg,,Already existed
C:\Users\megha\OneDrive\Pictures\Samsung Gallery\DCIM\Books 2.0\20150604_145403.jpg,,Already existed
C:\Users\megha\OneDrive\Pictures\Samsung Gallery\DCIM\Books 2.0\20150604_145416.jpg,,Already existed
C:\Users\megha\OneDrive\Pictures\Samsung Gallery\DCIM\Books 2.0\20150604_145418.jpg,,Already existed
C:\Users\megha\OneDrive\Pictures\Samsung Gallery\DCIM\Books 2.0\20150604_145526.jpg,,Already existed
C:\Users\megha\OneDrive\Pictures\Samsung Gallery\DCIM\Books 2.0\20150624_103630.jpg,,Already existed
C:\Users\megha\OneDrive\Pictures\Samsung Gallery\DCIM\Books 2.0\20150624_103633.jpg,,Already existed
C:\Users\megha\OneDrive\Pictures\Samsung Gallery\DCIM\Books 2.0\20150629_131418.jpg,,Already existed
C:\Users\megha\OneDrive\Pictures\Samsung Gallery\DCIM\Books 2.0\20150703_153613(1).jpg,,Already existed
C:\Users\megha\OneDrive\Pictures\Samsung Gallery\DCIM\Books 2.0\20150703_154449.jpg,,Already existed
C:\Users\megha\OneDrive\Pictures\Samsung Gallery\DCIM\Books 2.0\20150703_154451.jpg,,Already existed
C:\Users\megha\OneDrive\Pictures\Samsung Gallery\DCIM\Books 2.0\20151110_213518.jpg,,Already existed
C:\Users\megha\OneDrive\Pictures\Samsung Gallery\DCIM\Books 2.0\20151110_213528.jpg,,Already existed
C:\Users\megha\OneDrive\Pictures\Samsung Gallery\DCIM\Books 2.0\20151110_213536.jpg,,Already existed
C:\Users\megha\OneDrive\Pictures\Samsung Gallery\DCIM\Books 2.0\20151110_213546.jpg,,Already existed
C:\Users\megha\OneDrive\Pictures\Samsung Gallery\DCIM\Books 2.0\20151110_213602.jpg,,Already existed
C:\Users\megha\OneDrive\Pictures\Samsung Gallery\DCIM\Books 2.0\20151110_214807.jpg,,Already existed
C:\Users\megha\OneDrive\Pictures\Samsung Gallery\DCIM\Books 2.0\20151110_214813.jpg,,Already existed
C:\Users\megha\OneDrive\Pictures\Samsung Gallery\DCIM\Books 2.0\7281b038843701ff5668a91659c466df.jpg,,Already existed
C:\Users\megha\OneDrive\Pictures\Samsung Gallery\DCIM\Books 2.0\800494f067e7b06de67d3f46bc249af2.jpg,,Already existed
C:\Users\megha\OneDrive\Pictures\Samsung Gallery\DCIM\Books 2.0\b33cf103804f8775bfab99b6a6209505.jpg,,Already existed
C:\Users\megha\OneDrive\Pictures\Samsung Gallery\DCIM\Books 2.0\fbd9197de428642d431b98b23413195d.jpg,,Already existed
C:\Users\megha\OneDrive\Pictures\Samsung Gallery\DCIM\Books 2.0\FB_IMG_1697977111864.jpg,,Already existed
C:\Users\megha\OneDrive\Pictures\Samsung Gallery\DCIM\Books 2.0\FB_IMG_1697977138171.jpg,,Already existed
C:\Users\megha\OneDrive\Pictures\Samsung Gallery\DCIM\Books 2.0\FB_IMG_1698687664467.jpg,,Already existed
C:\Users\megha\OneDrive\Pictures\Samsung Gallery\DCIM\Books 2.0\FB_IMG_1703696856402.jpg,,Already existed
C:\Users\megha\OneDrive\Pictures\Samsung Gallery\DCIM\Books 2.0\FB_IMG_1704971228594.jpg,,Already existed
C:\Users\megha\OneDrive\Pictures\Samsung Gallery\DCIM\Books 2.0\FB_IMG_1706063070732.jpg,,Already existed
C:\Users\megha\OneDrive\Pictures\Samsung Gallery\DCIM\Books 2.0\FB_IMG_1706095516552.jpg,,Already existed
C:\Users\megha\OneDrive\Pictures\Samsung Gallery\DCIM\Books 2.0\FB_IMG_1761697938584.jpg,,Already existed
C:\Users\megha\OneDrive\Pictures\Samsung Gallery\DCIM\Books 2.0\FB_IMG_1762168845027.jpg,,Already existed
C:\Users\megha\OneDrive\Pictures\Samsung Gallery\DCIM\Books 2.0\FB_IMG_1762168855762.jpg,,Already existed
C:\Users\megha\OneDrive\Pictures\Samsung Gallery\DCIM\Books 2.0\FB_IMG_1765910360222.jpg,,Already existed
C:\Users\megha\OneDrive\Pictures\Samsung Gallery\DCIM\Books 2.0\FB_IMG_1770337995809.jpg,,Already existed
C:\Users\megha\OneDrive\Pictures\Samsung Gallery\DCIM\Books 2.0\IMG_3013.JPG,,Already existed
C:\Users\megha\OneDrive\Pictures\Samsung Gallery\DCIM\Books 2.0\Screenshot_20220407-212304_TikTok.jpg,,Already existed
C:\Users\megha\OneDrive\Pictures\Samsung Gallery\DCIM\Books 2.0\Screenshot_20220407-212311_TikTok.jpg,,Already existed
C:\Users\megha\OneDrive\Pictures\Samsung Gallery\DCIM\Books 2.0\Screenshot_20220407-212317_TikTok.jpg,,Already existed
C:\Users\megha\OneDrive\Pictures\Samsung Gallery\DCIM\Books 2.0\Screenshot_20220407-212320_TikTok.jpg,,Already existed
C:\Users\megha\OneDrive\Pictures\Samsung Gallery\DCIM\Books 2.0\Screenshot_20220407-212324_TikTok.jpg,,Already existed
C:\Users\megha\OneDrive\Pictures\Samsung Gallery\DCIM\Books 2.0\Screenshot_20220531-213929_TikTok.jpg,,Already existed
C:\Users\megha\OneDrive\Pictures\Samsung Gallery\DCIM\Books 2.0\Screenshot_20220615-220523_TikTok.jpg,,Already existed
C:\Users\megha\OneDrive\Pictures\Samsung Gallery\DCIM\Books 2.0\Screenshot_20220622-222129_TikTok.jpg,,Already existed
C:\Users\megha\OneDrive\Pictures\Samsung Gallery\DCIM\Books 2.0\Screenshot_20220625-214801_TikTok.jpg,,Already existed
C:\Users\megha\OneDrive\Pictures\Samsung Gallery\DCIM\Books 2.0\Screenshot_20220625-214826_TikTok.jpg,,Already existed
C:\Users\megha\OneDrive\Pictures\Samsung Gallery\DCIM\Books 2.0\Screenshot_20220704-212058_TikTok.jpg,,Already existed
C:\Users\megha\OneDrive\Pictures\Samsung Gallery\DCIM\Books 2.0\Screenshot_20220705-212544_TikTok.jpg,,Already existed
C:\Users\megha\OneDrive\Pictures\Samsung Gallery\DCIM\Books 2.0\Screenshot_20220706-174228_TikTok.jpg,,Already existed
C:\Users\megha\OneDrive\Pictures\Samsung Gallery\DCIM\Books 2.0\Screenshot_20220707-210920_TikTok.jpg,,Already existed
C:\Users\megha\OneDrive\Pictures\Samsung Gallery\DCIM\Books 2.0\Screenshot_20220710-090334_TikTok.jpg,,Already existed
C:\Users\megha\OneDrive\Pictures\Samsung Gallery\DCIM\Books 2.0\Screenshot_20220712-221800_TikTok.jpg,,Already existed
C:\Users\megha\OneDrive\Pictures\Samsung Gallery\DCIM\Books 2.0\Screenshot_20220714-063746_TikTok.jpg,,Already existed
C:\Users\megha\OneDrive\Pictures\Samsung Gallery\DCIM\Books 2.0\Screenshot_20220714-065122_TikTok.jpg,,Already existed
C:\Users\megha\OneDrive\Pictures\Samsung Gallery\DCIM\Books 2.0\Screenshot_20220714-065131_TikTok.jpg,,Already existed
C:\Users\megha\OneDrive\Pictures\Samsung Gallery\DCIM\Books 2.0\Screenshot_20220714-065135_TikTok.jpg,,Already existed
C:\Users\megha\OneDrive\Pictures\Samsung Gallery\DCIM\Books 2.0\Screenshot_20220716-150514_TikTok.jpg,,Already existed
C:\Users\megha\OneDrive\Pictures\Samsung Gallery\DCIM\Books 2.0\Screenshot_20220718-203306_TikTok.jpg,,Already existed
C:\Users\megha\OneDrive\Pictures\Samsung Gallery\DCIM\Books 2.0\Screenshot_20220718-213042_TikTok.jpg,,Already existed
C:\Users\megha\OneDrive\Pictures\Samsung Gallery\DCIM\Books 2.0\Screenshot_20220718-213049_TikTok.jpg,,Already existed
C:\Users\megha\OneDrive\Pictures\Samsung Gallery\DCIM\Books 2.0\Screenshot_20220718-213052_TikTok.jpg,,Already existed
C:\Users\megha\OneDrive\Pictures\Samsung Gallery\DCIM\Books 2.0\Screenshot_20220718-213055_TikTok.jpg,,Already existed
C:\Users\megha\OneDrive\Pictures\Samsung Gallery\DCIM\Books 2.0\Screenshot_20220718-213058_TikTok.jpg,,Already existed
C:\Users\megha\OneDrive\Pictures\Samsung Gallery\DCIM\Books 2.0\Screenshot_20220718-213100_TikTok.jpg,,Already existed
C:\Users\megha\OneDrive\Pictures\Samsung Gallery\DCIM\Books 2.0\Screenshot_20220718-213121_TikTok.jpg,,Already existed
C:\Users\megha\OneDrive\Pictures\Samsung Gallery\DCIM\Books 2.0\Screenshot_20220718-213140_TikTok.jpg,,Already existed
C:\Users\megha\OneDrive\Pictures\Samsung Gallery\DCIM\Books 2.0\Screenshot_20220814-213425_TikTok.jpg,,Already existed
C:\Users\megha\OneDrive\Pictures\Samsung Gallery\DCIM\Books 2.0\Screenshot_20220814-213430_TikTok.jpg,,Already existed
C:\Users\megha\OneDrive\Pictures\Samsung Gallery\DCIM\Books 2.0\Screenshot_20220814-213438_TikTok.jpg,,Already existed
C:\Users\megha\OneDrive\Pictures\Samsung Gallery\DCIM\Books 2.0\Screenshot_20220814-213446_TikTok.jpg,,Already existed
C:\Users\megha\OneDrive\Pictures\Samsung Gallery\DCIM\Books 2.0\Screenshot_20220827-215040_TikTok.jpg,,Already existed
C:\Users\megha\OneDrive\Pictures\Samsung Gallery\DCIM\Books 2.0\Screenshot_20220827-215057_TikTok.jpg,,Already existed
C:\Users\megha\OneDrive\Pictures\Samsung Gallery\DCIM\Books 2.0\Screenshot_20220827-215104_TikTok.jpg,,Already existed
C:\Users\megha\OneDrive\Pictures\Samsung Gallery\DCIM\Books 2.0\Screenshot_20221204_205243_TikTok.jpg,,Already existed
C:\Users\megha\OneDrive\Pictures\Samsung Gallery\DCIM\Books 2.0\Screenshot_20221231_091833_TikTok.jpg,,Already existed
C:\Users\megha\OneDrive\Pictures\Samsung Gallery\DCIM\Books 2.0\Screenshot_20221231_091841_TikTok.jpg,,Already existed
C:\Users\megha\OneDrive\Pictures\Samsung Gallery\DCIM\Books 2.0\Screenshot_20221231_091847_TikTok.jpg,,Already existed
C:\Users\megha\OneDrive\Pictures\Samsung Gallery\DCIM\Books 2.0\Screenshot_20221231_092126_TikTok.jpg,,Already existed
C:\Users\megha\OneDrive\Pictures\Samsung Gallery\DCIM\Books 2.0\Screenshot_20221231_092335_TikTok.jpg,,Already existed
C:\Users\megha\OneDrive\Pictures\Samsung Gallery\DCIM\Books 2.0\Screenshot_20221231_092341_TikTok.jpg,,Already existed
C:\Users\megha\OneDrive\Pictures\Samsung Gallery\DCIM\Books 2.0\Screenshot_20221231_092348_TikTok.jpg,,Already existed
C:\Users\megha\OneDrive\Pictures\Samsung Gallery\DCIM\Books 2.0\Screenshot_20221231_092353_TikTok.jpg,,Already existed
C:\Users\megha\OneDrive\Pictures\Samsung Gallery\DCIM\Books 2.0\Screenshot_20221231_092400_TikTok.jpg,,Already existed
C:\Users\megha\OneDrive\Pictures\Samsung Gallery\DCIM\Books 2.0\Screenshot_20221231_092452_TikTok.jpg,,Already existed
C:\Users\megha\OneDrive\Pictures\Samsung Gallery\DCIM\Books 2.0\Screenshot_20221231_092457_TikTok.jpg,,Already existed
C:\Users\megha\OneDrive\Pictures\Samsung Gallery\DCIM\Books 2.0\Screenshot_20221231_092501_TikTok.jpg,,Already existed
C:\Users\megha\OneDrive\Pictures\Samsung Gallery\DCIM\Books 2.0\Screenshot_20221231_162818_TikTok.jpg,,Already existed
C:\Users\megha\OneDrive\Pictures\Samsung Gallery\DCIM\Books 2.0\Screenshot_20221231_162828_TikTok.jpg,,Already existed
C:\Users\megha\OneDrive\Pictures\Samsung Gallery\DCIM\Books 2.0\Screenshot_20221231_162836_TikTok.jpg,,Already existed
C:\Users\megha\OneDrive\Pictures\Samsung Gallery\DCIM\Books 2.0\Screenshot_20221231_162844_TikTok.jpg,,Already existed
C:\Users\megha\OneDrive\Pictures\Samsung Gallery\DCIM\Books 2.0\Screenshot_20221231_162853_TikTok.jpg,,Already existed
C:\Users\megha\OneDrive\Pictures\Samsung Gallery\DCIM\Books 2.0\Screenshot_20230101_202529_TikTok.jpg,,Already existed
C:\Users\megha\OneDrive\Pictures\Samsung Gallery\DCIM\Books 2.0\Screenshot_20230101_203421_TikTok.jpg,,Already existed
C:\Users\megha\OneDrive\Pictures\Samsung Gallery\DCIM\Books 2.0\Screenshot_20230101_212928_TikTok.jpg,,Already existed
C:\Users\megha\OneDrive\Pictures\Samsung Gallery\DCIM\Books 2.0\Screenshot_20230120_213723_TikTok.jpg,,Already existed
C:\Users\megha\OneDrive\Pictures\Samsung Gallery\DCIM\Books 2.0\Screenshot_20230123_211514_TikTok.jpg,,Already existed
C:\Users\megha\OneDrive\Pictures\Samsung Gallery\DCIM\Books 2.0\Screenshot_20230123_211531_TikTok.jpg,,Already existed
C:\Users\megha\OneDrive\Pictures\Samsung Gallery\DCIM\Books 2.0\Screenshot_20230123_211919_TikTok.jpg,,Already existed
C:\Users\megha\OneDrive\Pictures\Samsung Gallery\DCIM\Books 2.0\Screenshot_20230123_212004_TikTok.jpg,,Already existed
C:\Users\megha\OneDrive\Pictures\Samsung Gallery\DCIM\Books 2.0\Screenshot_20230123_212107_TikTok.jpg,,Already existed
C:\Users\megha\OneDrive\Pictures\Samsung Gallery\DCIM\Books 2.0\Screenshot_20230123_212112_TikTok.jpg,,Already existed
C:\Users\megha\OneDrive\Pictures\Samsung Gallery\DCIM\Books 2.0\Screenshot_20230123_212301_TikTok.jpg,,Already existed
C:\Users\megha\OneDrive\Pictures\Samsung Gallery\DCIM\Books 2.0\Screenshot_20230123_212306_TikTok.jpg,,Already existed
C:\Users\megha\OneDrive\Pictures\Samsung Gallery\DCIM\Books 2.0\Screenshot_20230203_211737_TikTok.jpg,,Already existed
C:\Users\megha\OneDrive\Pictures\Samsung Gallery\DCIM\Books 2.0\Screenshot_20230203_211745_TikTok.jpg,,Already existed
C:\Users\megha\OneDrive\Pictures\Samsung Gallery\DCIM\Books 2.0\Screenshot_20230203_211757_TikTok.jpg,,Already existed
C:\Users\megha\OneDrive\Pictures\Samsung Gallery\DCIM\Books 2.0\Screenshot_20230203_211805_TikTok.jpg,,Already existed
C:\Users\megha\OneDrive\Pictures\Samsung Gallery\DCIM\Books 2.0\Screenshot_20230203_211811_TikTok.jpg,,Already existed
C:\Users\megha\OneDrive\Pictures\Samsung Gallery\DCIM\Books 2.0\Screenshot_20230203_211821_TikTok.jpg,,Already existed
C:\Users\megha\OneDrive\Pictures\Samsung Gallery\DCIM\Books 2.0\Screenshot_20230211_073833_TikTok.jpg,,Already existed
C:\Users\megha\OneDrive\Pictures\Samsung Gallery\DCIM\Books 2.0\Screenshot_20230221_214355_TikTok.jpg,,Already existed
C:\Users\megha\OneDrive\Pictures\Samsung Gallery\DCIM\Books 2.0\Screenshot_20230320_212836_TikTok.jpg,,Already existed
C:\Users\megha\OneDrive\Pictures\Samsung Gallery\DCIM\Books 2.0\Screenshot_20230320_212841_TikTok.jpg,,Already existed
C:\Users\megha\OneDrive\Pictures\Samsung Gallery\DCIM\Books 2.0\Screenshot_20230320_212846_TikTok.jpg,,Already existed
C:\Users\megha\OneDrive\Pictures\Samsung Gallery\DCIM\Books 2.0\Screenshot_20230320_212850_TikTok.jpg,,Already existed
C:\Users\megha\OneDrive\Pictures\Samsung Gallery\DCIM\Books 2.0\Screenshot_20230320_212853_TikTok.jpg,,Already existed
C:\Users\megha\OneDrive\Pictures\Samsung Gallery\DCIM\Books 2.0\Screenshot_20230423_212914_TikTok.jpg,,Already existed
C:\Users\megha\OneDrive\Pictures\Samsung Gallery\DCIM\Books 2.0\Screenshot_20230429_223922_TikTok.jpg,,Already existed
C:\Users\megha\OneDrive\Pictures\Samsung Gallery\DCIM\Books 2.0\Screenshot_20230429_223927_TikTok.jpg,,Already existed
C:\Users\megha\OneDrive\Pictures\Samsung Gallery\DCIM\Books 2.0\Screenshot_20230501_220928_TikTok.jpg,,Already existed
C:\Users\megha\OneDrive\Pictures\Samsung Gallery\DCIM\Books 2.0\Screenshot_20230501_220933_TikTok.jpg,,Already existed
C:\Users\megha\OneDrive\Pictures\Samsung Gallery\DCIM\Books 2.0\Screenshot_20230501_220956_TikTok.jpg,,Already existed
C:\Users\megha\OneDrive\Pictures\Samsung Gallery\DCIM\Books 2.0\Screenshot_20230501_221449_TikTok.jpg,,Already existed
C:\Users\megha\OneDrive\Pictures\Samsung Gallery\DCIM\Books 2.0\Screenshot_20230926_213539_TikTok.jpg,,Already existed
C:\Users\megha\OneDrive\Pictures\Samsung Gallery\DCIM\Books 2.0\Screenshot_20230926_213544_TikTok.jpg,,Already existed
C:\Users\megha\OneDrive\Pictures\Samsung Gallery\DCIM\Books 2.0\Screenshot_20230926_213548_TikTok.jpg,,Already existed
C:\Users\megha\OneDrive\Pictures\Samsung Gallery\DCIM\Books 2.0\Screenshot_20230926_213557_TikTok.jpg,,Already existed
C:\Users\megha\OneDrive\Pictures\Samsung Gallery\DCIM\Books 2.0\Screenshot_20230926_213559_TikTok.jpg,,Already existed
C:\Users\megha\OneDrive\Pictures\Samsung Gallery\DCIM\Books 2.0\Screenshot_20230926_213600_TikTok.jpg,,Already existed
C:\Users\megha\OneDrive\Pictures\Samsung Gallery\DCIM\Books 2.0\Screenshot_20231006_203645_Pinterest.jpg,,Already existed
C:\Users\megha\OneDrive\Pictures\Samsung Gallery\DCIM\Books 2.0\Screenshot_20231007_075053_Facebook.jpg,,Already existed
C:\Users\megha\OneDrive\Pictures\Samsung Gallery\DCIM\Books 2.0\Screenshot_20231007_075111_Facebook.jpg,,Already existed
C:\Users\megha\OneDrive\Pictures\Samsung Gallery\DCIM\Books 2.0\Screenshot_20231007_075122_Facebook.jpg,,Already existed
C:\Users\megha\OneDrive\Pictures\Samsung Gallery\DCIM\Books 2.0\Screenshot_20231007_075200_Facebook.jpg,,Already existed
C:\Users\megha\OneDrive\Pictures\Samsung Gallery\DCIM\Books 2.0\Screenshot_20231007_075210_Facebook.jpg,,Already existed
C:\Users\megha\OneDrive\Pictures\Samsung Gallery\DCIM\Books 2.0\Screenshot_20231007_075220_Facebook.jpg,,Already existed
C:\Users\megha\OneDrive\Pictures\Samsung Gallery\DCIM\Books 2.0\Screenshot_20231007_075228_Facebook.jpg,,Already existed
C:\Users\megha\OneDrive\Pictures\Samsung Gallery\DCIM\Books 2.0\Screenshot_20231007_075626_Facebook.jpg,,Already existed
C:\Users\megha\OneDrive\Pictures\Samsung Gallery\DCIM\Books 2.0\Screenshot_20231007_075632_Facebook.jpg,,Already existed
C:\Users\megha\OneDrive\Pictures\Samsung Gallery\DCIM\Books 2.0\Screenshot_20231007_075637_Facebook.jpg,,Already existed
C:\Users\megha\OneDrive\Pictures\Samsung Gallery\DCIM\Books 2.0\Screenshot_20231007_075642_Facebook.jpg,,Already existed
C:\Users\megha\OneDrive\Pictures\Samsung Gallery\DCIM\Books 2.0\Screenshot_20231007_075648_Facebook.jpg,,Already existed
C:\Users\megha\OneDrive\Pictures\Samsung Gallery\DCIM\Books 2.0\Screenshot_20231007_075652_Facebook.jpg,,Already existed
C:\Users\megha\OneDrive\Pictures\Samsung Gallery\DCIM\Books 2.0\Screenshot_20231007_075700_Facebook.jpg,,Already existed
C:\Users\megha\OneDrive\Pictures\Samsung Gallery\DCIM\Books 2.0\Screenshot_20231019_101710_Facebook.jpg,,Already existed
C:\Users\megha\OneDrive\Pictures\Samsung Gallery\DCIM\Books 2.0\Screenshot_20231019_101714_Facebook.jpg,,Already existed
C:\Users\megha\OneDrive\Pictures\Samsung Gallery\DCIM\Books 2.0\Screenshot_20231019_101718_Facebook.jpg,,Already existed
C:\Users\megha\OneDrive\Pictures\Samsung Gallery\DCIM\Books 2.0\Screenshot_20231019_101721_Facebook.jpg,,Already existed
C:\Users\megha\OneDrive\Pictures\Samsung Gallery\DCIM\Books 2.0\Screenshot_20231025_064046_Facebook.jpg,,Already existed
C:\Users\megha\OneDrive\Pictures\Samsung Gallery\DCIM\Books 2.0\Screenshot_20231025_131101_Facebook.jpg,,Already existed
C:\Users\megha\OneDrive\Pictures\Samsung Gallery\DCIM\Books 2.0\Screenshot_20231026_083344_Facebook.jpg,,Already existed
C:\Users\megha\OneDrive\Pictures\Samsung Gallery\DCIM\Books 2.0\Screenshot_20231026_083346_Facebook.jpg,,Already existed
C:\Users\megha\OneDrive\Pictures\Samsung Gallery\DCIM\Books 2.0\Screenshot_20231026_083347_Facebook.jpg,,Already existed
C:\Users\megha\OneDrive\Pictures\Samsung Gallery\DCIM\Books 2.0\Screenshot_20231028_162441_Facebook.jpg,,Already existed
C:\Users\megha\OneDrive\Pictures\Samsung Gallery\DCIM\Books 2.0\Screenshot_20231028_162448_Facebook.jpg,,Already existed
C:\Users\megha\OneDrive\Pictures\Samsung Gallery\DCIM\Books 2.0\Screenshot_20231028_162455_Facebook.jpg,,Already existed
C:\Users\megha\OneDrive\Pictures\Samsung Gallery\DCIM\Books 2.0\Screenshot_20231028_211602_Facebook.jpg,,Already existed
C:\Users\megha\OneDrive\Pictures\Samsung Gallery\DCIM\Books 2.0\Screenshot_20231028_211608_Facebook.jpg,,Already existed
C:\Users\megha\OneDrive\Pictures\Samsung Gallery\DCIM\Books 2.0\Screenshot_20231028_211612_Facebook.jpg,,Already existed
C:\Users\megha\OneDrive\Pictures\Samsung Gallery\DCIM\Books 2.0\Screenshot_20231028_211618_Facebook.jpg,,Already existed
C:\Users\megha\OneDrive\Pictures\Samsung Gallery\DCIM\Books 2.0\Screenshot_20231028_211624_Facebook.jpg,,Already existed
C:\Users\megha\OneDrive\Pictures\Samsung Gallery\DCIM\Books 2.0\Screenshot_20231030_095712_Facebook.jpg,,Already existed
C:\Users\megha\OneDrive\Pictures\Samsung Gallery\DCIM\Books 2.0\Screenshot_20231030_100532_Facebook.jpg,,Already existed
C:\Users\megha\OneDrive\Pictures\Samsung Gallery\DCIM\Books 2.0\Screenshot_20231030_100537_Facebook.jpg,,Already existed
C:\Users\megha\OneDrive\Pictures\Samsung Gallery\DCIM\Books 2.0\Screenshot_20231030_100543_Facebook.jpg,,Already existed
C:\Users\megha\OneDrive\Pictures\Samsung Gallery\DCIM\Books 2.0\Screenshot_20231030_100550_Facebook.jpg,,Already existed
C:\Users\megha\OneDrive\Pictures\Samsung Gallery\DCIM\Books 2.0\Screenshot_20231030_122633_Facebook.jpg,,Already existed
C:\Users\megha\OneDrive\Pictures\Samsung Gallery\DCIM\Books 2.0\Screenshot_20231030_122639_Facebook.jpg,,Already existed
C:\Users\megha\OneDrive\Pictures\Samsung Gallery\DCIM\Books 2.0\Screenshot_20231030_122643_Facebook.jpg,,Already existed
C:\Users\megha\OneDrive\Pictures\Samsung Gallery\DCIM\Books 2.0\Screenshot_20231030_122645_Facebook.jpg,,Already existed
C:\Users\megha\OneDrive\Pictures\Samsung Gallery\DCIM\Books 2.0\Screenshot_20231031_070528_Facebook.jpg,,Already existed
C:\Users\megha\OneDrive\Pictures\Samsung Gallery\DCIM\Books 2.0\Screenshot_20231031_070534_Facebook.jpg,,Already existed
C:\Users\megha\OneDrive\Pictures\Samsung Gallery\DCIM\Books 2.0\Screenshot_20231031_070538_Facebook.jpg,,Already existed
C:\Users\megha\OneDrive\Pictures\Samsung Gallery\DCIM\Books 2.0\Screenshot_20231031_070542_Facebook.jpg,,Already existed
C:\Users\megha\OneDrive\Pictures\Samsung Gallery\DCIM\Books 2.0\Screenshot_20231031_070546_Facebook.jpg,,Already existed
C:\Users\megha\OneDrive\Pictures\Samsung Gallery\DCIM\Books 2.0\Screenshot_20231123_070745_Facebook.jpg,,Already existed
C:\Users\megha\OneDrive\Pictures\Samsung Gallery\DCIM\Books 2.0\Screenshot_20231123_070747_Facebook.jpg,,Already existed
C:\Users\megha\OneDrive\Pictures\Samsung Gallery\DCIM\Books 2.0\Screenshot_20231123_070749_Facebook.jpg,,Already existed
C:\Users\megha\OneDrive\Pictures\Samsung Gallery\DCIM\Books 2.0\Screenshot_20231123_070751_Facebook.jpg,,Already existed
C:\Users\megha\OneDrive\Pictures\Samsung Gallery\DCIM\Books 2.0\Screenshot_20231123_070753_Facebook.jpg,,Already existed
C:\Users\megha\OneDrive\Pictures\Samsung Gallery\DCIM\Books 2.0\Screenshot_20231123_070755_Facebook.jpg,,Already existed
C:\Users\megha\OneDrive\Pictures\Samsung Gallery\DCIM\Books 2.0\Screenshot_20231123_070757_Facebook.jpg,,Already existed
C:\Users\megha\OneDrive\Pictures\Samsung Gallery\DCIM\Books 2.0\Screenshot_20231123_070759_Facebook.jpg,,Already existed
C:\Users\megha\OneDrive\Pictures\Samsung Gallery\DCIM\Books 2.0\Screenshot_20231123_070801_Facebook.jpg,,Already existed
C:\Users\megha\OneDrive\Pictures\Samsung Gallery\DCIM\Books 2.0\Screenshot_20231123_070803_Facebook.jpg,,Already existed
C:\Users\megha\OneDrive\Pictures\Samsung Gallery\DCIM\Books 2.0\Screenshot_20231123_070805_Facebook.jpg,,Already existed
C:\Users\megha\OneDrive\Pictures\Samsung Gallery\DCIM\Books 2.0\Screenshot_20231123_070807_Facebook.jpg,,Already existed
C:\Users\megha\OneDrive\Pictures\Samsung Gallery\DCIM\Books 2.0\Screenshot_20240103_103143_Facebook.jpg,,Already existed
C:\Users\megha\OneDrive\Pictures\Samsung Gallery\DCIM\Books 2.0\Screenshot_20240103_103150_Facebook.jpg,,Already existed
C:\Users\megha\OneDrive\Pictures\Samsung Gallery\DCIM\Books 2.0\Screenshot_20240104_201908_TikTok.jpg,,Already existed
C:\Users\megha\OneDrive\Pictures\Samsung Gallery\DCIM\Books 2.0\Screenshot_20240104_201916_TikTok.jpg,,Already existed
C:\Users\megha\OneDrive\Pictures\Samsung Gallery\DCIM\Books 2.0\Screenshot_20240104_201920_TikTok.jpg,,Already existed
C:\Users\megha\OneDrive\Pictures\Samsung Gallery\DCIM\Books 2.0\Screenshot_20240104_201924_TikTok.jpg,,Already existed
C:\Users\megha\OneDrive\Pictures\Samsung Gallery\DCIM\Books 2.0\Screenshot_20240105_064825_Facebook.jpg,,Already existed
C:\Users\megha\OneDrive\Pictures\Samsung Gallery\DCIM\Books 2.0\Screenshot_20240105_064834_Facebook.jpg,,Already existed
C:\Users\megha\OneDrive\Pictures\Samsung Gallery\DCIM\Books 2.0\Screenshot_20240116_204837_TikTok.jpg,,Already existed
C:\Users\megha\OneDrive\Pictures\Samsung Gallery\DCIM\Books 2.0\Screenshot_20240116_204848_TikTok.jpg,,Already existed
C:\Users\megha\OneDrive\Pictures\Samsung Gallery\DCIM\Books 2.0\Screenshot_20240116_205645_TikTok.jpg,,Already existed
C:\Users\megha\OneDrive\Pictures\Samsung Gallery\DCIM\Books 2.0\Screenshot_20240116_205647_TikTok.jpg,,Already existed
C:\Users\megha\OneDrive\Pictures\Samsung Gallery\DCIM\Books 2.0\Screenshot_20240116_205650_TikTok.jpg,,Already existed
C:\Users\megha\OneDrive\Pictures\Samsung Gallery\DCIM\Books 2.0\Screenshot_20240116_205653_TikTok.jpg,,Already existed
C:\Users\megha\OneDrive\Pictures\Samsung Gallery\DCIM\Books 2.0\Screenshot_20240116_205656_TikTok.jpg,,Already existed
C:\Users\megha\OneDrive\Pictures\Samsung Gallery\DCIM\Books 2.0\Screenshot_20240116_210635_TikTok.jpg,,Already existed
C:\Users\megha\OneDrive\Pictures\Samsung Gallery\DCIM\Books 2.0\Screenshot_20240117_085633_Facebook.jpg,,Already existed
C:\Users\megha\OneDrive\Pictures\Samsung Gallery\DCIM\Books 2.0\Screenshot_20240117_085645_Facebook.jpg,,Already existed
C:\Users\megha\OneDrive\Pictures\Samsung Gallery\DCIM\Books 2.0\Screenshot_20240117_085650_Facebook.jpg,,Already existed
C:\Users\megha\OneDrive\Pictures\Samsung Gallery\DCIM\Books 2.0\Screenshot_20240121_072717_Facebook.jpg,,Already existed
C:\Users\megha\OneDrive\Pictures\Samsung Gallery\DCIM\Books 2.0\Screenshot_20240121_072742_Facebook.jpg,,Already existed
C:\Users\megha\OneDrive\Pictures\Samsung Gallery\DCIM\Books 2.0\Screenshot_20240125_063314_Facebook.jpg,,Already existed
C:\Users\megha\OneDrive\Pictures\Samsung Gallery\DCIM\Books 2.0\Screenshot_20240125_063318_Facebook.jpg,,Already existed
C:\Users\megha\OneDrive\Pictures\Samsung Gallery\DCIM\Books 2.0\Screenshot_20240125_063322_Facebook.jpg,,Already existed
C:\Users\megha\OneDrive\Pictures\Samsung Gallery\DCIM\Books 2.0\Screenshot_20240125_063326_Facebook.jpg,,Already existed
C:\Users\megha\OneDrive\Pictures\Samsung Gallery\DCIM\Books 2.0\Screenshot_20240125_063330_Facebook.jpg,,Already existed
C:\Users\megha\OneDrive\Pictures\Samsung Gallery\DCIM\Books 2.0\Screenshot_20240125_063334_Facebook.jpg,,Already existed
C:\Users\megha\OneDrive\Pictures\Samsung Gallery\DCIM\Books 2.0\Screenshot_20240125_063338_Facebook.jpg,,Already existed
C:\Users\megha\OneDrive\Pictures\Samsung Gallery\DCIM\Books 2.0\Screenshot_20240125_063343_Facebook.jpg,,Already existed
C:\Users\megha\OneDrive\Pictures\Samsung Gallery\DCIM\Books 2.0\Screenshot_20240128_203402_Facebook.jpg,,Already existed
C:\Users\megha\OneDrive\Pictures\Samsung Gallery\DCIM\Books 2.0\Screenshot_20240128_203405_Facebook.jpg,,Already existed
C:\Users\megha\OneDrive\Pictures\Samsung Gallery\DCIM\Books 2.0\Screenshot_20240128_203408_Facebook.jpg,,Already existed
C:\Users\megha\OneDrive\Pictures\Samsung Gallery\DCIM\Books 2.0\Screenshot_20240128_203410_Facebook.jpg,,Already existed
C:\Users\megha\OneDrive\Pictures\Samsung Gallery\DCIM\Books 2.0\Screenshot_20240128_203414_Facebook.jpg,,Already existed
C:\Users\megha\OneDrive\Pictures\Samsung Gallery\DCIM\Books 2.0\Screenshot_20240128_203417_Facebook.jpg,,Already existed
C:\Users\megha\OneDrive\Pictures\Samsung Gallery\DCIM\Books 2.0\Screenshot_20240128_203420_Facebook.jpg,,Already existed
C:\Users\megha\OneDrive\Pictures\Samsung Gallery\DCIM\Books 2.0\Screenshot_20240128_203423_Facebook.jpg,,Already existed
C:\Users\megha\OneDrive\Pictures\Samsung Gallery\DCIM\Books 2.0\Screenshot_20240128_203426_Facebook.jpg,,Already existed
C:\Users\megha\OneDrive\Pictures\Samsung Gallery\DCIM\Books 2.0\Screenshot_20240128_203429_Facebook.jpg,,Already existed
C:\Users\megha\OneDrive\Pictures\Samsung Gallery\DCIM\Books 2.0\Screenshot_20240128_203432_Facebook.jpg,,Already existed
C:\Users\megha\OneDrive\Pictures\Samsung Gallery\DCIM\Books 2.0\Screenshot_20240129_060349_Facebook.jpg,,Already existed
C:\Users\megha\OneDrive\Pictures\Samsung Gallery\DCIM\Books 2.0\Screenshot_20240129_060411_Facebook.jpg,,Already existed
C:\Users\megha\OneDrive\Pictures\Samsung Gallery\DCIM\Books 2.0\Screenshot_20240129_060430_Facebook.jpg,,Already existed
C:\Users\megha\OneDrive\Pictures\Samsung Gallery\DCIM\Books 2.0\Screenshot_20240129_060453_Facebook.jpg,,Already existed
C:\Users\megha\OneDrive\Pictures\Samsung Gallery\DCIM\Books 2.0\Screenshot_20240131_065725_TikTok.jpg,,Already existed
C:\Users\megha\OneDrive\Pictures\Samsung Gallery\DCIM\Books 2.0\Screenshot_20240131_065727_TikTok.jpg,,Already existed
C:\Users\megha\OneDrive\Pictures\Samsung Gallery\DCIM\Books 2.0\Screenshot_20240131_065729_TikTok.jpg,,Already existed
C:\Users\megha\OneDrive\Pictures\Samsung Gallery\DCIM\Books 2.0\Screenshot_20240131_065731_TikTok.jpg,,Already existed
C:\Users\megha\OneDrive\Pictures\Samsung Gallery\DCIM\Books 2.0\Screenshot_20240131_065733_TikTok.jpg,,Already existed
C:\Users\megha\OneDrive\Pictures\Samsung Gallery\DCIM\Books 2.0\Screenshot_20240131_065734_TikTok.jpg,,Already existed
C:\Users\megha\OneDrive\Pictures\Samsung Gallery\DCIM\Books 2.0\Screenshot_20240131_065736_TikTok.jpg,,Already existed
C:\Users\megha\OneDrive\Pictures\Samsung Gallery\DCIM\Books 2.0\Screenshot_20240131_065738_TikTok.jpg,,Already existed
C:\Users\megha\OneDrive\Pictures\Samsung Gallery\DCIM\Books 2.0\Screenshot_20240131_065742_TikTok.jpg,,Already existed
C:\Users\megha\OneDrive\Pictures\Samsung Gallery\DCIM\Books 2.0\Screenshot_20240131_065744_TikTok.jpg,,Already existed
C:\Users\megha\OneDrive\Pictures\Samsung Gallery\DCIM\Books 2.0\Screenshot_20240131_070012_TikTok.jpg,,Already existed
C:\Users\megha\OneDrive\Pictures\Samsung Gallery\DCIM\Books 2.0\Screenshot_20240131_070047_TikTok.jpg,,Already existed
C:\Users\megha\OneDrive\Pictures\Samsung Gallery\DCIM\Books 2.0\Screenshot_20240131_070114_TikTok.jpg,,Already existed
C:\Users\megha\OneDrive\Pictures\Samsung Gallery\DCIM\Books 2.0\Screenshot_20240131_070137_TikTok.jpg,,Already existed
C:\Users\megha\OneDrive\Pictures\Samsung Gallery\DCIM\Books 2.0\Screenshot_20240131_070155_TikTok.jpg,,Already existed
C:\Users\megha\OneDrive\Pictures\Samsung Gallery\DCIM\Books 2.0\Screenshot_20240131_070229_TikTok.jpg,,Already existed
C:\Users\megha\OneDrive\Pictures\Samsung Gallery\DCIM\Books 2.0\Screenshot_20240131_070241_TikTok.jpg,,Already existed
C:\Users\megha\OneDrive\Pictures\Samsung Gallery\DCIM\Books 2.0\Screenshot_20240131_070340_TikTok.jpg,,Already existed
C:\Users\megha\OneDrive\Pictures\Samsung Gallery\DCIM\Books 2.0\Screenshot_20240131_070359_TikTok.jpg,,Already existed
C:\Users\megha\OneDrive\Pictures\Samsung Gallery\DCIM\Books 2.0\Screenshot_20240131_070401_TikTok.jpg,,Already existed
C:\Users\megha\OneDrive\Pictures\Samsung Gallery\DCIM\Books 2.0\Screenshot_20240131_070403_TikTok.jpg,,Already existed
C:\Users\megha\OneDrive\Pictures\Samsung Gallery\DCIM\Books 2.0\Screenshot_20240131_070404_TikTok.jpg,,Already existed
C:\Users\megha\OneDrive\Pictures\Samsung Gallery\DCIM\Books 2.0\Screenshot_20240131_070406_TikTok.jpg,,Already existed
C:\Users\megha\OneDrive\Pictures\Samsung Gallery\DCIM\Books 2.0\Screenshot_20240131_070520_TikTok.jpg,,Already existed
C:\Users\megha\OneDrive\Pictures\Samsung Gallery\DCIM\Books 2.0\Screenshot_20240131_204324_TikTok.jpg,,Already existed
C:\Users\megha\OneDrive\Pictures\Samsung Gallery\DCIM\Books 2.0\Screenshot_20240131_204328_TikTok.jpg,,Already existed
C:\Users\megha\OneDrive\Pictures\Samsung Gallery\DCIM\Books 2.0\Screenshot_20240131_204332_TikTok.jpg,,Already existed
C:\Users\megha\OneDrive\Pictures\Samsung Gallery\DCIM\Books 2.0\Screenshot_20240131_204724_TikTok.jpg,,Already existed
C:\Users\megha\OneDrive\Pictures\Samsung Gallery\DCIM\Books 2.0\Screenshot_20240131_204725_TikTok.jpg,,Already existed
C:\Users\megha\OneDrive\Pictures\Samsung Gallery\DCIM\Books 2.0\Screenshot_20240131_204727_TikTok.jpg,,Already existed
C:\Users\megha\OneDrive\Pictures\Samsung Gallery\DCIM\Books 2.0\Screenshot_20240131_204729_TikTok.jpg,,Already existed
C:\Users\megha\OneDrive\Pictures\Samsung Gallery\DCIM\Books 2.0\Screenshot_20240131_204730_TikTok.jpg,,Already existed
C:\Users\megha\OneDrive\Pictures\Samsung Gallery\DCIM\Books 2.0\Screenshot_20240131_204732_TikTok.jpg,,Already existed
C:\Users\megha\OneDrive\Pictures\Samsung Gallery\DCIM\Books 2.0\Screenshot_20240131_204734_TikTok.jpg,,Already existed
C:\Users\megha\OneDrive\Pictures\Samsung Gallery\DCIM\Books 2.0\Screenshot_20240131_205235_TikTok.jpg,,Already existed
C:\Users\megha\OneDrive\Pictures\Samsung Gallery\DCIM\Books 2.0\Screenshot_20240131_205434_TikTok.jpg,,Already existed
C:\Users\megha\OneDrive\Pictures\Samsung Gallery\DCIM\Books 2.0\Screenshot_20240131_205453_TikTok.jpg,,Already existed
C:\Users\megha\OneDrive\Pictures\Samsung Gallery\DCIM\Books 2.0\Screenshot_20240131_205513_TikTok.jpg,,Already existed
C:\Users\megha\OneDrive\Pictures\Samsung Gallery\DCIM\Books 2.0\Screenshot_20240131_210648_TikTok.jpg,,Already existed
C:\Users\megha\OneDrive\Pictures\Samsung Gallery\DCIM\Books 2.0\Screenshot_20240131_210650_TikTok.jpg,,Already existed
C:\Users\megha\OneDrive\Pictures\Samsung Gallery\DCIM\Books 2.0\Screenshot_20240131_210654_TikTok.jpg,,Already existed
C:\Users\megha\OneDrive\Pictures\Samsung Gallery\DCIM\Books 2.0\Screenshot_20240201_160526_Facebook.jpg,,Already existed
C:\Users\megha\OneDrive\Pictures\Samsung Gallery\DCIM\Books 2.0\Screenshot_20240201_201004_TikTok.jpg,,Already existed
C:\Users\megha\OneDrive\Pictures\Samsung Gallery\DCIM\Books 2.0\Screenshot_20240201_201010_TikTok.jpg,,Already existed
C:\Users\megha\OneDrive\Pictures\Samsung Gallery\DCIM\Books 2.0\Screenshot_20240330_223141_TikTok.jpg,,Already existed
C:\Users\megha\OneDrive\Pictures\Samsung Gallery\DCIM\Books 2.0\Screenshot_20240404_185746_Instagram.jpg,,Already existed
C:\Users\megha\OneDrive\Pictures\Samsung Gallery\DCIM\Books 2.0\Screenshot_20240416_213051_TikTok.jpg,,Already existed
C:\Users\megha\OneDrive\Pictures\Samsung Gallery\DCIM\Books 2.0\Screenshot_20240416_213115_TikTok.jpg,,Already existed
C:\Users\megha\OneDrive\Pictures\Samsung Gallery\DCIM\Books 2.0\Screenshot_20240515_204155_TikTok.jpg,,Already existed
C:\Users\megha\OneDrive\Pictures\Samsung Gallery\DCIM\Books 2.0\Screenshot_20240515_204640_TikTok.jpg,,Already existed
C:\Users\megha\OneDrive\Pictures\Samsung Gallery\DCIM\Books 2.0\Screenshot_20240619_163553_Kindle.jpg,,Already existed
C:\Users\megha\OneDrive\Pictures\Samsung Gallery\DCIM\Books 2.0\Screenshot_20240905_161409_Kindle.jpg,,Already existed
C:\Users\megha\OneDrive\Pictures\Samsung Gallery\DCIM\Books 2.0\Screenshot_20241228_211620_TikTok.jpg,,Already existed
C:\Users\megha\OneDrive\Pictures\Samsung Gallery\DCIM\Books 2.0\Screenshot_20241228_211627_TikTok_resized.jpg,,Already existed
C:\Users\megha\OneDrive\Pictures\Samsung Gallery\DCIM\Books 2.0\Screenshot_20250211_071508_Facebook.jpg,,Already existed
C:\Users\megha\OneDrive\Pictures\Samsung Gallery\DCIM\Books 2.0\Screenshot_20250215_211836_TikTok.jpg,,Already existed
C:\Users\megha\OneDrive\Pictures\Samsung Gallery\DCIM\Books 2.0\Screenshot_20250215_211847_TikTok.jpg,,Already existed
C:\Users\megha\OneDrive\Pictures\Samsung Gallery\DCIM\Books 2.0\Screenshot_20250215_211849_TikTok.jpg,,Already existed
C:\Users\megha\OneDrive\Pictures\Samsung Gallery\DCIM\Books 2.0\Screenshot_20250215_211854_TikTok.jpg,,Already existed
C:\Users\megha\OneDrive\Pictures\Samsung Gallery\DCIM\Books 2.0\Screenshot_20250215_211857_TikTok.jpg,,Already existed
C:\Users\megha\OneDrive\Pictures\Samsung Gallery\DCIM\Books 2.0\Screenshot_20250215_211901_TikTok.jpg,,Already existed
C:\Users\megha\OneDrive\Pictures\Samsung Gallery\DCIM\Books 2.0\Screenshot_20250215_211903_TikTok.jpg,,Already existed
C:\Users\megha\OneDrive\Pictures\Samsung Gallery\DCIM\Books 2.0\Screenshot_20250215_212224_TikTok.jpg,,Already existed
C:\Users\megha\OneDrive\Pictures\Samsung Gallery\DCIM\Books 2.0\Screenshot_20250215_212227_TikTok.jpg,,Already existed
C:\Users\megha\OneDrive\Pictures\Samsung Gallery\DCIM\Books 2.0\Screenshot_20250215_212241_TikTok.jpg,,Already existed
C:\Users\megha\OneDrive\Pictures\Samsung Gallery\DCIM\Books 2.0\Screenshot_20250215_212250_TikTok.jpg,,Already existed
C:\Users\megha\OneDrive\Pictures\Samsung Gallery\DCIM\Books 2.0\Screenshot_20250215_212256_TikTok.jpg,,Already existed
C:\Users\megha\OneDrive\Pictures\Samsung Gallery\DCIM\Books 2.0\Screenshot_20250215_212308_TikTok.jpg,,Already existed
C:\Users\megha\OneDrive\Pictures\Samsung Gallery\DCIM\Books 2.0\Screenshot_20250215_212418_TikTok.jpg,,Already existed
C:\Users\megha\OneDrive\Pictures\Samsung Gallery\DCIM\Books 2.0\Screenshot_20250217_204138_TikTok.jpg,,Already existed
C:\Users\megha\OneDrive\Pictures\Samsung Gallery\DCIM\Books 2.0\Screenshot_20250217_204814_TikTok.jpg,,Already existed
C:\Users\megha\OneDrive\Pictures\Samsung Gallery\DCIM\Books 2.0\Screenshot_20250217_204816_TikTok.jpg,,Already existed
C:\Users\megha\OneDrive\Pictures\Samsung Gallery\DCIM\Books 2.0\Screenshot_20250217_204818_TikTok.jpg,,Already existed
C:\Users\megha\OneDrive\Pictures\Samsung Gallery\DCIM\Books 2.0\Screenshot_20250217_204819_TikTok.jpg,,Already existed
C:\Users\megha\OneDrive\Pictures\Samsung Gallery\DCIM\Books 2.0\Screenshot_20250217_204823_TikTok.jpg,,Already existed
C:\Users\megha\OneDrive\Pictures\Samsung Gallery\DCIM\Books 2.0\Screenshot_20250227_184224_TikTok.jpg,,Already existed
C:\Users\megha\OneDrive\Pictures\Samsung Gallery\DCIM\Books 2.0\Screenshot_20250227_184225_TikTok.jpg,,Already existed
C:\Users\megha\OneDrive\Pictures\Samsung Gallery\DCIM\Books 2.0\Screenshot_20250227_184227_TikTok.jpg,,Already existed
C:\Users\megha\OneDrive\Pictures\Samsung Gallery\DCIM\Books 2.0\Screenshot_20250227_184228_TikTok.jpg,,Already existed
C:\Users\megha\OneDrive\Pictures\Samsung Gallery\DCIM\Books 2.0\Screenshot_20250227_184230_TikTok.jpg,,Already existed
C:\Users\megha\OneDrive\Pictures\Samsung Gallery\DCIM\Books 2.0\Screenshot_20250316_195923_TikTok.jpg,,Already existed
C:\Users\megha\OneDrive\Pictures\Samsung Gallery\DCIM\Books 2.0\Screenshot_20250316_195925_TikTok.jpg,,Already existed
C:\Users\megha\OneDrive\Pictures\Samsung Gallery\DCIM\Books 2.0\Screenshot_20250316_195928_TikTok.jpg,,Already existed
C:\Users\megha\OneDrive\Pictures\Samsung Gallery\DCIM\Books 2.0\Screenshot_20250316_195930_TikTok.jpg,,Already existed
C:\Users\megha\OneDrive\Pictures\Samsung Gallery\DCIM\Books 2.0\Screenshot_20250318_180255_TikTok.jpg,,Already existed
C:\Users\megha\OneDrive\Pictures\Samsung Gallery\DCIM\Books 2.0\Screenshot_20250318_180307_TikTok.jpg,,Already existed
C:\Users\megha\OneDrive\Pictures\Samsung Gallery\DCIM\Books 2.0\Screenshot_20250319_140857_TikTok.jpg,,Already existed
C:\Users\megha\OneDrive\Pictures\Samsung Gallery\DCIM\Books 2.0\Screenshot_20250319_140920_TikTok.jpg,,Already existed
C:\Users\megha\OneDrive\Pictures\Samsung Gallery\DCIM\Books 2.0\Screenshot_20250319_140950_TikTok.jpg,,Already existed
C:\Users\megha\OneDrive\Pictures\Samsung Gallery\DCIM\Books 2.0\Screenshot_20250319_141000_TikTok.jpg,,Already existed
C:\Users\megha\OneDrive\Pictures\Samsung Gallery\DCIM\Books 2.0\Screenshot_20250319_141035_TikTok.jpg,,Already existed
C:\Users\megha\OneDrive\Pictures\Samsung Gallery\DCIM\Books 2.0\Screenshot_20250321_212412_TikTok.jpg,,Already existed
C:\Users\megha\OneDrive\Pictures\Samsung Gallery\DCIM\Books 2.0\Screenshot_20250323_094620_TikTok.jpg,,Already existed
C:\Users\megha\OneDrive\Pictures\Samsung Gallery\DCIM\Books 2.0\Screenshot_20250323_094624_TikTok.jpg,,Already existed
C:\Users\megha\OneDrive\Pictures\Samsung Gallery\DCIM\Books 2.0\Screenshot_20250323_094628_TikTok.jpg,,Already existed
C:\Users\megha\OneDrive\Pictures\Samsung Gallery\DCIM\Books 2.0\Screenshot_20250323_094632_TikTok.jpg,,Already existed
C:\Users\megha\OneDrive\Pictures\Samsung Gallery\DCIM\Books 2.0\Screenshot_20250323_095021_TikTok.jpg,,Already existed
C:\Users\megha\OneDrive\Pictures\Samsung Gallery\DCIM\Books 2.0\Screenshot_20250323_095035_TikTok.jpg,,Already existed
C:\Users\megha\OneDrive\Pictures\Samsung Gallery\DCIM\Books 2.0\Screenshot_20250323_095048_TikTok.jpg,,Already existed
C:\Users\megha\OneDrive\Pictures\Samsung Gallery\DCIM\Books 2.0\Screenshot_20250408_192647_TikTok.jpg,,Already existed
C:\Users\megha\OneDrive\Pictures\Samsung Gallery\DCIM\Books 2.0\Screenshot_20250408_192742_TikTok.jpg,,Already existed
C:\Users\megha\OneDrive\Pictures\Samsung Gallery\DCIM\Books 2.0\Screenshot_20250408_192936_TikTok.jpg,,Already existed
C:\Users\megha\OneDrive\Pictures\Samsung Gallery\DCIM\Books 2.0\Screenshot_20250408_192941_TikTok.jpg,,Already existed
C:\Users\megha\OneDrive\Pictures\Samsung Gallery\DCIM\Books 2.0\Screenshot_20250408_192944_TikTok.jpg,,Already existed
C:\Users\megha\OneDrive\Pictures\Samsung Gallery\DCIM\Books 2.0\Screenshot_20250408_192947_TikTok.jpg,,Already existed
C:\Users\megha\OneDrive\Pictures\Samsung Gallery\DCIM\Books 2.0\Screenshot_20250408_192958_TikTok.jpg,,Already existed
C:\Users\megha\OneDrive\Pictures\Samsung Gallery\DCIM\Books 2.0\Screenshot_20250408_193001_TikTok.jpg,,Already existed
C:\Users\megha\OneDrive\Pictures\Samsung Gallery\DCIM\Books 2.0\Screenshot_20250408_193007_TikTok.jpg,,Already existed
C:\Users\megha\OneDrive\Pictures\Samsung Gallery\DCIM\Books 2.0\Screenshot_20250408_193009_TikTok.jpg,,Already existed
C:\Users\megha\OneDrive\Pictures\Samsung Gallery\DCIM\Books 2.0\Screenshot_20250408_193013_TikTok.jpg,,Already existed
C:\Users\megha\OneDrive\Pictures\Samsung Gallery\DCIM\Books 2.0\Screenshot_20250409_203130_TikTok.jpg,,Already existed
C:\Users\megha\OneDrive\Pictures\Samsung Gallery\DCIM\Books 2.0\Screenshot_20250409_203135_TikTok.jpg,,Already existed
C:\Users\megha\OneDrive\Pictures\Samsung Gallery\DCIM\Books 2.0\Screenshot_20250412_133106_TikTok.jpg,,Already existed
C:\Users\megha\OneDrive\Pictures\Samsung Gallery\DCIM\Books 2.0\Screenshot_20250412_133119_TikTok.jpg,,Already existed
C:\Users\megha\OneDrive\Pictures\Samsung Gallery\DCIM\Books 2.0\Screenshot_20250412_133128_TikTok.jpg,,Already existed
C:\Users\megha\OneDrive\Pictures\Samsung Gallery\DCIM\Books 2.0\Screenshot_20250412_133143_TikTok.jpg,,Already existed
C:\Users\megha\OneDrive\Pictures\Samsung Gallery\DCIM\Books 2.0\Screenshot_20250412_133151_TikTok.jpg,,Already existed
C:\Users\megha\OneDrive\Pictures\Samsung Gallery\DCIM\Books 2.0\Screenshot_20250412_133627_TikTok.jpg,,Already existed
C:\Users\megha\OneDrive\Pictures\Samsung Gallery\DCIM\Books 2.0\Screenshot_20250412_133629_TikTok.jpg,,Already existed
C:\Users\megha\OneDrive\Pictures\Samsung Gallery\DCIM\Books 2.0\Screenshot_20250412_133631_TikTok.jpg,,Already existed
C:\Users\megha\OneDrive\Pictures\Samsung Gallery\DCIM\Books 2.0\Screenshot_20250412_133634_TikTok.jpg,,Already existed
C:\Users\megha\OneDrive\Pictures\Samsung Gallery\DCIM\Books 2.0\Screenshot_20250412_133636_TikTok.jpg,,Already existed
C:\Users\megha\OneDrive\Pictures\Samsung Gallery\DCIM\Books 2.0\Screenshot_20250412_133640_TikTok.jpg,,Already existed
C:\Users\megha\OneDrive\Pictures\Samsung Gallery\DCIM\Books 2.0\Screenshot_20250412_134540_TikTok.jpg,,Already existed
C:\Users\megha\OneDrive\Pictures\Samsung Gallery\DCIM\Books 2.0\Screenshot_20250412_154103_TikTok.jpg,,Already existed
C:\Users\megha\OneDrive\Pictures\Samsung Gallery\DCIM\Books 2.0\Screenshot_20250416_121618_Facebook.jpg,,Already existed
C:\Users\megha\OneDrive\Pictures\Samsung Gallery\DCIM\Books 2.0\Screenshot_20250416_121641_Facebook.jpg,,Already existed
C:\Users\megha\OneDrive\Pictures\Samsung Gallery\DCIM\Books 2.0\Screenshot_20250416_121658_Facebook.jpg,,Already existed
C:\Users\megha\OneDrive\Pictures\Samsung Gallery\DCIM\Books 2.0\Screenshot_20250416_172020_TikTok.jpg,,Already existed
C:\Users\megha\OneDrive\Pictures\Samsung Gallery\DCIM\Books 2.0\Screenshot_20250416_172024_TikTok.jpg,,Already existed
C:\Users\megha\OneDrive\Pictures\Samsung Gallery\DCIM\Books 2.0\Screenshot_20250416_172029_TikTok.jpg,,Already existed
C:\Users\megha\OneDrive\Pictures\Samsung Gallery\DCIM\Books 2.0\Screenshot_20250416_172328_TikTok.jpg,,Already existed
C:\Users\megha\OneDrive\Pictures\Samsung Gallery\DCIM\Books 2.0\Screenshot_20250416_172331_TikTok.jpg,,Already existed
C:\Users\megha\OneDrive\Pictures\Samsung Gallery\DCIM\Books 2.0\Screenshot_20250416_172500_TikTok.jpg,,Already existed
C:\Users\megha\OneDrive\Pictures\Samsung Gallery\DCIM\Books 2.0\Screenshot_20250423_073243_Facebook.jpg,,Already existed
C:\Users\megha\OneDrive\Pictures\Samsung Gallery\DCIM\Books 2.0\Screenshot_20250425_181014_Facebook.jpg,,Already existed
C:\Users\megha\OneDrive\Pictures\Samsung Gallery\DCIM\Books 2.0\Screenshot_20250506_073846_Facebook.jpg,,Already existed
C:\Users\megha\OneDrive\Pictures\Samsung Gallery\DCIM\Books 2.0\Screenshot_20250512_113030_Facebook.jpg,,Already existed
C:\Users\megha\OneDrive\Pictures\Samsung Gallery\DCIM\Books 2.0\Screenshot_20250512_113043_Facebook.jpg,,Already existed
C:\Users\megha\OneDrive\Pictures\Samsung Gallery\DCIM\Books 2.0\Screenshot_20250512_214415_TikTok.jpg,,Already existed
C:\Users\megha\OneDrive\Pictures\Samsung Gallery\DCIM\Books 2.0\Screenshot_20250512_214424_TikTok.jpg,,Already existed
C:\Users\megha\OneDrive\Pictures\Samsung Gallery\DCIM\Books 2.0\Screenshot_20250512_214437_TikTok.jpg,,Already existed
C:\Users\megha\OneDrive\Pictures\Samsung Gallery\DCIM\Books 2.0\Screenshot_20250512_214445_TikTok.jpg,,Already existed
C:\Users\megha\OneDrive\Pictures\Samsung Gallery\DCIM\Books 2.0\Screenshot_20250512_214459_TikTok.jpg,,Already existed
C:\Users\megha\OneDrive\Pictures\Samsung Gallery\DCIM\Books 2.0\Screenshot_20250512_215016_TikTok.jpg,,Already existed
C:\Users\megha\OneDrive\Pictures\Samsung Gallery\DCIM\Books 2.0\Screenshot_20250512_215039_TikTok.jpg,,Already existed
C:\Users\megha\OneDrive\Pictures\Samsung Gallery\DCIM\Books 2.0\Screenshot_20250512_215056_TikTok.jpg,,Already existed
C:\Users\megha\OneDrive\Pictures\Samsung Gallery\DCIM\Books 2.0\Screenshot_20250512_215121_TikTok.jpg,,Already existed
C:\Users\megha\OneDrive\Pictures\Samsung Gallery\DCIM\Books 2.0\Screenshot_20250512_215527_TikTok.jpg,,Already existed
C:\Users\megha\OneDrive\Pictures\Samsung Gallery\DCIM\Books 2.0\Screenshot_20250512_215544_TikTok.jpg,,Already existed
C:\Users\megha\OneDrive\Pictures\Samsung Gallery\DCIM\Books 2.0\Screenshot_20250512_215552_TikTok.jpg,,Already existed
C:\Users\megha\OneDrive\Pictures\Samsung Gallery\DCIM\Books 2.0\Screenshot_20250512_215608_TikTok.jpg,,Already existed
C:\Users\megha\OneDrive\Pictures\Samsung Gallery\DCIM\Books 2.0\Screenshot_20250512_221416_TikTok.jpg,,Already existed
C:\Users\megha\OneDrive\Pictures\Samsung Gallery\DCIM\Books 2.0\Screenshot_20250512_223346_TikTok.jpg,,Already existed
C:\Users\megha\OneDrive\Pictures\Samsung Gallery\DCIM\Books 2.0\Screenshot_20250512_223354_TikTok.jpg,,Already existed
C:\Users\megha\OneDrive\Pictures\Samsung Gallery\DCIM\Books 2.0\Screenshot_20250512_223411_TikTok.jpg,,Already existed
C:\Users\megha\OneDrive\Pictures\Samsung Gallery\DCIM\Books 2.0\Screenshot_20250512_223417_TikTok.jpg,,Already existed
C:\Users\megha\OneDrive\Pictures\Samsung Gallery\DCIM\Books 2.0\Screenshot_20250512_223423_TikTok.jpg,,Already existed
C:\Users\megha\OneDrive\Pictures\Samsung Gallery\DCIM\Books 2.0\Screenshot_20250515_214940_TikTok.jpg,,Already existed
C:\Users\megha\OneDrive\Pictures\Samsung Gallery\DCIM\Books 2.0\Screenshot_20250515_215724_TikTok.jpg,,Already existed
C:\Users\megha\OneDrive\Pictures\Samsung Gallery\DCIM\Books 2.0\Screenshot_20250515_215727_TikTok.jpg,,Already existed
C:\Users\megha\OneDrive\Pictures\Samsung Gallery\DCIM\Books 2.0\Screenshot_20250515_215728_TikTok.jpg,,Already existed
C:\Users\megha\OneDrive\Pictures\Samsung Gallery\DCIM\Books 2.0\Screenshot_20250515_215730_TikTok.jpg,,Already existed
C:\Users\megha\OneDrive\Pictures\Samsung Gallery\DCIM\Books 2.0\Screenshot_20250515_215740_TikTok.jpg,,Already existed
C:\Users\megha\OneDrive\Pictures\Samsung Gallery\DCIM\Books 2.0\Screenshot_20250515_220619_TikTok.jpg,,Already existed
C:\Users\megha\OneDrive\Pictures\Samsung Gallery\DCIM\Books 2.0\Screenshot_20250515_220642_TikTok.jpg,,Already existed
C:\Users\megha\OneDrive\Pictures\Samsung Gallery\DCIM\Books 2.0\Screenshot_20250515_220848_TikTok.jpg,,Already existed
C:\Users\megha\OneDrive\Pictures\Samsung Gallery\DCIM\Books 2.0\Screenshot_20250516_231618_TikTok.jpg,,Already existed
C:\Users\megha\OneDrive\Pictures\Samsung Gallery\DCIM\Books 2.0\Screenshot_20250517_224943_TikTok.jpg,,Already existed
C:\Users\megha\OneDrive\Pictures\Samsung Gallery\DCIM\Books 2.0\Screenshot_20250523_194545_Facebook.jpg,,Already existed
C:\Users\megha\OneDrive\Pictures\Samsung Gallery\DCIM\Books 2.0\Screenshot_20250523_194603_Facebook.jpg,,Already existed
C:\Users\megha\OneDrive\Pictures\Samsung Gallery\DCIM\Books 2.0\Screenshot_20250608_173839_Facebook.jpg,,Already existed
C:\Users\megha\OneDrive\Pictures\Samsung Gallery\DCIM\Books 2.0\Screenshot_20250608_173842_Facebook.jpg,,Already existed
C:\Users\megha\OneDrive\Pictures\Samsung Gallery\DCIM\Books 2.0\Screenshot_20250608_173847_Facebook.jpg,,Already existed
C:\Users\megha\OneDrive\Pictures\Samsung Gallery\DCIM\Books 2.0\Screenshot_20250608_173902_Facebook.jpg,,Already existed
C:\Users\megha\OneDrive\Pictures\Samsung Gallery\DCIM\Books 2.0\Screenshot_20250608_173905_Facebook.jpg,,Already existed
C:\Users\megha\OneDrive\Pictures\Samsung Gallery\DCIM\Books 2.0\Screenshot_20250608_173907_Facebook.jpg,,Already existed
C:\Users\megha\OneDrive\Pictures\Samsung Gallery\DCIM\Books 2.0\Screenshot_20250608_173910_Facebook.jpg,,Already existed
C:\Users\megha\OneDrive\Pictures\Samsung Gallery\DCIM\Books 2.0\Screenshot_20250608_173912_Facebook.jpg,,Already existed
C:\Users\megha\OneDrive\Pictures\Samsung Gallery\DCIM\Books 2.0\Screenshot_20250608_173915_Facebook.jpg,,Already existed
C:\Users\megha\OneDrive\Pictures\Samsung Gallery\DCIM\Books 2.0\Screenshot_20250608_173918_Facebook.jpg,,Already existed
C:\Users\megha\OneDrive\Pictures\Samsung Gallery\DCIM\Books 2.0\Screenshot_20250608_173920_Facebook.jpg,,Already existed
C:\Users\megha\OneDrive\Pictures\Samsung Gallery\DCIM\Books 2.0\Screenshot_20250608_174443_Facebook.jpg,,Already existed
C:\Users\megha\OneDrive\Pictures\Samsung Gallery\DCIM\Books 2.0\Screenshot_20250608_174500_Facebook.jpg,,Already existed
C:\Users\megha\OneDrive\Pictures\Samsung Gallery\DCIM\Books 2.0\Screenshot_20250608_174527_Facebook.jpg,,Already existed
C:\Users\megha\OneDrive\Pictures\Samsung Gallery\DCIM\Books 2.0\Screenshot_20250608_174545_Facebook.jpg,,Already existed
C:\Users\megha\OneDrive\Pictures\Samsung Gallery\DCIM\Books 2.0\Screenshot_20250608_204012_TikTok.jpg,,Already existed
C:\Users\megha\OneDrive\Pictures\Samsung Gallery\DCIM\Books 2.0\Screenshot_20250608_204015_TikTok.jpg,,Already existed
C:\Users\megha\OneDrive\Pictures\Samsung Gallery\DCIM\Books 2.0\Screenshot_20250608_204018_TikTok.jpg,,Already existed
C:\Users\megha\OneDrive\Pictures\Samsung Gallery\DCIM\Books 2.0\Screenshot_20250608_204023_TikTok.jpg,,Already existed
C:\Users\megha\OneDrive\Pictures\Samsung Gallery\DCIM\Books 2.0\Screenshot_20250608_204026_TikTok.jpg,,Already existed
C:\Users\megha\OneDrive\Pictures\Samsung Gallery\DCIM\Books 2.0\Screenshot_20250609_203042_TikTok.jpg,,Already existed
C:\Users\megha\OneDrive\Pictures\Samsung Gallery\DCIM\Books 2.0\Screenshot_20250609_203048_TikTok.jpg,,Already existed
C:\Users\megha\OneDrive\Pictures\Samsung Gallery\DCIM\Books 2.0\Screenshot_20250609_203051_TikTok.jpg,,Already existed
C:\Users\megha\OneDrive\Pictures\Samsung Gallery\DCIM\Books 2.0\Screenshot_20250611_202616_Facebook.jpg,,Already existed
C:\Users\megha\OneDrive\Pictures\Samsung Gallery\DCIM\Books 2.0\Screenshot_20250611_202739_Facebook.jpg,,Already existed
C:\Users\megha\OneDrive\Pictures\Samsung Gallery\DCIM\Books 2.0\Screenshot_20250612_203251_TikTok.jpg,,Already existed
C:\Users\megha\OneDrive\Pictures\Samsung Gallery\DCIM\Books 2.0\Screenshot_20250612_203303_TikTok.jpg,,Already existed
C:\Users\megha\OneDrive\Pictures\Samsung Gallery\DCIM\Books 2.0\Screenshot_20250612_203624_TikTok.jpg,,Already existed
C:\Users\megha\OneDrive\Pictures\Samsung Gallery\DCIM\Books 2.0\Screenshot_20250612_203625_TikTok.jpg,,Already existed
C:\Users\megha\OneDrive\Pictures\Samsung Gallery\DCIM\Books 2.0\Screenshot_20250612_203628_TikTok.jpg,,Already existed
C:\Users\megha\OneDrive\Pictures\Samsung Gallery\DCIM\Books 2.0\Screenshot_20250612_203631_TikTok.jpg,,Already existed
C:\Users\megha\OneDrive\Pictures\Samsung Gallery\DCIM\Books 2.0\Screenshot_20250612_203636_TikTok.jpg,,Already existed
C:\Users\megha\OneDrive\Pictures\Samsung Gallery\DCIM\Books 2.0\Screenshot_20250612_203842_TikTok.jpg,,Already existed
C:\Users\megha\OneDrive\Pictures\Samsung Gallery\DCIM\Books 2.0\Screenshot_20250612_203845_TikTok.jpg,,Already existed
C:\Users\megha\OneDrive\Pictures\Samsung Gallery\DCIM\Books 2.0\Screenshot_20250612_203848_TikTok.jpg,,Already existed
C:\Users\megha\OneDrive\Pictures\Samsung Gallery\DCIM\Books 2.0\Screenshot_20250612_203850_TikTok.jpg,,Already existed
C:\Users\megha\OneDrive\Pictures\Samsung Gallery\DCIM\Books 2.0\Screenshot_20250612_203852_TikTok.jpg,,Already existed
C:\Users\megha\OneDrive\Pictures\Samsung Gallery\DCIM\Books 2.0\Screenshot_20250612_203856_TikTok.jpg,,Already existed
C:\Users\megha\OneDrive\Pictures\Samsung Gallery\DCIM\Books 2.0\Screenshot_20250614_181543_TikTok.jpg,,Already existed
C:\Users\megha\OneDrive\Pictures\Samsung Gallery\DCIM\Books 2.0\Screenshot_20250614_181601_TikTok.jpg,,Already existed
C:\Users\megha\OneDrive\Pictures\Samsung Gallery\DCIM\Books 2.0\Screenshot_20250614_220851_TikTok.jpg,,Already existed
C:\Users\megha\OneDrive\Pictures\Samsung Gallery\DCIM\Books 2.0\Screenshot_20250614_222231_TikTok.jpg,,Already existed
C:\Users\megha\OneDrive\Pictures\Samsung Gallery\DCIM\Books 2.0\Screenshot_20250614_222236_TikTok.jpg,,Already existed
C:\Users\megha\OneDrive\Pictures\Samsung Gallery\DCIM\Books 2.0\Screenshot_20250614_222241_TikTok.jpg,,Already existed
C:\Users\megha\OneDrive\Pictures\Samsung Gallery\DCIM\Books 2.0\Screenshot_20250614_222246_TikTok.jpg,,Already existed
C:\Users\megha\OneDrive\Pictures\Samsung Gallery\DCIM\Books 2.0\Screenshot_20250614_222254_TikTok.jpg,,Already existed
C:\Users\megha\OneDrive\Pictures\Samsung Gallery\DCIM\Books 2.0\Screenshot_20250616_214235_TikTok.jpg,,Already existed
C:\Users\megha\OneDrive\Pictures\Samsung Gallery\DCIM\Books 2.0\Screenshot_20250616_214237_TikTok.jpg,,Already existed
C:\Users\megha\OneDrive\Pictures\Samsung Gallery\DCIM\Books 2.0\Screenshot_20250616_214239_TikTok.jpg,,Already existed
C:\Users\megha\OneDrive\Pictures\Samsung Gallery\DCIM\Books 2.0\Screenshot_20250619_163220_Kindle.jpg,,Already existed
C:\Users\megha\OneDrive\Pictures\Samsung Gallery\DCIM\Books 2.0\Screenshot_20250728_222336_Facebook.jpg,,Already existed
C:\Users\megha\OneDrive\Pictures\Samsung Gallery\DCIM\Books 2.0\Screenshot_20250807_210457_TikTok.jpg,,Already existed
C:\Users\megha\OneDrive\Pictures\Samsung Gallery\DCIM\Books 2.0\Screenshot_20250807_210601_TikTok.jpg,,Already existed
C:\Users\megha\OneDrive\Pictures\Samsung Gallery\DCIM\Books 2.0\Screenshot_20250807_210616_TikTok.jpg,,Already existed
C:\Users\megha\OneDrive\Pictures\Samsung Gallery\DCIM\Books 2.0\Screenshot_20250807_210621_TikTok.jpg,,Already existed
C:\Users\megha\OneDrive\Pictures\Samsung Gallery\DCIM\Books 2.0\Screenshot_20250807_210631_TikTok.jpg,,Already existed
C:\Users\megha\OneDrive\Pictures\Samsung Gallery\DCIM\Books 2.0\Screenshot_20250807_211024_TikTok.jpg,,Already existed
C:\Users\megha\OneDrive\Pictures\Samsung Gallery\DCIM\Books 2.0\Screenshot_20250809_180041_TikTok.jpg,,Already existed
C:\Users\megha\OneDrive\Pictures\Samsung Gallery\DCIM\Books 2.0\Screenshot_20250809_180059_TikTok.jpg,,Already existed
C:\Users\megha\OneDrive\Pictures\Samsung Gallery\DCIM\Books 2.0\Screenshot_20250809_211450_TikTok.jpg,,Already existed
C:\Users\megha\OneDrive\Pictures\Samsung Gallery\DCIM\Books 2.0\Screenshot_20250824_195202_TikTok.jpg,,Already existed
C:\Users\megha\OneDrive\Pictures\Samsung Gallery\DCIM\Books 2.0\Screenshot_20250824_195205_TikTok.jpg,,Already existed
C:\Users\megha\OneDrive\Pictures\Samsung Gallery\DCIM\Books 2.0\Screenshot_20250824_195213_TikTok.jpg,,Already existed
C:\Users\megha\OneDrive\Pictures\Samsung Gallery\DCIM\Books 2.0\Screenshot_20250824_212848_TikTok.jpg,,Already existed
C:\Users\megha\OneDrive\Pictures\Samsung Gallery\DCIM\Books 2.0\Screenshot_20250824_212851_TikTok.jpg,,Already existed
C:\Users\megha\OneDrive\Pictures\Samsung Gallery\DCIM\Books 2.0\Screenshot_20250824_212857_TikTok.jpg,,Already existed
C:\Users\megha\OneDrive\Pictures\Samsung Gallery\DCIM\Books 2.0\Screenshot_20250824_212903_TikTok.jpg,,Already existed
C:\Users\megha\OneDrive\Pictures\Samsung Gallery\DCIM\Books 2.0\Screenshot_20250824_212905_TikTok.jpg,,Already existed
C:\Users\megha\OneDrive\Pictures\Samsung Gallery\DCIM\Books 2.0\Screenshot_20250825_212220_TikTok.jpg,,Already existed
C:\Users\megha\OneDrive\Pictures\Samsung Gallery\DCIM\Books 2.0\Screenshot_20250825_212717_TikTok.jpg,,Already existed
C:\Users\megha\OneDrive\Pictures\Samsung Gallery\DCIM\Books 2.0\Screenshot_20250825_212722_TikTok.jpg,,Already existed
C:\Users\megha\OneDrive\Pictures\Samsung Gallery\DCIM\Books 2.0\Screenshot_20250825_212925_TikTok.jpg,,Already existed
C:\Users\megha\OneDrive\Pictures\Samsung Gallery\DCIM\Books 2.0\Screenshot_20250825_212929_TikTok.jpg,,Already existed
C:\Users\megha\OneDrive\Pictures\Samsung Gallery\DCIM\Books 2.0\Screenshot_20250825_212934_TikTok.jpg,,Already existed
C:\Users\megha\OneDrive\Pictures\Samsung Gallery\DCIM\Books 2.0\Screenshot_20250825_212938_TikTok.jpg,,Already existed
C:\Users\megha\OneDrive\Pictures\Samsung Gallery\DCIM\Books 2.0\Screenshot_20250825_212941_TikTok.jpg,,Already existed
C:\Users\megha\OneDrive\Pictures\Samsung Gallery\DCIM\Books 2.0\Screenshot_20250903_161441_TikTok.jpg,,Already existed
C:\Users\megha\OneDrive\Pictures\Samsung Gallery\DCIM\Books 2.0\Screenshot_20250903_161445_TikTok.jpg,,Already existed
C:\Users\megha\OneDrive\Pictures\Samsung Gallery\DCIM\Books 2.0\Screenshot_20250903_161458_TikTok.jpg,,Already existed
C:\Users\megha\OneDrive\Pictures\Samsung Gallery\DCIM\Books 2.0\Screenshot_20250903_161501_TikTok.jpg,,Already existed
C:\Users\megha\OneDrive\Pictures\Samsung Gallery\DCIM\Books 2.0\Screenshot_20250903_161505_TikTok.jpg,,Already existed
C:\Users\megha\OneDrive\Pictures\Samsung Gallery\DCIM\Books 2.0\Screenshot_20250906_190841_TikTok.jpg,,Already existed
C:\Users\megha\OneDrive\Pictures\Samsung Gallery\DCIM\Books 2.0\Screenshot_20250906_190854_TikTok.jpg,,Already existed
C:\Users\megha\OneDrive\Pictures\Samsung Gallery\DCIM\Books 2.0\Screenshot_20250910_192858_Facebook.jpg,,Already existed
C:\Users\megha\OneDrive\Pictures\Samsung Gallery\DCIM\Books 2.0\Screenshot_20250910_192913_Facebook.jpg,,Already existed
C:\Users\megha\OneDrive\Pictures\Samsung Gallery\DCIM\Books 2.0\Screenshot_20250910_192926_Facebook.jpg,,Already existed
C:\Users\megha\OneDrive\Pictures\Samsung Gallery\DCIM\Books 2.0\Screenshot_20250913_203059_TikTok.jpg,,Already existed
C:\Users\megha\OneDrive\Pictures\Samsung Gallery\DCIM\Books 2.0\Screenshot_20250913_203109_TikTok.jpg,,Already existed
C:\Users\megha\OneDrive\Pictures\Samsung Gallery\DCIM\Books 2.0\Screenshot_20250913_203118_TikTok.jpg,,Already existed
C:\Users\megha\OneDrive\Pictures\Samsung Gallery\DCIM\Books 2.0\Screenshot_20250921_072310_TikTok.jpg,,Already existed
C:\Users\megha\OneDrive\Pictures\Samsung Gallery\DCIM\Books 2.0\Screenshot_20250921_072325_TikTok.jpg,,Already existed
C:\Users\megha\OneDrive\Pictures\Samsung Gallery\DCIM\Books 2.0\Screenshot_20250926_213633_TikTok.jpg,,Already existed
C:\Users\megha\OneDrive\Pictures\Samsung Gallery\DCIM\Books 2.0\Screenshot_20250926_213653_TikTok.jpg,,Already existed
C:\Users\megha\OneDrive\Pictures\Samsung Gallery\DCIM\Books 2.0\Screenshot_20250926_213714_TikTok.jpg,,Already existed
C:\Users\megha\OneDrive\Pictures\Samsung Gallery\DCIM\Books 2.0\Screenshot_20251008_202207_TikTok.jpg,,Already existed
C:\Users\megha\OneDrive\Pictures\Samsung Gallery\DCIM\Books 2.0\Screenshot_20251008_202211_TikTok.jpg,,Already existed
C:\Users\megha\OneDrive\Pictures\Samsung Gallery\DCIM\Books 2.0\Screenshot_20251008_202213_TikTok.jpg,,Already existed
C:\Users\megha\OneDrive\Pictures\Samsung Gallery\DCIM\Books 2.0\Screenshot_20251008_202439_TikTok.jpg,,Already existed
C:\Users\megha\OneDrive\Pictures\Samsung Gallery\DCIM\Books 2.0\Screenshot_20251008_202452_TikTok.jpg,,Already existed
C:\Users\megha\OneDrive\Pictures\Samsung Gallery\DCIM\Books 2.0\Screenshot_20251008_202455_TikTok.jpg,,Already existed
C:\Users\megha\OneDrive\Pictures\Samsung Gallery\DCIM\Books 2.0\Screenshot_20251015_211711_Facebook.jpg,,Already existed
C:\Users\megha\OneDrive\Pictures\Samsung Gallery\DCIM\Books 2.0\Screenshot_20251019_205332_TikTok.jpg,,Already existed
C:\Users\megha\OneDrive\Pictures\Samsung Gallery\DCIM\Books 2.0\Screenshot_20251019_205343_TikTok.jpg,,Already existed
C:\Users\megha\OneDrive\Pictures\Samsung Gallery\DCIM\Books 2.0\Screenshot_20251019_205350_TikTok.jpg,,Already existed
C:\Users\megha\OneDrive\Pictures\Samsung Gallery\DCIM\Books 2.0\Screenshot_20251019_205422_TikTok.jpg,,Already existed
C:\Users\megha\OneDrive\Pictures\Samsung Gallery\DCIM\Books 2.0\Screenshot_20251019_205434_TikTok.jpg,,Already existed
C:\Users\megha\OneDrive\Pictures\Samsung Gallery\DCIM\Books 2.0\Screenshot_20251019_211735_Facebook.jpg,,Already existed
C:\Users\megha\OneDrive\Pictures\Samsung Gallery\DCIM\Books 2.0\Screenshot_20251019_212840_Facebook.jpg,,Already existed
C:\Users\megha\OneDrive\Pictures\Samsung Gallery\DCIM\Books 2.0\Screenshot_20251028_162830_Facebook.jpg,,Already existed
C:\Users\megha\OneDrive\Pictures\Samsung Gallery\DCIM\Books 2.0\Screenshot_20251028_162833_Facebook.jpg,,Already existed
C:\Users\megha\OneDrive\Pictures\Samsung Gallery\DCIM\Books 2.0\Screenshot_20251028_162836_Facebook.jpg,,Already existed
C:\Users\megha\OneDrive\Pictures\Samsung Gallery\DCIM\Books 2.0\Screenshot_20251028_162838_Facebook.jpg,,Already existed
C:\Users\megha\OneDrive\Pictures\Samsung Gallery\DCIM\Books 2.0\Screenshot_20251028_162840_Facebook.jpg,,Already existed
C:\Users\megha\OneDrive\Pictures\Samsung Gallery\DCIM\Books 2.0\Screenshot_20251028_180346_Facebook.jpg,,Already existed
C:\Users\megha\OneDrive\Pictures\Samsung Gallery\DCIM\Books 2.0\Screenshot_20251028_180347_Facebook.jpg,,Already existed
C:\Users\megha\OneDrive\Pictures\Samsung Gallery\DCIM\Books 2.0\Screenshot_20251028_180349_Facebook.jpg,,Already existed
C:\Users\megha\OneDrive\Pictures\Samsung Gallery\DCIM\Books 2.0\Screenshot_20251028_211718_TikTok.jpg,,Already existed
C:\Users\megha\OneDrive\Pictures\Samsung Gallery\DCIM\Books 2.0\Screenshot_20251028_211727_TikTok.jpg,,Already existed
C:\Users\megha\OneDrive\Pictures\Samsung Gallery\DCIM\Books 2.0\Screenshot_20251028_212002_TikTok.jpg,,Already existed
C:\Users\megha\OneDrive\Pictures\Samsung Gallery\DCIM\Books 2.0\Screenshot_20251028_212007_TikTok.jpg,,Already existed
C:\Users\megha\OneDrive\Pictures\Samsung Gallery\DCIM\Books 2.0\Screenshot_20251028_212013_TikTok.jpg,,Already existed
C:\Users\megha\OneDrive\Pictures\Samsung Gallery\DCIM\Books 2.0\Screenshot_20251031_100343_Facebook.jpg,,Already existed
C:\Users\megha\OneDrive\Pictures\Samsung Gallery\DCIM\Books 2.0\Screenshot_20251031_100346_Facebook.jpg,,Already existed
C:\Users\megha\OneDrive\Pictures\Samsung Gallery\DCIM\Books 2.0\Screenshot_20251031_100350_Facebook.jpg,,Already existed
C:\Users\megha\OneDrive\Pictures\Samsung Gallery\DCIM\Books 2.0\Screenshot_20251102_103204_Facebook.jpg,,Already existed
C:\Users\megha\OneDrive\Pictures\Samsung Gallery\DCIM\Books 2.0\Screenshot_20251105_201301_TikTok.jpg,,Already existed
C:\Users\megha\OneDrive\Pictures\Samsung Gallery\DCIM\Books 2.0\Screenshot_20251106_202231_TikTok.jpg,,Already existed
C:\Users\megha\OneDrive\Pictures\Samsung Gallery\DCIM\Books 2.0\Screenshot_20251106_202234_TikTok.jpg,,Already existed
C:\Users\megha\OneDrive\Pictures\Samsung Gallery\DCIM\Books 2.0\Screenshot_20251106_202238_TikTok.jpg,,Already existed
C:\Users\megha\OneDrive\Pictures\Samsung Gallery\DCIM\Books 2.0\Screenshot_20251201_205109_TikTok.jpg,,Already existed
C:\Users\megha\OneDrive\Pictures\Samsung Gallery\DCIM\Books 2.0\Screenshot_20251226_135155_Facebook.jpg,,Already existed
C:\Users\megha\OneDrive\Pictures\Samsung Gallery\DCIM\Books 2.0\Screenshot_20251228_193420_TikTok.jpg,,Already existed
C:\Users\megha\OneDrive\Pictures\Samsung Gallery\DCIM\Books 2.0\Screenshot_20251228_193422_TikTok.jpg,,Already existed
C:\Users\megha\OneDrive\Pictures\Samsung Gallery\DCIM\Books 2.0\Screenshot_20251228_193425_TikTok.jpg,,Already existed
C:\Users\megha\OneDrive\Pictures\Samsung Gallery\DCIM\Books 2.0\Screenshot_20251228_193429_TikTok.jpg,,Already existed
C:\Users\megha\OneDrive\Pictures\Samsung Gallery\DCIM\Books 2.0\Screenshot_20251228_193431_TikTok.jpg,,Already existed
C:\Users\megha\OneDrive\Pictures\Samsung Gallery\DCIM\Books 2.0\Screenshot_20251228_193714_TikTok.jpg,,Already existed
C:\Users\megha\OneDrive\Pictures\Samsung Gallery\DCIM\Books 2.0\Screenshot_20251228_193724_TikTok.jpg,,Already existed
C:\Users\megha\OneDrive\Pictures\Samsung Gallery\DCIM\Books 2.0\Screenshot_20251228_193744_TikTok.jpg,,Already existed
C:\Users\megha\OneDrive\Pictures\Samsung Gallery\DCIM\Books 2.0\Screenshot_20251228_193747_TikTok.jpg,,Already existed
C:\Users\megha\OneDrive\Pictures\Samsung Gallery\DCIM\Books 2.0\Screenshot_20251228_193815_TikTok.jpg,,Already existed
C:\Users\megha\OneDrive\Pictures\Samsung Gallery\DCIM\Books 2.0\Screenshot_20260118_184620_TikTok.jpg,,Already existed
C:\Users\megha\OneDrive\Pictures\Samsung Gallery\DCIM\Books 2.0\Screenshot_20260118_184623_TikTok.jpg,,Already existed
C:\Users\megha\OneDrive\Pictures\Samsung Gallery\DCIM\Books 2.0\Screenshot_20260118_184627_TikTok.jpg,,Already existed
C:\Users\megha\OneDrive\Pictures\Samsung Gallery\DCIM\Books 2.0\Screenshot_20260118_184632_TikTok.jpg,,Already existed
C:\Users\megha\OneDrive\Pictures\Samsung Gallery\DCIM\Books 2.0\Screenshot_20260118_184636_TikTok.jpg,,Already existed
C:\Users\megha\OneDrive\Pictures\Samsung Gallery\DCIM\Books 2.0\Screenshot_20260118_184640_TikTok.jpg,,Already existed
C:\Users\megha\OneDrive\Pictures\Samsung Gallery\DCIM\Books 2.0\Screenshot_20260118_212950_TikTok.jpg,,Already existed
C:\Users\megha\OneDrive\Pictures\Samsung Gallery\DCIM\Books 2.0\Screenshot_20260305_215633_TikTok.jpg,,Already existed
C:\Users\megha\OneDrive\Pictures\Samsung Gallery\DCIM\Books 2.0\Screenshot_20260305_215640_TikTok.jpg,,Already existed
C:\Users\megha\OneDrive\Pictures\Samsung Gallery\DCIM\Books 2.0\Screenshot_20260305_215644_TikTok.jpg,,Already existed
C:\Users\megha\OneDrive\Pictures\Samsung Gallery\DCIM\Books 2.0\20150604_145359.jpg,,Already existed
C:\Users\megha\OneDrive\Pictures\Samsung Gallery\DCIM\Books 2.0\20150604_145403.jpg,,Already existed
C:\Users\megha\OneDrive\Pictures\Samsung Gallery\DCIM\Books 2.0\20150604_145416.jpg,,Already existed
C:\Users\megha\OneDrive\Pictures\Samsung Gallery\DCIM\Books 2.0\20150604_145418.jpg,,Already existed
C:\Users\megha\OneDrive\Pictures\Samsung Gallery\DCIM\Books 2.0\20150604_145526.jpg,,Already existed
C:\Users\megha\OneDrive\Pictures\Samsung Gallery\DCIM\Books 2.0\20150624_103630.jpg,,Already existed
C:\Users\megha\OneDrive\Pictures\Samsung Gallery\DCIM\Books 2.0\20150624_103633.jpg,,Already existed
C:\Users\megha\OneDrive\Pictures\Samsung Gallery\DCIM\Books 2.0\20150629_131418.jpg,,Already existed
C:\Users\megha\OneDrive\Pictures\Samsung Gallery\DCIM\Books 2.0\20150703_153613(1).jpg,,Already existed
C:\Users\megha\OneDrive\Pictures\Samsung Gallery\DCIM\Books 2.0\20150703_154449.jpg,,Already existed
C:\Users\megha\OneDrive\Pictures\Samsung Gallery\DCIM\Books 2.0\20150703_154451.jpg,,Already existed
C:\Users\megha\OneDrive\Pictures\Samsung Gallery\DCIM\Books 2.0\20151110_213518.jpg,,Already existed
C:\Users\megha\OneDrive\Pictures\Samsung Gallery\DCIM\Books 2.0\20151110_213528.jpg,,Already existed
C:\Users\megha\OneDrive\Pictures\Samsung Gallery\DCIM\Books 2.0\20151110_213536.jpg,,Already existed
C:\Users\megha\OneDrive\Pictures\Samsung Gallery\DCIM\Books 2.0\20151110_213546.jpg,,Already existed
C:\Users\megha\OneDrive\Pictures\Samsung Gallery\DCIM\Books 2.0\20151110_213602.jpg,,Already existed
C:\Users\megha\OneDrive\Pictures\Samsung Gallery\DCIM\Books 2.0\20151110_214807.jpg,,Already existed
C:\Users\megha\OneDrive\Pictures\Samsung Gallery\DCIM\Books 2.0\20151110_214813.jpg,,Already existed
C:\Users\megha\OneDrive\Pictures\Samsung Gallery\DCIM\Books 2.0\7281b038843701ff5668a91659c466df.jpg,,Already existed
C:\Users\megha\OneDrive\Pictures\Samsung Gallery\DCIM\Books 2.0\800494f067e7b06de67d3f46bc249af2.jpg,,Already existed
C:\Users\megha\OneDrive\Pictures\Samsung Gallery\DCIM\Books 2.0\b33cf103804f8775bfab99b6a6209505.jpg,,Already existed
C:\Users\megha\OneDrive\Pictures\Samsung Gallery\DCIM\Books 2.0\fbd9197de428642d431b98b23413195d.jpg,,Already existed
C:\Users\megha\OneDrive\Pictures\Samsung Gallery\DCIM\Books 2.0\FB_IMG_1697977111864.jpg,,Already existed
C:\Users\megha\OneDrive\Pictures\Samsung Gallery\DCIM\Books 2.0\FB_IMG_1697977138171.jpg,,Already existed
C:\Users\megha\OneDrive\Pictures\Samsung Gallery\DCIM\Books 2.0\FB_IMG_1698687664467.jpg,,Already existed
C:\Users\megha\OneDrive\Pictures\Samsung Gallery\DCIM\Books 2.0\FB_IMG_1703696856402.jpg,,Already existed
C:\Users\megha\OneDrive\Pictures\Samsung Gallery\DCIM\Books 2.0\FB_IMG_1704971228594.jpg,,Already existed
C:\Users\megha\OneDrive\Pictures\Samsung Gallery\DCIM\Books 2.0\FB_IMG_1706063070732.jpg,,Already existed
C:\Users\megha\OneDrive\Pictures\Samsung Gallery\DCIM\Books 2.0\FB_IMG_1706095516552.jpg,,Already existed
C:\Users\megha\OneDrive\Pictures\Samsung Gallery\DCIM\Books 2.0\FB_IMG_1761697938584.jpg,,Already existed
C:\Users\megha\OneDrive\Pictures\Samsung Gallery\DCIM\Books 2.0\FB_IMG_1762168845027.jpg,,Already existed
C:\Users\megha\OneDrive\Pictures\Samsung Gallery\DCIM\Books 2.0\FB_IMG_1762168855762.jpg,,Already existed
C:\Users\megha\OneDrive\Pictures\Samsung Gallery\DCIM\Books 2.0\FB_IMG_1765910360222.jpg,,Already existed
C:\Users\megha\OneDrive\Pictures\Samsung Gallery\DCIM\Books 2.0\FB_IMG_1770337995809.jpg,,Already existed
C:\Users\megha\OneDrive\Pictures\Samsung Gallery\DCIM\Books 2.0\IMG_3013.JPG,,Already existed
C:\Users\megha\OneDrive\Pictures\Samsung Gallery\DCIM\Books 2.0\Screenshot_20220407-212304_TikTok.jpg,,Already existed
C:\Users\megha\OneDrive\Pictures\Samsung Gallery\DCIM\Books 2.0\Screenshot_20220407-212311_TikTok.jpg,,Already existed
C:\Users\megha\OneDrive\Pictures\Samsung Gallery\DCIM\Books 2.0\Screenshot_20220407-212317_TikTok.jpg,,Already existed
C:\Users\megha\OneDrive\Pictures\Samsung Gallery\DCIM\Books 2.0\Screenshot_20220407-212320_TikTok.jpg,,Already existed
C:\Users\megha\OneDrive\Pictures\Samsung Gallery\DCIM\Books 2.0\Screenshot_20220407-212324_TikTok.jpg,,Already existed
C:\Users\megha\OneDrive\Pictures\Samsung Gallery\DCIM\Books 2.0\Screenshot_20220531-213929_TikTok.jpg,,Already existed
C:\Users\megha\OneDrive\Pictures\Samsung Gallery\DCIM\Books 2.0\Screenshot_20220615-220523_TikTok.jpg,,Already existed
C:\Users\megha\OneDrive\Pictures\Samsung Gallery\DCIM\Books 2.0\Screenshot_20220622-222129_TikTok.jpg,,Already existed
C:\Users\megha\OneDrive\Pictures\Samsung Gallery\DCIM\Books 2.0\Screenshot_20220625-214801_TikTok.jpg,,Already existed
C:\Users\megha\OneDrive\Pictures\Samsung Gallery\DCIM\Books 2.0\Screenshot_20220625-214826_TikTok.jpg,,Already existed
C:\Users\megha\OneDrive\Pictures\Samsung Gallery\DCIM\Books 2.0\Screenshot_20220704-212058_TikTok.jpg,,Already existed
C:\Users\megha\OneDrive\Pictures\Samsung Gallery\DCIM\Books 2.0\Screenshot_20220705-212544_TikTok.jpg,,Already existed
C:\Users\megha\OneDrive\Pictures\Samsung Gallery\DCIM\Books 2.0\Screenshot_20220706-174228_TikTok.jpg,,Already existed
C:\Users\megha\OneDrive\Pictures\Samsung Gallery\DCIM\Books 2.0\Screenshot_20220707-210920_TikTok.jpg,,Already existed
C:\Users\megha\OneDrive\Pictures\Samsung Gallery\DCIM\Books 2.0\Screenshot_20220710-090334_TikTok.jpg,,Already existed
C:\Users\megha\OneDrive\Pictures\Samsung Gallery\DCIM\Books 2.0\Screenshot_20220712-221800_TikTok.jpg,,Already existed
C:\Users\megha\OneDrive\Pictures\Samsung Gallery\DCIM\Books 2.0\Screenshot_20220714-063746_TikTok.jpg,,Already existed
C:\Users\megha\OneDrive\Pictures\Samsung Gallery\DCIM\Books 2.0\Screenshot_20220714-065122_TikTok.jpg,,Already existed
C:\Users\megha\OneDrive\Pictures\Samsung Gallery\DCIM\Books 2.0\Screenshot_20220714-065131_TikTok.jpg,,Already existed
C:\Users\megha\OneDrive\Pictures\Samsung Gallery\DCIM\Books 2.0\Screenshot_20220714-065135_TikTok.jpg,,Already existed
C:\Users\megha\OneDrive\Pictures\Samsung Gallery\DCIM\Books 2.0\Screenshot_20220716-150514_TikTok.jpg,,Already existed
C:\Users\megha\OneDrive\Pictures\Samsung Gallery\DCIM\Books 2.0\Screenshot_20220718-203306_TikTok.jpg,,Already existed
C:\Users\megha\OneDrive\Pictures\Samsung Gallery\DCIM\Books 2.0\Screenshot_20220718-213042_TikTok.jpg,,Already existed
C:\Users\megha\OneDrive\Pictures\Samsung Gallery\DCIM\Books 2.0\Screenshot_20220718-213049_TikTok.jpg,,Already existed
C:\Users\megha\OneDrive\Pictures\Samsung Gallery\DCIM\Books 2.0\Screenshot_20220718-213052_TikTok.jpg,,Already existed
C:\Users\megha\OneDrive\Pictures\Samsung Gallery\DCIM\Books 2.0\Screenshot_20220718-213055_TikTok.jpg,,Already existed
C:\Users\megha\OneDrive\Pictures\Samsung Gallery\DCIM\Books 2.0\Screenshot_20220718-213058_TikTok.jpg,,Already existed
C:\Users\megha\OneDrive\Pictures\Samsung Gallery\DCIM\Books 2.0\Screenshot_20220718-213100_TikTok.jpg,,Already existed
C:\Users\megha\OneDrive\Pictures\Samsung Gallery\DCIM\Books 2.0\Screenshot_20220718-213121_TikTok.jpg,,Already existed
C:\Users\megha\OneDrive\Pictures\Samsung Gallery\DCIM\Books 2.0\Screenshot_20220718-213140_TikTok.jpg,,Already existed
C:\Users\megha\OneDrive\Pictures\Samsung Gallery\DCIM\Books 2.0\Screenshot_20220814-213425_TikTok.jpg,,Already existed
C:\Users\megha\OneDrive\Pictures\Samsung Gallery\DCIM\Books 2.0\Screenshot_20220814-213430_TikTok.jpg,,Already existed
C:\Users\megha\OneDrive\Pictures\Samsung Gallery\DCIM\Books 2.0\Screenshot_20220814-213438_TikTok.jpg,,Already existed
C:\Users\megha\OneDrive\Pictures\Samsung Gallery\DCIM\Books 2.0\Screenshot_20220814-213446_TikTok.jpg,,Already existed
C:\Users\megha\OneDrive\Pictures\Samsung Gallery\DCIM\Books 2.0\Screenshot_20220827-215040_TikTok.jpg,,Already existed
C:\Users\megha\OneDrive\Pictures\Samsung Gallery\DCIM\Books 2.0\Screenshot_20220827-215057_TikTok.jpg,,Already existed
C:\Users\megha\OneDrive\Pictures\Samsung Gallery\DCIM\Books 2.0\Screenshot_20220827-215104_TikTok.jpg,,Already existed
C:\Users\megha\OneDrive\Pictures\Samsung Gallery\DCIM\Books 2.0\Screenshot_20221204_205243_TikTok.jpg,,Already existed
C:\Users\megha\OneDrive\Pictures\Samsung Gallery\DCIM\Books 2.0\Screenshot_20221231_091833_TikTok.jpg,,Already existed
C:\Users\megha\OneDrive\Pictures\Samsung Gallery\DCIM\Books 2.0\Screenshot_20221231_091841_TikTok.jpg,,Already existed
C:\Users\megha\OneDrive\Pictures\Samsung Gallery\DCIM\Books 2.0\Screenshot_20221231_091847_TikTok.jpg,,Already existed
C:\Users\megha\OneDrive\Pictures\Samsung Gallery\DCIM\Books 2.0\Screenshot_20221231_092126_TikTok.jpg,,Already existed
C:\Users\megha\OneDrive\Pictures\Samsung Gallery\DCIM\Books 2.0\Screenshot_20221231_092335_TikTok.jpg,,Already existed
C:\Users\megha\OneDrive\Pictures\Samsung Gallery\DCIM\Books 2.0\Screenshot_20221231_092341_TikTok.jpg,,Already existed
C:\Users\megha\OneDrive\Pictures\Samsung Gallery\DCIM\Books 2.0\Screenshot_20221231_092348_TikTok.jpg,,Already existed
C:\Users\megha\OneDrive\Pictures\Samsung Gallery\DCIM\Books 2.0\Screenshot_20221231_092353_TikTok.jpg,,Already existed
C:\Users\megha\OneDrive\Pictures\Samsung Gallery\DCIM\Books 2.0\Screenshot_20221231_092400_TikTok.jpg,,Already existed
C:\Users\megha\OneDrive\Pictures\Samsung Gallery\DCIM\Books 2.0\Screenshot_20221231_092452_TikTok.jpg,,Already existed
C:\Users\megha\OneDrive\Pictures\Samsung Gallery\DCIM\Books 2.0\Screenshot_20221231_092457_TikTok.jpg,,Already existed
C:\Users\megha\OneDrive\Pictures\Samsung Gallery\DCIM\Books 2.0\Screenshot_20221231_092501_TikTok.jpg,,Already existed
C:\Users\megha\OneDrive\Pictures\Samsung Gallery\DCIM\Books 2.0\Screenshot_20221231_162818_TikTok.jpg,,Already existed
C:\Users\megha\OneDrive\Pictures\Samsung Gallery\DCIM\Books 2.0\Screenshot_20221231_162828_TikTok.jpg,,Already existed
C:\Users\megha\OneDrive\Pictures\Samsung Gallery\DCIM\Books 2.0\Screenshot_20221231_162836_TikTok.jpg,,Already existed
C:\Users\megha\OneDrive\Pictures\Samsung Gallery\DCIM\Books 2.0\Screenshot_20221231_162844_TikTok.jpg,,Already existed
C:\Users\megha\OneDrive\Pictures\Samsung Gallery\DCIM\Books 2.0\Screenshot_20221231_162853_TikTok.jpg,,Already existed
C:\Users\megha\OneDrive\Pictures\Samsung Gallery\DCIM\Books 2.0\Screenshot_20230101_202529_TikTok.jpg,,Already existed
C:\Users\megha\OneDrive\Pictures\Samsung Gallery\DCIM\Books 2.0\Screenshot_20230101_203421_TikTok.jpg,,Already existed
C:\Users\megha\OneDrive\Pictures\Samsung Gallery\DCIM\Books 2.0\Screenshot_20230101_212928_TikTok.jpg,,Already existed
C:\Users\megha\OneDrive\Pictures\Samsung Gallery\DCIM\Books 2.0\Screenshot_20230120_213723_TikTok.jpg,,Already existed
C:\Users\megha\OneDrive\Pictures\Samsung Gallery\DCIM\Books 2.0\Screenshot_20230123_211514_TikTok.jpg,,Already existed
C:\Users\megha\OneDrive\Pictures\Samsung Gallery\DCIM\Books 2.0\Screenshot_20230123_211531_TikTok.jpg,,Already existed
C:\Users\megha\OneDrive\Pictures\Samsung Gallery\DCIM\Books 2.0\Screenshot_20230123_211919_TikTok.jpg,,Already existed
C:\Users\megha\OneDrive\Pictures\Samsung Gallery\DCIM\Books 2.0\Screenshot_20230123_212004_TikTok.jpg,,Already existed
C:\Users\megha\OneDrive\Pictures\Samsung Gallery\DCIM\Books 2.0\Screenshot_20230123_212107_TikTok.jpg,,Already existed
C:\Users\megha\OneDrive\Pictures\Samsung Gallery\DCIM\Books 2.0\Screenshot_20230123_212112_TikTok.jpg,,Already existed
C:\Users\megha\OneDrive\Pictures\Samsung Gallery\DCIM\Books 2.0\Screenshot_20230123_212301_TikTok.jpg,,Already existed
C:\Users\megha\OneDrive\Pictures\Samsung Gallery\DCIM\Books 2.0\Screenshot_20230123_212306_TikTok.jpg,,Already existed
C:\Users\megha\OneDrive\Pictures\Samsung Gallery\DCIM\Books 2.0\Screenshot_20230203_211737_TikTok.jpg,,Already existed
C:\Users\megha\OneDrive\Pictures\Samsung Gallery\DCIM\Books 2.0\Screenshot_20230203_211745_TikTok.jpg,,Already existed
C:\Users\megha\OneDrive\Pictures\Samsung Gallery\DCIM\Books 2.0\Screenshot_20230203_211757_TikTok.jpg,,Already existed
C:\Users\megha\OneDrive\Pictures\Samsung Gallery\DCIM\Books 2.0\Screenshot_20230203_211805_TikTok.jpg,,Already existed
C:\Users\megha\OneDrive\Pictures\Samsung Gallery\DCIM\Books 2.0\Screenshot_20230203_211811_TikTok.jpg,,Already existed
C:\Users\megha\OneDrive\Pictures\Samsung Gallery\DCIM\Books 2.0\Screenshot_20230203_211821_TikTok.jpg,,Already existed
C:\Users\megha\OneDrive\Pictures\Samsung Gallery\DCIM\Books 2.0\Screenshot_20230211_073833_TikTok.jpg,,Already existed
C:\Users\megha\OneDrive\Pictures\Samsung Gallery\DCIM\Books 2.0\Screenshot_20230221_214355_TikTok.jpg,,Already existed
C:\Users\megha\OneDrive\Pictures\Samsung Gallery\DCIM\Books 2.0\Screenshot_20230320_212836_TikTok.jpg,,Already existed
C:\Users\megha\OneDrive\Pictures\Samsung Gallery\DCIM\Books 2.0\Screenshot_20230320_212841_TikTok.jpg,,Already existed
C:\Users\megha\OneDrive\Pictures\Samsung Gallery\DCIM\Books 2.0\Screenshot_20230320_212846_TikTok.jpg,,Already existed
C:\Users\megha\OneDrive\Pictures\Samsung Gallery\DCIM\Books 2.0\Screenshot_20230320_212850_TikTok.jpg,,Already existed
C:\Users\megha\OneDrive\Pictures\Samsung Gallery\DCIM\Books 2.0\Screenshot_20230320_212853_TikTok.jpg,,Already existed
C:\Users\megha\OneDrive\Pictures\Samsung Gallery\DCIM\Books 2.0\Screenshot_20230423_212914_TikTok.jpg,,Already existed
C:\Users\megha\OneDrive\Pictures\Samsung Gallery\DCIM\Books 2.0\Screenshot_20230429_223922_TikTok.jpg,,Already existed
C:\Users\megha\OneDrive\Pictures\Samsung Gallery\DCIM\Books 2.0\Screenshot_20230429_223927_TikTok.jpg,,Already existed
C:\Users\megha\OneDrive\Pictures\Samsung Gallery\DCIM\Books 2.0\Screenshot_20230501_220928_TikTok.jpg,,Already existed
C:\Users\megha\OneDrive\Pictures\Samsung Gallery\DCIM\Books 2.0\Screenshot_20230501_220933_TikTok.jpg,,Already existed
C:\Users\megha\OneDrive\Pictures\Samsung Gallery\DCIM\Books 2.0\Screenshot_20230501_220956_TikTok.jpg,,Already existed
C:\Users\megha\OneDrive\Pictures\Samsung Gallery\DCIM\Books 2.0\Screenshot_20230501_221449_TikTok.jpg,,Already existed
C:\Users\megha\OneDrive\Pictures\Samsung Gallery\DCIM\Books 2.0\Screenshot_20230926_213539_TikTok.jpg,,Already existed
C:\Users\megha\OneDrive\Pictures\Samsung Gallery\DCIM\Books 2.0\Screenshot_20230926_213544_TikTok.jpg,,Already existed
C:\Users\megha\OneDrive\Pictures\Samsung Gallery\DCIM\Books 2.0\Screenshot_20230926_213548_TikTok.jpg,,Already existed
C:\Users\megha\OneDrive\Pictures\Samsung Gallery\DCIM\Books 2.0\Screenshot_20230926_213557_TikTok.jpg,,Already existed
C:\Users\megha\OneDrive\Pictures\Samsung Gallery\DCIM\Books 2.0\Screenshot_20230926_213559_TikTok.jpg,,Already existed
C:\Users\megha\OneDrive\Pictures\Samsung Gallery\DCIM\Books 2.0\Screenshot_20230926_213600_TikTok.jpg,,Already existed
C:\Users\megha\OneDrive\Pictures\Samsung Gallery\DCIM\Books 2.0\Screenshot_20231006_203645_Pinterest.jpg,,Already existed
C:\Users\megha\OneDrive\Pictures\Samsung Gallery\DCIM\Books 2.0\Screenshot_20231007_075053_Facebook.jpg,,Already existed
C:\Users\megha\OneDrive\Pictures\Samsung Gallery\DCIM\Books 2.0\Screenshot_20231007_075111_Facebook.jpg,,Already existed
C:\Users\megha\OneDrive\Pictures\Samsung Gallery\DCIM\Books 2.0\Screenshot_20231007_075122_Facebook.jpg,,Already existed
C:\Users\megha\OneDrive\Pictures\Samsung Gallery\DCIM\Books 2.0\Screenshot_20231007_075200_Facebook.jpg,,Already existed
C:\Users\megha\OneDrive\Pictures\Samsung Gallery\DCIM\Books 2.0\Screenshot_20231007_075210_Facebook.jpg,,Already existed
C:\Users\megha\OneDrive\Pictures\Samsung Gallery\DCIM\Books 2.0\Screenshot_20231007_075220_Facebook.jpg,,Already existed
C:\Users\megha\OneDrive\Pictures\Samsung Gallery\DCIM\Books 2.0\Screenshot_20231007_075228_Facebook.jpg,,Already existed
C:\Users\megha\OneDrive\Pictures\Samsung Gallery\DCIM\Books 2.0\Screenshot_20231007_075626_Facebook.jpg,,Already existed
C:\Users\megha\OneDrive\Pictures\Samsung Gallery\DCIM\Books 2.0\Screenshot_20231007_075632_Facebook.jpg,,Already existed
C:\Users\megha\OneDrive\Pictures\Samsung Gallery\DCIM\Books 2.0\Screenshot_20231007_075637_Facebook.jpg,,Already existed
C:\Users\megha\OneDrive\Pictures\Samsung Gallery\DCIM\Books 2.0\Screenshot_20231007_075642_Facebook.jpg,,Already existed
C:\Users\megha\OneDrive\Pictures\Samsung Gallery\DCIM\Books 2.0\Screenshot_20231007_075648_Facebook.jpg,,Already existed
C:\Users\megha\OneDrive\Pictures\Samsung Gallery\DCIM\Books 2.0\Screenshot_20231007_075652_Facebook.jpg,,Already existed
C:\Users\megha\OneDrive\Pictures\Samsung Gallery\DCIM\Books 2.0\Screenshot_20231007_075700_Facebook.jpg,,Already existed
C:\Users\megha\OneDrive\Pictures\Samsung Gallery\DCIM\Books 2.0\Screenshot_20231019_101710_Facebook.jpg,,Already existed
C:\Users\megha\OneDrive\Pictures\Samsung Gallery\DCIM\Books 2.0\Screenshot_20231019_101714_Facebook.jpg,,Already existed
C:\Users\megha\OneDrive\Pictures\Samsung Gallery\DCIM\Books 2.0\Screenshot_20231019_101718_Facebook.jpg,,Already existed
C:\Users\megha\OneDrive\Pictures\Samsung Gallery\DCIM\Books 2.0\Screenshot_20231019_101721_Facebook.jpg,,Already existed
C:\Users\megha\OneDrive\Pictures\Samsung Gallery\DCIM\Books 2.0\Screenshot_20231025_064046_Facebook.jpg,,Already existed
C:\Users\megha\OneDrive\Pictures\Samsung Gallery\DCIM\Books 2.0\Screenshot_20231025_131101_Facebook.jpg,,Already existed
C:\Users\megha\OneDrive\Pictures\Samsung Gallery\DCIM\Books 2.0\Screenshot_20231026_083344_Facebook.jpg,,Already existed
C:\Users\megha\OneDrive\Pictures\Samsung Gallery\DCIM\Books 2.0\Screenshot_20231026_083346_Facebook.jpg,,Already existed
C:\Users\megha\OneDrive\Pictures\Samsung Gallery\DCIM\Books 2.0\Screenshot_20231026_083347_Facebook.jpg,,Already existed
C:\Users\megha\OneDrive\Pictures\Samsung Gallery\DCIM\Books 2.0\Screenshot_20231028_162441_Facebook.jpg,,Already existed
C:\Users\megha\OneDrive\Pictures\Samsung Gallery\DCIM\Books 2.0\Screenshot_20231028_162448_Facebook.jpg,,Already existed
C:\Users\megha\OneDrive\Pictures\Samsung Gallery\DCIM\Books 2.0\Screenshot_20231028_162455_Facebook.jpg,,Already existed
C:\Users\megha\OneDrive\Pictures\Samsung Gallery\DCIM\Books 2.0\Screenshot_20231028_211602_Facebook.jpg,,Already existed
C:\Users\megha\OneDrive\Pictures\Samsung Gallery\DCIM\Books 2.0\Screenshot_20231028_211608_Facebook.jpg,,Already existed
C:\Users\megha\OneDrive\Pictures\Samsung Gallery\DCIM\Books 2.0\Screenshot_20231028_211612_Facebook.jpg,,Already existed
C:\Users\megha\OneDrive\Pictures\Samsung Gallery\DCIM\Books 2.0\Screenshot_20231028_211618_Facebook.jpg,,Already existed
C:\Users\megha\OneDrive\Pictures\Samsung Gallery\DCIM\Books 2.0\Screenshot_20231028_211624_Facebook.jpg,,Already existed
C:\Users\megha\OneDrive\Pictures\Samsung Gallery\DCIM\Books 2.0\Screenshot_20231030_095712_Facebook.jpg,,Already existed
C:\Users\megha\OneDrive\Pictures\Samsung Gallery\DCIM\Books 2.0\Screenshot_20231030_100532_Facebook.jpg,,Already existed
C:\Users\megha\OneDrive\Pictures\Samsung Gallery\DCIM\Books 2.0\Screenshot_20231030_100537_Facebook.jpg,,Already existed
C:\Users\megha\OneDrive\Pictures\Samsung Gallery\DCIM\Books 2.0\Screenshot_20231030_100543_Facebook.jpg,,Already existed
C:\Users\megha\OneDrive\Pictures\Samsung Gallery\DCIM\Books 2.0\Screenshot_20231030_100550_Facebook.jpg,,Already existed
C:\Users\megha\OneDrive\Pictures\Samsung Gallery\DCIM\Books 2.0\Screenshot_20231030_122633_Facebook.jpg,,Already existed
C:\Users\megha\OneDrive\Pictures\Samsung Gallery\DCIM\Books 2.0\Screenshot_20231030_122639_Facebook.jpg,,Already existed
C:\Users\megha\OneDrive\Pictures\Samsung Gallery\DCIM\Books 2.0\Screenshot_20231030_122643_Facebook.jpg,,Already existed
C:\Users\megha\OneDrive\Pictures\Samsung Gallery\DCIM\Books 2.0\Screenshot_20231030_122645_Facebook.jpg,,Already existed
C:\Users\megha\OneDrive\Pictures\Samsung Gallery\DCIM\Books 2.0\Screenshot_20231031_070528_Facebook.jpg,,Already existed
C:\Users\megha\OneDrive\Pictures\Samsung Gallery\DCIM\Books 2.0\Screenshot_20231031_070534_Facebook.jpg,,Already existed
C:\Users\megha\OneDrive\Pictures\Samsung Gallery\DCIM\Books 2.0\Screenshot_20231031_070538_Facebook.jpg,,Already existed
C:\Users\megha\OneDrive\Pictures\Samsung Gallery\DCIM\Books 2.0\Screenshot_20231031_070542_Facebook.jpg,,Already existed
C:\Users\megha\OneDrive\Pictures\Samsung Gallery\DCIM\Books 2.0\Screenshot_20231031_070546_Facebook.jpg,,Already existed
C:\Users\megha\OneDrive\Pictures\Samsung Gallery\DCIM\Books 2.0\Screenshot_20231123_070745_Facebook.jpg,,Already existed
C:\Users\megha\OneDrive\Pictures\Samsung Gallery\DCIM\Books 2.0\Screenshot_20231123_070747_Facebook.jpg,,Already existed
C:\Users\megha\OneDrive\Pictures\Samsung Gallery\DCIM\Books 2.0\Screenshot_20231123_070749_Facebook.jpg,,Already existed
C:\Users\megha\OneDrive\Pictures\Samsung Gallery\DCIM\Books 2.0\Screenshot_20231123_070751_Facebook.jpg,,Already existed
C:\Users\megha\OneDrive\Pictures\Samsung Gallery\DCIM\Books 2.0\Screenshot_20231123_070753_Facebook.jpg,,Already existed
C:\Users\megha\OneDrive\Pictures\Samsung Gallery\DCIM\Books 2.0\Screenshot_20231123_070755_Facebook.jpg,,Already existed
C:\Users\megha\OneDrive\Pictures\Samsung Gallery\DCIM\Books 2.0\Screenshot_20231123_070757_Facebook.jpg,,Already existed
C:\Users\megha\OneDrive\Pictures\Samsung Gallery\DCIM\Books 2.0\Screenshot_20231123_070759_Facebook.jpg,,Already existed
C:\Users\megha\OneDrive\Pictures\Samsung Gallery\DCIM\Books 2.0\Screenshot_20231123_070801_Facebook.jpg,,Already existed
C:\Users\megha\OneDrive\Pictures\Samsung Gallery\DCIM\Books 2.0\Screenshot_20231123_070803_Facebook.jpg,,Already existed
C:\Users\megha\OneDrive\Pictures\Samsung Gallery\DCIM\Books 2.0\Screenshot_20231123_070805_Facebook.jpg,,Already existed
C:\Users\megha\OneDrive\Pictures\Samsung Gallery\DCIM\Books 2.0\Screenshot_20231123_070807_Facebook.jpg,,Already existed
C:\Users\megha\OneDrive\Pictures\Samsung Gallery\DCIM\Books 2.0\Screenshot_20240103_103143_Facebook.jpg,,Already existed
C:\Users\megha\OneDrive\Pictures\Samsung Gallery\DCIM\Books 2.0\Screenshot_20240103_103150_Facebook.jpg,,Already existed
C:\Users\megha\OneDrive\Pictures\Samsung Gallery\DCIM\Books 2.0\Screenshot_20240104_201908_TikTok.jpg,,Already existed
C:\Users\megha\OneDrive\Pictures\Samsung Gallery\DCIM\Books 2.0\Screenshot_20240104_201916_TikTok.jpg,,Already existed
C:\Users\megha\OneDrive\Pictures\Samsung Gallery\DCIM\Books 2.0\Screenshot_20240104_201920_TikTok.jpg,,Already existed
C:\Users\megha\OneDrive\Pictures\Samsung Gallery\DCIM\Books 2.0\Screenshot_20240104_201924_TikTok.jpg,,Already existed
C:\Users\megha\OneDrive\Pictures\Samsung Gallery\DCIM\Books 2.0\Screenshot_20240105_064825_Facebook.jpg,,Already existed
C:\Users\megha\OneDrive\Pictures\Samsung Gallery\DCIM\Books 2.0\Screenshot_20240105_064834_Facebook.jpg,,Already existed
C:\Users\megha\OneDrive\Pictures\Samsung Gallery\DCIM\Books 2.0\Screenshot_20240116_204837_TikTok.jpg,,Already existed
C:\Users\megha\OneDrive\Pictures\Samsung Gallery\DCIM\Books 2.0\Screenshot_20240116_204848_TikTok.jpg,,Already existed
C:\Users\megha\OneDrive\Pictures\Samsung Gallery\DCIM\Books 2.0\Screenshot_20240116_205645_TikTok.jpg,,Already existed
C:\Users\megha\OneDrive\Pictures\Samsung Gallery\DCIM\Books 2.0\Screenshot_20240116_205647_TikTok.jpg,,Already existed
C:\Users\megha\OneDrive\Pictures\Samsung Gallery\DCIM\Books 2.0\Screenshot_20240116_205650_TikTok.jpg,,Already existed
C:\Users\megha\OneDrive\Pictures\Samsung Gallery\DCIM\Books 2.0\Screenshot_20240116_205653_TikTok.jpg,,Already existed
C:\Users\megha\OneDrive\Pictures\Samsung Gallery\DCIM\Books 2.0\Screenshot_20240116_205656_TikTok.jpg,,Already existed
C:\Users\megha\OneDrive\Pictures\Samsung Gallery\DCIM\Books 2.0\Screenshot_20240116_210635_TikTok.jpg,,Already existed
C:\Users\megha\OneDrive\Pictures\Samsung Gallery\DCIM\Books 2.0\Screenshot_20240117_085633_Facebook.jpg,,Already existed
C:\Users\megha\OneDrive\Pictures\Samsung Gallery\DCIM\Books 2.0\Screenshot_20240117_085645_Facebook.jpg,,Already existed
C:\Users\megha\OneDrive\Pictures\Samsung Gallery\DCIM\Books 2.0\Screenshot_20240117_085650_Facebook.jpg,,Already existed
C:\Users\megha\OneDrive\Pictures\Samsung Gallery\DCIM\Books 2.0\Screenshot_20240121_072717_Facebook.jpg,,Already existed
C:\Users\megha\OneDrive\Pictures\Samsung Gallery\DCIM\Books 2.0\Screenshot_20240121_072742_Facebook.jpg,,Already existed
C:\Users\megha\OneDrive\Pictures\Samsung Gallery\DCIM\Books 2.0\Screenshot_20240125_063314_Facebook.jpg,,Already existed
C:\Users\megha\OneDrive\Pictures\Samsung Gallery\DCIM\Books 2.0\Screenshot_20240125_063318_Facebook.jpg,,Already existed
C:\Users\megha\OneDrive\Pictures\Samsung Gallery\DCIM\Books 2.0\Screenshot_20240125_063322_Facebook.jpg,,Already existed
C:\Users\megha\OneDrive\Pictures\Samsung Gallery\DCIM\Books 2.0\Screenshot_20240125_063326_Facebook.jpg,,Already existed
C:\Users\megha\OneDrive\Pictures\Samsung Gallery\DCIM\Books 2.0\Screenshot_20240125_063330_Facebook.jpg,,Already existed
C:\Users\megha\OneDrive\Pictures\Samsung Gallery\DCIM\Books 2.0\Screenshot_20240125_063334_Facebook.jpg,,Already existed
C:\Users\megha\OneDrive\Pictures\Samsung Gallery\DCIM\Books 2.0\Screenshot_20240125_063338_Facebook.jpg,,Already existed
C:\Users\megha\OneDrive\Pictures\Samsung Gallery\DCIM\Books 2.0\Screenshot_20240125_063343_Facebook.jpg,,Already existed
C:\Users\megha\OneDrive\Pictures\Samsung Gallery\DCIM\Books 2.0\Screenshot_20240128_203402_Facebook.jpg,,Already existed
C:\Users\megha\OneDrive\Pictures\Samsung Gallery\DCIM\Books 2.0\Screenshot_20240128_203405_Facebook.jpg,,Already existed
C:\Users\megha\OneDrive\Pictures\Samsung Gallery\DCIM\Books 2.0\Screenshot_20240128_203408_Facebook.jpg,,Already existed
C:\Users\megha\OneDrive\Pictures\Samsung Gallery\DCIM\Books 2.0\Screenshot_20240128_203410_Facebook.jpg,,Already existed
C:\Users\megha\OneDrive\Pictures\Samsung Gallery\DCIM\Books 2.0\Screenshot_20240128_203414_Facebook.jpg,,Already existed
C:\Users\megha\OneDrive\Pictures\Samsung Gallery\DCIM\Books 2.0\Screenshot_20240128_203417_Facebook.jpg,,Already existed
C:\Users\megha\OneDrive\Pictures\Samsung Gallery\DCIM\Books 2.0\Screenshot_20240128_203420_Facebook.jpg,,Already existed
C:\Users\megha\OneDrive\Pictures\Samsung Gallery\DCIM\Books 2.0\Screenshot_20240128_203423_Facebook.jpg,,Already existed
C:\Users\megha\OneDrive\Pictures\Samsung Gallery\DCIM\Books 2.0\Screenshot_20240128_203426_Facebook.jpg,,Already existed
C:\Users\megha\OneDrive\Pictures\Samsung Gallery\DCIM\Books 2.0\Screenshot_20240128_203429_Facebook.jpg,,Already existed
C:\Users\megha\OneDrive\Pictures\Samsung Gallery\DCIM\Books 2.0\Screenshot_20240128_203432_Facebook.jpg,,Already existed
C:\Users\megha\OneDrive\Pictures\Samsung Gallery\DCIM\Books 2.0\Screenshot_20240129_060349_Facebook.jpg,,Already existed
C:\Users\megha\OneDrive\Pictures\Samsung Gallery\DCIM\Books 2.0\Screenshot_20240129_060411_Facebook.jpg,,Already existed
C:\Users\megha\OneDrive\Pictures\Samsung Gallery\DCIM\Books 2.0\Screenshot_20240129_060430_Facebook.jpg,,Already existed
C:\Users\megha\OneDrive\Pictures\Samsung Gallery\DCIM\Books 2.0\Screenshot_20240129_060453_Facebook.jpg,,Already existed
C:\Users\megha\OneDrive\Pictures\Samsung Gallery\DCIM\Books 2.0\Screenshot_20240131_065725_TikTok.jpg,,Already existed
C:\Users\megha\OneDrive\Pictures\Samsung Gallery\DCIM\Books 2.0\Screenshot_20240131_065727_TikTok.jpg,,Already existed
C:\Users\megha\OneDrive\Pictures\Samsung Gallery\DCIM\Books 2.0\Screenshot_20240131_065729_TikTok.jpg,,Already existed
C:\Users\megha\OneDrive\Pictures\Samsung Gallery\DCIM\Books 2.0\Screenshot_20240131_065731_TikTok.jpg,,Already existed
C:\Users\megha\OneDrive\Pictures\Samsung Gallery\DCIM\Books 2.0\Screenshot_20240131_065733_TikTok.jpg,,Already existed
C:\Users\megha\OneDrive\Pictures\Samsung Gallery\DCIM\Books 2.0\Screenshot_20240131_065734_TikTok.jpg,,Already existed
C:\Users\megha\OneDrive\Pictures\Samsung Gallery\DCIM\Books 2.0\Screenshot_20240131_065736_TikTok.jpg,,Already existed
C:\Users\megha\OneDrive\Pictures\Samsung Gallery\DCIM\Books 2.0\Screenshot_20240131_065738_TikTok.jpg,,Already existed
C:\Users\megha\OneDrive\Pictures\Samsung Gallery\DCIM\Books 2.0\Screenshot_20240131_065742_TikTok.jpg,,Already existed
C:\Users\megha\OneDrive\Pictures\Samsung Gallery\DCIM\Books 2.0\Screenshot_20240131_065744_TikTok.jpg,,Already existed
C:\Users\megha\OneDrive\Pictures\Samsung Gallery\DCIM\Books 2.0\Screenshot_20240131_070012_TikTok.jpg,,Already existed
C:\Users\megha\OneDrive\Pictures\Samsung Gallery\DCIM\Books 2.0\Screenshot_20240131_070047_TikTok.jpg,,Already existed
C:\Users\megha\OneDrive\Pictures\Samsung Gallery\DCIM\Books 2.0\Screenshot_20240131_070114_TikTok.jpg,,Already existed
C:\Users\megha\OneDrive\Pictures\Samsung Gallery\DCIM\Books 2.0\Screenshot_20240131_070137_TikTok.jpg,,Already existed
C:\Users\megha\OneDrive\Pictures\Samsung Gallery\DCIM\Books 2.0\Screenshot_20240131_070155_TikTok.jpg,,Already existed
C:\Users\megha\OneDrive\Pictures\Samsung Gallery\DCIM\Books 2.0\Screenshot_20240131_070229_TikTok.jpg,,Already existed
C:\Users\megha\OneDrive\Pictures\Samsung Gallery\DCIM\Books 2.0\Screenshot_20240131_070241_TikTok.jpg,,Already existed
C:\Users\megha\OneDrive\Pictures\Samsung Gallery\DCIM\Books 2.0\Screenshot_20240131_070340_TikTok.jpg,,Already existed
C:\Users\megha\OneDrive\Pictures\Samsung Gallery\DCIM\Books 2.0\Screenshot_20240131_070359_TikTok.jpg,,Already existed
C:\Users\megha\OneDrive\Pictures\Samsung Gallery\DCIM\Books 2.0\Screenshot_20240131_070401_TikTok.jpg,,Already existed
C:\Users\megha\OneDrive\Pictures\Samsung Gallery\DCIM\Books 2.0\Screenshot_20240131_070403_TikTok.jpg,,Already existed
C:\Users\megha\OneDrive\Pictures\Samsung Gallery\DCIM\Books 2.0\Screenshot_20240131_070404_TikTok.jpg,,Already existed
C:\Users\megha\OneDrive\Pictures\Samsung Gallery\DCIM\Books 2.0\Screenshot_20240131_070406_TikTok.jpg,,Already existed
C:\Users\megha\OneDrive\Pictures\Samsung Gallery\DCIM\Books 2.0\Screenshot_20240131_070520_TikTok.jpg,,Already existed
C:\Users\megha\OneDrive\Pictures\Samsung Gallery\DCIM\Books 2.0\Screenshot_20240131_204324_TikTok.jpg,,Already existed
C:\Users\megha\OneDrive\Pictures\Samsung Gallery\DCIM\Books 2.0\Screenshot_20240131_204328_TikTok.jpg,,Already existed
C:\Users\megha\OneDrive\Pictures\Samsung Gallery\DCIM\Books 2.0\Screenshot_20240131_204332_TikTok.jpg,,Already existed
C:\Users\megha\OneDrive\Pictures\Samsung Gallery\DCIM\Books 2.0\Screenshot_20240131_204724_TikTok.jpg,,Already existed
C:\Users\megha\OneDrive\Pictures\Samsung Gallery\DCIM\Books 2.0\Screenshot_20240131_204725_TikTok.jpg,,Already existed
C:\Users\megha\OneDrive\Pictures\Samsung Gallery\DCIM\Books 2.0\Screenshot_20240131_204727_TikTok.jpg,,Already existed
C:\Users\megha\OneDrive\Pictures\Samsung Gallery\DCIM\Books 2.0\Screenshot_20240131_204729_TikTok.jpg,,Already existed
C:\Users\megha\OneDrive\Pictures\Samsung Gallery\DCIM\Books 2.0\Screenshot_20240131_204730_TikTok.jpg,,Already existed
C:\Users\megha\OneDrive\Pictures\Samsung Gallery\DCIM\Books 2.0\Screenshot_20240131_204732_TikTok.jpg,,Already existed
C:\Users\megha\OneDrive\Pictures\Samsung Gallery\DCIM\Books 2.0\Screenshot_20240131_204734_TikTok.jpg,,Already existed
C:\Users\megha\OneDrive\Pictures\Samsung Gallery\DCIM\Books 2.0\Screenshot_20240131_205235_TikTok.jpg,,Already existed
C:\Users\megha\OneDrive\Pictures\Samsung Gallery\DCIM\Books 2.0\Screenshot_20240131_205434_TikTok.jpg,,Already existed
C:\Users\megha\OneDrive\Pictures\Samsung Gallery\DCIM\Books 2.0\Screenshot_20240131_205453_TikTok.jpg,,Already existed
C:\Users\megha\OneDrive\Pictures\Samsung Gallery\DCIM\Books 2.0\Screenshot_20240131_205513_TikTok.jpg,,Already existed
C:\Users\megha\OneDrive\Pictures\Samsung Gallery\DCIM\Books 2.0\Screenshot_20240131_210648_TikTok.jpg,,Already existed
C:\Users\megha\OneDrive\Pictures\Samsung Gallery\DCIM\Books 2.0\Screenshot_20240131_210650_TikTok.jpg,,Already existed
C:\Users\megha\OneDrive\Pictures\Samsung Gallery\DCIM\Books 2.0\Screenshot_20240131_210654_TikTok.jpg,,Already existed
C:\Users\megha\OneDrive\Pictures\Samsung Gallery\DCIM\Books 2.0\Screenshot_20240201_160526_Facebook.jpg,,Already existed
C:\Users\megha\OneDrive\Pictures\Samsung Gallery\DCIM\Books 2.0\Screenshot_20240201_201004_TikTok.jpg,,Already existed
C:\Users\megha\OneDrive\Pictures\Samsung Gallery\DCIM\Books 2.0\Screenshot_20240201_201010_TikTok.jpg,,Already existed
C:\Users\megha\OneDrive\Pictures\Samsung Gallery\DCIM\Books 2.0\Screenshot_20240330_223141_TikTok.jpg,,Already existed
C:\Users\megha\OneDrive\Pictures\Samsung Gallery\DCIM\Books 2.0\Screenshot_20240404_185746_Instagram.jpg,,Already existed
C:\Users\megha\OneDrive\Pictures\Samsung Gallery\DCIM\Books 2.0\Screenshot_20240416_213051_TikTok.jpg,,Already existed
C:\Users\megha\OneDrive\Pictures\Samsung Gallery\DCIM\Books 2.0\Screenshot_20240416_213115_TikTok.jpg,,Already existed
C:\Users\megha\OneDrive\Pictures\Samsung Gallery\DCIM\Books 2.0\Screenshot_20240515_204155_TikTok.jpg,,Already existed
C:\Users\megha\OneDrive\Pictures\Samsung Gallery\DCIM\Books 2.0\Screenshot_20240515_204640_TikTok.jpg,,Already existed
C:\Users\megha\OneDrive\Pictures\Samsung Gallery\DCIM\Books 2.0\Screenshot_20240619_163553_Kindle.jpg,,Already existed
C:\Users\megha\OneDrive\Pictures\Samsung Gallery\DCIM\Books 2.0\Screenshot_20240905_161409_Kindle.jpg,,Already existed
C:\Users\megha\OneDrive\Pictures\Samsung Gallery\DCIM\Books 2.0\Screenshot_20241228_211620_TikTok.jpg,,Already existed
C:\Users\megha\OneDrive\Pictures\Samsung Gallery\DCIM\Books 2.0\Screenshot_20241228_211627_TikTok_resized.jpg,,Already existed
C:\Users\megha\OneDrive\Pictures\Samsung Gallery\DCIM\Books 2.0\Screenshot_20250211_071508_Facebook.jpg,,Already existed
C:\Users\megha\OneDrive\Pictures\Samsung Gallery\DCIM\Books 2.0\Screenshot_20250215_211836_TikTok.jpg,,Already existed
C:\Users\megha\OneDrive\Pictures\Samsung Gallery\DCIM\Books 2.0\Screenshot_20250215_211847_TikTok.jpg,,Already existed
C:\Users\megha\OneDrive\Pictures\Samsung Gallery\DCIM\Books 2.0\Screenshot_20250215_211849_TikTok.jpg,,Already existed
C:\Users\megha\OneDrive\Pictures\Samsung Gallery\DCIM\Books 2.0\Screenshot_20250215_211854_TikTok.jpg,,Already existed
C:\Users\megha\OneDrive\Pictures\Samsung Gallery\DCIM\Books 2.0\Screenshot_20250215_211857_TikTok.jpg,,Already existed
C:\Users\megha\OneDrive\Pictures\Samsung Gallery\DCIM\Books 2.0\Screenshot_20250215_211901_TikTok.jpg,,Already existed
C:\Users\megha\OneDrive\Pictures\Samsung Gallery\DCIM\Books 2.0\Screenshot_20250215_211903_TikTok.jpg,,Already existed
C:\Users\megha\OneDrive\Pictures\Samsung Gallery\DCIM\Books 2.0\Screenshot_20250215_212224_TikTok.jpg,,Already existed
C:\Users\megha\OneDrive\Pictures\Samsung Gallery\DCIM\Books 2.0\Screenshot_20250215_212227_TikTok.jpg,,Already existed
C:\Users\megha\OneDrive\Pictures\Samsung Gallery\DCIM\Books 2.0\Screenshot_20250215_212241_TikTok.jpg,,Already existed
C:\Users\megha\OneDrive\Pictures\Samsung Gallery\DCIM\Books 2.0\Screenshot_20250215_212250_TikTok.jpg,,Already existed
C:\Users\megha\OneDrive\Pictures\Samsung Gallery\DCIM\Books 2.0\Screenshot_20250215_212256_TikTok.jpg,,Already existed
C:\Users\megha\OneDrive\Pictures\Samsung Gallery\DCIM\Books 2.0\Screenshot_20250215_212308_TikTok.jpg,,Already existed
C:\Users\megha\OneDrive\Pictures\Samsung Gallery\DCIM\Books 2.0\Screenshot_20250215_212418_TikTok.jpg,,Already existed
C:\Users\megha\OneDrive\Pictures\Samsung Gallery\DCIM\Books 2.0\Screenshot_20250217_204138_TikTok.jpg,,Already existed
C:\Users\megha\OneDrive\Pictures\Samsung Gallery\DCIM\Books 2.0\Screenshot_20250217_204814_TikTok.jpg,,Already existed
C:\Users\megha\OneDrive\Pictures\Samsung Gallery\DCIM\Books 2.0\Screenshot_20250217_204816_TikTok.jpg,,Already existed
C:\Users\megha\OneDrive\Pictures\Samsung Gallery\DCIM\Books 2.0\Screenshot_20250217_204818_TikTok.jpg,,Already existed
C:\Users\megha\OneDrive\Pictures\Samsung Gallery\DCIM\Books 2.0\Screenshot_20250217_204819_TikTok.jpg,,Already existed
C:\Users\megha\OneDrive\Pictures\Samsung Gallery\DCIM\Books 2.0\Screenshot_20250217_204823_TikTok.jpg,,Already existed
C:\Users\megha\OneDrive\Pictures\Samsung Gallery\DCIM\Books 2.0\Screenshot_20250227_184224_TikTok.jpg,,Already existed
C:\Users\megha\OneDrive\Pictures\Samsung Gallery\DCIM\Books 2.0\Screenshot_20250227_184225_TikTok.jpg,,Already existed
C:\Users\megha\OneDrive\Pictures\Samsung Gallery\DCIM\Books 2.0\Screenshot_20250227_184227_TikTok.jpg,,Already existed
C:\Users\megha\OneDrive\Pictures\Samsung Gallery\DCIM\Books 2.0\Screenshot_20250227_184228_TikTok.jpg,,Already existed
C:\Users\megha\OneDrive\Pictures\Samsung Gallery\DCIM\Books 2.0\Screenshot_20250227_184230_TikTok.jpg,,Already existed
C:\Users\megha\OneDrive\Pictures\Samsung Gallery\DCIM\Books 2.0\Screenshot_20250316_195923_TikTok.jpg,,Already existed
C:\Users\megha\OneDrive\Pictures\Samsung Gallery\DCIM\Books 2.0\Screenshot_20250316_195925_TikTok.jpg,,Already existed
C:\Users\megha\OneDrive\Pictures\Samsung Gallery\DCIM\Books 2.0\Screenshot_20250316_195928_TikTok.jpg,,Already existed
C:\Users\megha\OneDrive\Pictures\Samsung Gallery\DCIM\Books 2.0\Screenshot_20250316_195930_TikTok.jpg,,Already existed
C:\Users\megha\OneDrive\Pictures\Samsung Gallery\DCIM\Books 2.0\Screenshot_20250318_180255_TikTok.jpg,,Already existed
C:\Users\megha\OneDrive\Pictures\Samsung Gallery\DCIM\Books 2.0\Screenshot_20250318_180307_TikTok.jpg,,Already existed
C:\Users\megha\OneDrive\Pictures\Samsung Gallery\DCIM\Books 2.0\Screenshot_20250319_140857_TikTok.jpg,,Already existed
C:\Users\megha\OneDrive\Pictures\Samsung Gallery\DCIM\Books 2.0\Screenshot_20250319_140920_TikTok.jpg,,Already existed
C:\Users\megha\OneDrive\Pictures\Samsung Gallery\DCIM\Books 2.0\Screenshot_20250319_140950_TikTok.jpg,,Already existed
C:\Users\megha\OneDrive\Pictures\Samsung Gallery\DCIM\Books 2.0\Screenshot_20250319_141000_TikTok.jpg,,Already existed
C:\Users\megha\OneDrive\Pictures\Samsung Gallery\DCIM\Books 2.0\Screenshot_20250319_141035_TikTok.jpg,,Already existed
C:\Users\megha\OneDrive\Pictures\Samsung Gallery\DCIM\Books 2.0\Screenshot_20250321_212412_TikTok.jpg,,Already existed
C:\Users\megha\OneDrive\Pictures\Samsung Gallery\DCIM\Books 2.0\Screenshot_20250323_094620_TikTok.jpg,,Already existed
C:\Users\megha\OneDrive\Pictures\Samsung Gallery\DCIM\Books 2.0\Screenshot_20250323_094624_TikTok.jpg,,Already existed
C:\Users\megha\OneDrive\Pictures\Samsung Gallery\DCIM\Books 2.0\Screenshot_20250323_094628_TikTok.jpg,,Already existed
C:\Users\megha\OneDrive\Pictures\Samsung Gallery\DCIM\Books 2.0\Screenshot_20250323_094632_TikTok.jpg,,Already existed
C:\Users\megha\OneDrive\Pictures\Samsung Gallery\DCIM\Books 2.0\Screenshot_20250323_095021_TikTok.jpg,,Already existed
C:\Users\megha\OneDrive\Pictures\Samsung Gallery\DCIM\Books 2.0\Screenshot_20250323_095035_TikTok.jpg,,Already existed
C:\Users\megha\OneDrive\Pictures\Samsung Gallery\DCIM\Books 2.0\Screenshot_20250323_095048_TikTok.jpg,,Already existed
C:\Users\megha\OneDrive\Pictures\Samsung Gallery\DCIM\Books 2.0\Screenshot_20250408_192647_TikTok.jpg,,Already existed
C:\Users\megha\OneDrive\Pictures\Samsung Gallery\DCIM\Books 2.0\Screenshot_20250408_192742_TikTok.jpg,,Already existed
C:\Users\megha\OneDrive\Pictures\Samsung Gallery\DCIM\Books 2.0\Screenshot_20250408_192936_TikTok.jpg,,Already existed
C:\Users\megha\OneDrive\Pictures\Samsung Gallery\DCIM\Books 2.0\Screenshot_20250408_192941_TikTok.jpg,,Already existed
C:\Users\megha\OneDrive\Pictures\Samsung Gallery\DCIM\Books 2.0\Screenshot_20250408_192944_TikTok.jpg,,Already existed
C:\Users\megha\OneDrive\Pictures\Samsung Gallery\DCIM\Books 2.0\Screenshot_20250408_192947_TikTok.jpg,,Already existed
C:\Users\megha\OneDrive\Pictures\Samsung Gallery\DCIM\Books 2.0\Screenshot_20250408_192958_TikTok.jpg,,Already existed
C:\Users\megha\OneDrive\Pictures\Samsung Gallery\DCIM\Books 2.0\Screenshot_20250408_193001_TikTok.jpg,,Already existed
C:\Users\megha\OneDrive\Pictures\Samsung Gallery\DCIM\Books 2.0\Screenshot_20250408_193007_TikTok.jpg,,Already existed
C:\Users\megha\OneDrive\Pictures\Samsung Gallery\DCIM\Books 2.0\Screenshot_20250408_193009_TikTok.jpg,,Already existed
C:\Users\megha\OneDrive\Pictures\Samsung Gallery\DCIM\Books 2.0\Screenshot_20250408_193013_TikTok.jpg,,Already existed
C:\Users\megha\OneDrive\Pictures\Samsung Gallery\DCIM\Books 2.0\Screenshot_20250409_203130_TikTok.jpg,,Already existed
C:\Users\megha\OneDrive\Pictures\Samsung Gallery\DCIM\Books 2.0\Screenshot_20250409_203135_TikTok.jpg,,Already existed
C:\Users\megha\OneDrive\Pictures\Samsung Gallery\DCIM\Books 2.0\Screenshot_20250412_133106_TikTok.jpg,,Already existed
C:\Users\megha\OneDrive\Pictures\Samsung Gallery\DCIM\Books 2.0\Screenshot_20250412_133119_TikTok.jpg,,Already existed
C:\Users\megha\OneDrive\Pictures\Samsung Gallery\DCIM\Books 2.0\Screenshot_20250412_133128_TikTok.jpg,,Already existed
C:\Users\megha\OneDrive\Pictures\Samsung Gallery\DCIM\Books 2.0\Screenshot_20250412_133143_TikTok.jpg,,Already existed
C:\Users\megha\OneDrive\Pictures\Samsung Gallery\DCIM\Books 2.0\Screenshot_20250412_133151_TikTok.jpg,,Already existed
C:\Users\megha\OneDrive\Pictures\Samsung Gallery\DCIM\Books 2.0\Screenshot_20250412_133627_TikTok.jpg,,Already existed
C:\Users\megha\OneDrive\Pictures\Samsung Gallery\DCIM\Books 2.0\Screenshot_20250412_133629_TikTok.jpg,,Already existed
C:\Users\megha\OneDrive\Pictures\Samsung Gallery\DCIM\Books 2.0\Screenshot_20250412_133631_TikTok.jpg,,Already existed
C:\Users\megha\OneDrive\Pictures\Samsung Gallery\DCIM\Books 2.0\Screenshot_20250412_133634_TikTok.jpg,,Already existed
C:\Users\megha\OneDrive\Pictures\Samsung Gallery\DCIM\Books 2.0\Screenshot_20250412_133636_TikTok.jpg,,Already existed
C:\Users\megha\OneDrive\Pictures\Samsung Gallery\DCIM\Books 2.0\Screenshot_20250412_133640_TikTok.jpg,,Already existed
C:\Users\megha\OneDrive\Pictures\Samsung Gallery\DCIM\Books 2.0\Screenshot_20250412_134540_TikTok.jpg,,Already existed
C:\Users\megha\OneDrive\Pictures\Samsung Gallery\DCIM\Books 2.0\Screenshot_20250412_154103_TikTok.jpg,,Already existed
C:\Users\megha\OneDrive\Pictures\Samsung Gallery\DCIM\Books 2.0\Screenshot_20250416_121618_Facebook.jpg,,Already existed
C:\Users\megha\OneDrive\Pictures\Samsung Gallery\DCIM\Books 2.0\Screenshot_20250416_121641_Facebook.jpg,,Already existed
C:\Users\megha\OneDrive\Pictures\Samsung Gallery\DCIM\Books 2.0\Screenshot_20250416_121658_Facebook.jpg,,Already existed
C:\Users\megha\OneDrive\Pictures\Samsung Gallery\DCIM\Books 2.0\Screenshot_20250416_172020_TikTok.jpg,,Already existed
C:\Users\megha\OneDrive\Pictures\Samsung Gallery\DCIM\Books 2.0\Screenshot_20250416_172024_TikTok.jpg,,Already existed
C:\Users\megha\OneDrive\Pictures\Samsung Gallery\DCIM\Books 2.0\Screenshot_20250416_172029_TikTok.jpg,,Already existed
C:\Users\megha\OneDrive\Pictures\Samsung Gallery\DCIM\Books 2.0\Screenshot_20250416_172328_TikTok.jpg,,Already existed
C:\Users\megha\OneDrive\Pictures\Samsung Gallery\DCIM\Books 2.0\Screenshot_20250416_172331_TikTok.jpg,,Already existed
C:\Users\megha\OneDrive\Pictures\Samsung Gallery\DCIM\Books 2.0\Screenshot_20250416_172500_TikTok.jpg,,Already existed
C:\Users\megha\OneDrive\Pictures\Samsung Gallery\DCIM\Books 2.0\Screenshot_20250423_073243_Facebook.jpg,,Already existed
C:\Users\megha\OneDrive\Pictures\Samsung Gallery\DCIM\Books 2.0\Screenshot_20250425_181014_Facebook.jpg,,Already existed
C:\Users\megha\OneDrive\Pictures\Samsung Gallery\DCIM\Books 2.0\Screenshot_20250506_073846_Facebook.jpg,,Already existed
C:\Users\megha\OneDrive\Pictures\Samsung Gallery\DCIM\Books 2.0\Screenshot_20250512_113030_Facebook.jpg,,Already existed
C:\Users\megha\OneDrive\Pictures\Samsung Gallery\DCIM\Books 2.0\Screenshot_20250512_113043_Facebook.jpg,,Already existed
C:\Users\megha\OneDrive\Pictures\Samsung Gallery\DCIM\Books 2.0\Screenshot_20250512_214415_TikTok.jpg,,Already existed
C:\Users\megha\OneDrive\Pictures\Samsung Gallery\DCIM\Books 2.0\Screenshot_20250512_214424_TikTok.jpg,,Already existed
C:\Users\megha\OneDrive\Pictures\Samsung Gallery\DCIM\Books 2.0\Screenshot_20250512_214437_TikTok.jpg,,Already existed
C:\Users\megha\OneDrive\Pictures\Samsung Gallery\DCIM\Books 2.0\Screenshot_20250512_214445_TikTok.jpg,,Already existed
C:\Users\megha\OneDrive\Pictures\Samsung Gallery\DCIM\Books 2.0\Screenshot_20250512_214459_TikTok.jpg,,Already existed
C:\Users\megha\OneDrive\Pictures\Samsung Gallery\DCIM\Books 2.0\Screenshot_20250512_215016_TikTok.jpg,,Already existed
C:\Users\megha\OneDrive\Pictures\Samsung Gallery\DCIM\Books 2.0\Screenshot_20250512_215039_TikTok.jpg,,Already existed
C:\Users\megha\OneDrive\Pictures\Samsung Gallery\DCIM\Books 2.0\Screenshot_20250512_215056_TikTok.jpg,,Already existed
C:\Users\megha\OneDrive\Pictures\Samsung Gallery\DCIM\Books 2.0\Screenshot_20250512_215121_TikTok.jpg,,Already existed
C:\Users\megha\OneDrive\Pictures\Samsung Gallery\DCIM\Books 2.0\Screenshot_20250512_215527_TikTok.jpg,,Already existed
C:\Users\megha\OneDrive\Pictures\Samsung Gallery\DCIM\Books 2.0\Screenshot_20250512_215544_TikTok.jpg,,Already existed
C:\Users\megha\OneDrive\Pictures\Samsung Gallery\DCIM\Books 2.0\Screenshot_20250512_215552_TikTok.jpg,,Already existed
C:\Users\megha\OneDrive\Pictures\Samsung Gallery\DCIM\Books 2.0\Screenshot_20250512_215608_TikTok.jpg,,Already existed
C:\Users\megha\OneDrive\Pictures\Samsung Gallery\DCIM\Books 2.0\Screenshot_20250512_221416_TikTok.jpg,,Already existed
C:\Users\megha\OneDrive\Pictures\Samsung Gallery\DCIM\Books 2.0\Screenshot_20250512_223346_TikTok.jpg,,Already existed
C:\Users\megha\OneDrive\Pictures\Samsung Gallery\DCIM\Books 2.0\Screenshot_20250512_223354_TikTok.jpg,,Already existed
C:\Users\megha\OneDrive\Pictures\Samsung Gallery\DCIM\Books 2.0\Screenshot_20250512_223411_TikTok.jpg,,Already existed
C:\Users\megha\OneDrive\Pictures\Samsung Gallery\DCIM\Books 2.0\Screenshot_20250512_223417_TikTok.jpg,,Already existed
C:\Users\megha\OneDrive\Pictures\Samsung Gallery\DCIM\Books 2.0\Screenshot_20250512_223423_TikTok.jpg,,Already existed
C:\Users\megha\OneDrive\Pictures\Samsung Gallery\DCIM\Books 2.0\Screenshot_20250515_214940_TikTok.jpg,,Already existed
C:\Users\megha\OneDrive\Pictures\Samsung Gallery\DCIM\Books 2.0\Screenshot_20250515_215724_TikTok.jpg,,Already existed
C:\Users\megha\OneDrive\Pictures\Samsung Gallery\DCIM\Books 2.0\Screenshot_20250515_215727_TikTok.jpg,,Already existed
C:\Users\megha\OneDrive\Pictures\Samsung Gallery\DCIM\Books 2.0\Screenshot_20250515_215728_TikTok.jpg,,Already existed
C:\Users\megha\OneDrive\Pictures\Samsung Gallery\DCIM\Books 2.0\Screenshot_20250515_215730_TikTok.jpg,,Already existed
C:\Users\megha\OneDrive\Pictures\Samsung Gallery\DCIM\Books 2.0\Screenshot_20250515_215740_TikTok.jpg,,Already existed
C:\Users\megha\OneDrive\Pictures\Samsung Gallery\DCIM\Books 2.0\Screenshot_20250515_220619_TikTok.jpg,,Already existed
C:\Users\megha\OneDrive\Pictures\Samsung Gallery\DCIM\Books 2.0\Screenshot_20250515_220642_TikTok.jpg,,Already existed
C:\Users\megha\OneDrive\Pictures\Samsung Gallery\DCIM\Books 2.0\Screenshot_20250515_220848_TikTok.jpg,,Already existed
C:\Users\megha\OneDrive\Pictures\Samsung Gallery\DCIM\Books 2.0\Screenshot_20250516_231618_TikTok.jpg,,Already existed
C:\Users\megha\OneDrive\Pictures\Samsung Gallery\DCIM\Books 2.0\Screenshot_20250517_224943_TikTok.jpg,,Already existed
C:\Users\megha\OneDrive\Pictures\Samsung Gallery\DCIM\Books 2.0\Screenshot_20250523_194545_Facebook.jpg,,Already existed
C:\Users\megha\OneDrive\Pictures\Samsung Gallery\DCIM\Books 2.0\Screenshot_20250523_194603_Facebook.jpg,,Already existed
C:\Users\megha\OneDrive\Pictures\Samsung Gallery\DCIM\Books 2.0\Screenshot_20250608_173839_Facebook.jpg,,Already existed
C:\Users\megha\OneDrive\Pictures\Samsung Gallery\DCIM\Books 2.0\Screenshot_20250608_173842_Facebook.jpg,,Already existed
C:\Users\megha\OneDrive\Pictures\Samsung Gallery\DCIM\Books 2.0\Screenshot_20250608_173847_Facebook.jpg,,Already existed
C:\Users\megha\OneDrive\Pictures\Samsung Gallery\DCIM\Books 2.0\Screenshot_20250608_173902_Facebook.jpg,,Already existed
C:\Users\megha\OneDrive\Pictures\Samsung Gallery\DCIM\Books 2.0\Screenshot_20250608_173905_Facebook.jpg,,Already existed
C:\Users\megha\OneDrive\Pictures\Samsung Gallery\DCIM\Books 2.0\Screenshot_20250608_173907_Facebook.jpg,,Already existed
C:\Users\megha\OneDrive\Pictures\Samsung Gallery\DCIM\Books 2.0\Screenshot_20250608_173910_Facebook.jpg,,Already existed
C:\Users\megha\OneDrive\Pictures\Samsung Gallery\DCIM\Books 2.0\Screenshot_20250608_173912_Facebook.jpg,,Already existed
C:\Users\megha\OneDrive\Pictures\Samsung Gallery\DCIM\Books 2.0\Screenshot_20250608_173915_Facebook.jpg,,Already existed
C:\Users\megha\OneDrive\Pictures\Samsung Gallery\DCIM\Books 2.0\Screenshot_20250608_173918_Facebook.jpg,,Already existed
C:\Users\megha\OneDrive\Pictures\Samsung Gallery\DCIM\Books 2.0\Screenshot_20250608_173920_Facebook.jpg,,Already existed
C:\Users\megha\OneDrive\Pictures\Samsung Gallery\DCIM\Books 2.0\Screenshot_20250608_174443_Facebook.jpg,,Already existed
C:\Users\megha\OneDrive\Pictures\Samsung Gallery\DCIM\Books 2.0\Screenshot_20250608_174500_Facebook.jpg,,Already existed
C:\Users\megha\OneDrive\Pictures\Samsung Gallery\DCIM\Books 2.0\Screenshot_20250608_174527_Facebook.jpg,,Already existed
C:\Users\megha\OneDrive\Pictures\Samsung Gallery\DCIM\Books 2.0\Screenshot_20250608_174545_Facebook.jpg,,Already existed
C:\Users\megha\OneDrive\Pictures\Samsung Gallery\DCIM\Books 2.0\Screenshot_20250608_204012_TikTok.jpg,,Already existed
C:\Users\megha\OneDrive\Pictures\Samsung Gallery\DCIM\Books 2.0\Screenshot_20250608_204015_TikTok.jpg,,Already existed
C:\Users\megha\OneDrive\Pictures\Samsung Gallery\DCIM\Books 2.0\Screenshot_20250608_204018_TikTok.jpg,,Already existed
C:\Users\megha\OneDrive\Pictures\Samsung Gallery\DCIM\Books 2.0\Screenshot_20250608_204023_TikTok.jpg,,Already existed
C:\Users\megha\OneDrive\Pictures\Samsung Gallery\DCIM\Books 2.0\Screenshot_20250608_204026_TikTok.jpg,,Already existed
C:\Users\megha\OneDrive\Pictures\Samsung Gallery\DCIM\Books 2.0\Screenshot_20250609_203042_TikTok.jpg,,Already existed
C:\Users\megha\OneDrive\Pictures\Samsung Gallery\DCIM\Books 2.0\Screenshot_20250609_203048_TikTok.jpg,,Already existed
C:\Users\megha\OneDrive\Pictures\Samsung Gallery\DCIM\Books 2.0\Screenshot_20250609_203051_TikTok.jpg,,Already existed
C:\Users\megha\OneDrive\Pictures\Samsung Gallery\DCIM\Books 2.0\Screenshot_20250611_202616_Facebook.jpg,,Already existed
C:\Users\megha\OneDrive\Pictures\Samsung Gallery\DCIM\Books 2.0\Screenshot_20250611_202739_Facebook.jpg,,Already existed
C:\Users\megha\OneDrive\Pictures\Samsung Gallery\DCIM\Books 2.0\Screenshot_20250612_203251_TikTok.jpg,,Already existed
C:\Users\megha\OneDrive\Pictures\Samsung Gallery\DCIM\Books 2.0\Screenshot_20250612_203303_TikTok.jpg,,Already existed
C:\Users\megha\OneDrive\Pictures\Samsung Gallery\DCIM\Books 2.0\Screenshot_20250612_203624_TikTok.jpg,,Already existed
C:\Users\megha\OneDrive\Pictures\Samsung Gallery\DCIM\Books 2.0\Screenshot_20250612_203625_TikTok.jpg,,Already existed
C:\Users\megha\OneDrive\Pictures\Samsung Gallery\DCIM\Books 2.0\Screenshot_20250612_203628_TikTok.jpg,,Already existed
C:\Users\megha\OneDrive\Pictures\Samsung Gallery\DCIM\Books 2.0\Screenshot_20250612_203631_TikTok.jpg,,Already existed
C:\Users\megha\OneDrive\Pictures\Samsung Gallery\DCIM\Books 2.0\Screenshot_20250612_203636_TikTok.jpg,,Already existed
C:\Users\megha\OneDrive\Pictures\Samsung Gallery\DCIM\Books 2.0\Screenshot_20250612_203842_TikTok.jpg,,Already existed
C:\Users\megha\OneDrive\Pictures\Samsung Gallery\DCIM\Books 2.0\Screenshot_20250612_203845_TikTok.jpg,,Already existed
C:\Users\megha\OneDrive\Pictures\Samsung Gallery\DCIM\Books 2.0\Screenshot_20250612_203848_TikTok.jpg,,Already existed
C:\Users\megha\OneDrive\Pictures\Samsung Gallery\DCIM\Books 2.0\Screenshot_20250612_203850_TikTok.jpg,,Already existed
C:\Users\megha\OneDrive\Pictures\Samsung Gallery\DCIM\Books 2.0\Screenshot_20250612_203852_TikTok.jpg,,Already existed
C:\Users\megha\OneDrive\Pictures\Samsung Gallery\DCIM\Books 2.0\Screenshot_20250612_203856_TikTok.jpg,,Already existed
C:\Users\megha\OneDrive\Pictures\Samsung Gallery\DCIM\Books 2.0\Screenshot_20250614_181543_TikTok.jpg,,Already existed
C:\Users\megha\OneDrive\Pictures\Samsung Gallery\DCIM\Books 2.0\Screenshot_20250614_181601_TikTok.jpg,,Already existed
C:\Users\megha\OneDrive\Pictures\Samsung Gallery\DCIM\Books 2.0\Screenshot_20250614_220851_TikTok.jpg,,Already existed
C:\Users\megha\OneDrive\Pictures\Samsung Gallery\DCIM\Books 2.0\Screenshot_20250614_222231_TikTok.jpg,,Already existed
C:\Users\megha\OneDrive\Pictures\Samsung Gallery\DCIM\Books 2.0\Screenshot_20250614_222236_TikTok.jpg,,Already existed
C:\Users\megha\OneDrive\Pictures\Samsung Gallery\DCIM\Books 2.0\Screenshot_20250614_222241_TikTok.jpg,,Already existed
C:\Users\megha\OneDrive\Pictures\Samsung Gallery\DCIM\Books 2.0\Screenshot_20250614_222246_TikTok.jpg,,Already existed
C:\Users\megha\OneDrive\Pictures\Samsung Gallery\DCIM\Books 2.0\Screenshot_20250614_222254_TikTok.jpg,,Already existed
C:\Users\megha\OneDrive\Pictures\Samsung Gallery\DCIM\Books 2.0\Screenshot_20250616_214235_TikTok.jpg,,Already existed
C:\Users\megha\OneDrive\Pictures\Samsung Gallery\DCIM\Books 2.0\Screenshot_20250616_214237_TikTok.jpg,,Already existed
C:\Users\megha\OneDrive\Pictures\Samsung Gallery\DCIM\Books 2.0\Screenshot_20250616_214239_TikTok.jpg,,Already existed
C:\Users\megha\OneDrive\Pictures\Samsung Gallery\DCIM\Books 2.0\Screenshot_20250619_163220_Kindle.jpg,,Already existed
C:\Users\megha\OneDrive\Pictures\Samsung Gallery\DCIM\Books 2.0\Screenshot_20250728_222336_Facebook.jpg,,Already existed
C:\Users\megha\OneDrive\Pictures\Samsung Gallery\DCIM\Books 2.0\Screenshot_20250807_210457_TikTok.jpg,,Already existed
C:\Users\megha\OneDrive\Pictures\Samsung Gallery\DCIM\Books 2.0\Screenshot_20250807_210601_TikTok.jpg,,Already existed
C:\Users\megha\OneDrive\Pictures\Samsung Gallery\DCIM\Books 2.0\Screenshot_20250807_210616_TikTok.jpg,,Already existed
C:\Users\megha\OneDrive\Pictures\Samsung Gallery\DCIM\Books 2.0\Screenshot_20250807_210621_TikTok.jpg,,Already existed
C:\Users\megha\OneDrive\Pictures\Samsung Gallery\DCIM\Books 2.0\Screenshot_20250807_210631_TikTok.jpg,,Already existed
C:\Users\megha\OneDrive\Pictures\Samsung Gallery\DCIM\Books 2.0\Screenshot_20250807_211024_TikTok.jpg,,Already existed
C:\Users\megha\OneDrive\Pictures\Samsung Gallery\DCIM\Books 2.0\Screenshot_20250809_180041_TikTok.jpg,,Already existed
C:\Users\megha\OneDrive\Pictures\Samsung Gallery\DCIM\Books 2.0\Screenshot_20250809_180059_TikTok.jpg,,Already existed
C:\Users\megha\OneDrive\Pictures\Samsung Gallery\DCIM\Books 2.0\Screenshot_20250809_211450_TikTok.jpg,,Already existed
C:\Users\megha\OneDrive\Pictures\Samsung Gallery\DCIM\Books 2.0\Screenshot_20250824_195202_TikTok.jpg,,Already existed
C:\Users\megha\OneDrive\Pictures\Samsung Gallery\DCIM\Books 2.0\Screenshot_20250824_195205_TikTok.jpg,,Already existed
C:\Users\megha\OneDrive\Pictures\Samsung Gallery\DCIM\Books 2.0\Screenshot_20250824_195213_TikTok.jpg,,Already existed
C:\Users\megha\OneDrive\Pictures\Samsung Gallery\DCIM\Books 2.0\Screenshot_20250824_212848_TikTok.jpg,,Already existed
C:\Users\megha\OneDrive\Pictures\Samsung Gallery\DCIM\Books 2.0\Screenshot_20250824_212851_TikTok.jpg,,Already existed
C:\Users\megha\OneDrive\Pictures\Samsung Gallery\DCIM\Books 2.0\Screenshot_20250824_212857_TikTok.jpg,,Already existed
C:\Users\megha\OneDrive\Pictures\Samsung Gallery\DCIM\Books 2.0\Screenshot_20250824_212903_TikTok.jpg,,Already existed
C:\Users\megha\OneDrive\Pictures\Samsung Gallery\DCIM\Books 2.0\Screenshot_20250824_212905_TikTok.jpg,,Already existed
C:\Users\megha\OneDrive\Pictures\Samsung Gallery\DCIM\Books 2.0\Screenshot_20250825_212220_TikTok.jpg,,Already existed
C:\Users\megha\OneDrive\Pictures\Samsung Gallery\DCIM\Books 2.0\Screenshot_20250825_212717_TikTok.jpg,,Already existed
C:\Users\megha\OneDrive\Pictures\Samsung Gallery\DCIM\Books 2.0\Screenshot_20250825_212722_TikTok.jpg,,Already existed
C:\Users\megha\OneDrive\Pictures\Samsung Gallery\DCIM\Books 2.0\Screenshot_20250825_212925_TikTok.jpg,,Already existed
C:\Users\megha\OneDrive\Pictures\Samsung Gallery\DCIM\Books 2.0\Screenshot_20250825_212929_TikTok.jpg,,Already existed
C:\Users\megha\OneDrive\Pictures\Samsung Gallery\DCIM\Books 2.0\Screenshot_20250825_212934_TikTok.jpg,,Already existed
C:\Users\megha\OneDrive\Pictures\Samsung Gallery\DCIM\Books 2.0\Screenshot_20250825_212938_TikTok.jpg,,Already existed
C:\Users\megha\OneDrive\Pictures\Samsung Gallery\DCIM\Books 2.0\Screenshot_20250825_212941_TikTok.jpg,,Already existed
C:\Users\megha\OneDrive\Pictures\Samsung Gallery\DCIM\Books 2.0\Screenshot_20250903_161441_TikTok.jpg,,Already existed
C:\Users\megha\OneDrive\Pictures\Samsung Gallery\DCIM\Books 2.0\Screenshot_20250903_161445_TikTok.jpg,,Already existed
C:\Users\megha\OneDrive\Pictures\Samsung Gallery\DCIM\Books 2.0\Screenshot_20250903_161458_TikTok.jpg,,Already existed
C:\Users\megha\OneDrive\Pictures\Samsung Gallery\DCIM\Books 2.0\Screenshot_20250903_161501_TikTok.jpg,,Already existed
C:\Users\megha\OneDrive\Pictures\Samsung Gallery\DCIM\Books 2.0\Screenshot_20250903_161505_TikTok.jpg,,Already existed
C:\Users\megha\OneDrive\Pictures\Samsung Gallery\DCIM\Books 2.0\Screenshot_20250906_190841_TikTok.jpg,,Already existed
C:\Users\megha\OneDrive\Pictures\Samsung Gallery\DCIM\Books 2.0\Screenshot_20250906_190854_TikTok.jpg,,Already existed
C:\Users\megha\OneDrive\Pictures\Samsung Gallery\DCIM\Books 2.0\Screenshot_20250910_192858_Facebook.jpg,,Already existed
C:\Users\megha\OneDrive\Pictures\Samsung Gallery\DCIM\Books 2.0\Screenshot_20250910_192913_Facebook.jpg,,Already existed
C:\Users\megha\OneDrive\Pictures\Samsung Gallery\DCIM\Books 2.0\Screenshot_20250910_192926_Facebook.jpg,,Already existed
C:\Users\megha\OneDrive\Pictures\Samsung Gallery\DCIM\Books 2.0\Screenshot_20250913_203059_TikTok.jpg,,Already existed
C:\Users\megha\OneDrive\Pictures\Samsung Gallery\DCIM\Books 2.0\Screenshot_20250913_203109_TikTok.jpg,,Already existed
C:\Users\megha\OneDrive\Pictures\Samsung Gallery\DCIM\Books 2.0\Screenshot_20250913_203118_TikTok.jpg,,Already existed
C:\Users\megha\OneDrive\Pictures\Samsung Gallery\DCIM\Books 2.0\Screenshot_20250921_072310_TikTok.jpg,,Already existed
C:\Users\megha\OneDrive\Pictures\Samsung Gallery\DCIM\Books 2.0\Screenshot_20250921_072325_TikTok.jpg,,Already existed
C:\Users\megha\OneDrive\Pictures\Samsung Gallery\DCIM\Books 2.0\Screenshot_20250926_213633_TikTok.jpg,,Already existed
C:\Users\megha\OneDrive\Pictures\Samsung Gallery\DCIM\Books 2.0\Screenshot_20250926_213653_TikTok.jpg,,Already existed
C:\Users\megha\OneDrive\Pictures\Samsung Gallery\DCIM\Books 2.0\Screenshot_20250926_213714_TikTok.jpg,,Already existed
C:\Users\megha\OneDrive\Pictures\Samsung Gallery\DCIM\Books 2.0\Screenshot_20251008_202207_TikTok.jpg,,Already existed
C:\Users\megha\OneDrive\Pictures\Samsung Gallery\DCIM\Books 2.0\Screenshot_20251008_202211_TikTok.jpg,,Already existed
C:\Users\megha\OneDrive\Pictures\Samsung Gallery\DCIM\Books 2.0\Screenshot_20251008_202213_TikTok.jpg,,Already existed
C:\Users\megha\OneDrive\Pictures\Samsung Gallery\DCIM\Books 2.0\Screenshot_20251008_202439_TikTok.jpg,,Already existed
C:\Users\megha\OneDrive\Pictures\Samsung Gallery\DCIM\Books 2.0\Screenshot_20251008_202452_TikTok.jpg,,Already existed
C:\Users\megha\OneDrive\Pictures\Samsung Gallery\DCIM\Books 2.0\Screenshot_20251008_202455_TikTok.jpg,,Already existed
C:\Users\megha\OneDrive\Pictures\Samsung Gallery\DCIM\Books 2.0\Screenshot_20251015_211711_Facebook.jpg,,Already existed
C:\Users\megha\OneDrive\Pictures\Samsung Gallery\DCIM\Books 2.0\Screenshot_20251019_205332_TikTok.jpg,,Already existed
C:\Users\megha\OneDrive\Pictures\Samsung Gallery\DCIM\Books 2.0\Screenshot_20251019_205343_TikTok.jpg,,Already existed
C:\Users\megha\OneDrive\Pictures\Samsung Gallery\DCIM\Books 2.0\Screenshot_20251019_205350_TikTok.jpg,,Already existed
C:\Users\megha\OneDrive\Pictures\Samsung Gallery\DCIM\Books 2.0\Screenshot_20251019_205422_TikTok.jpg,,Already existed
C:\Users\megha\OneDrive\Pictures\Samsung Gallery\DCIM\Books 2.0\Screenshot_20251019_205434_TikTok.jpg,,Already existed
C:\Users\megha\OneDrive\Pictures\Samsung Gallery\DCIM\Books 2.0\Screenshot_20251019_211735_Facebook.jpg,,Already existed
C:\Users\megha\OneDrive\Pictures\Samsung Gallery\DCIM\Books 2.0\Screenshot_20251019_212840_Facebook.jpg,,Already existed
C:\Users\megha\OneDrive\Pictures\Samsung Gallery\DCIM\Books 2.0\Screenshot_20251028_162830_Facebook.jpg,,Already existed
C:\Users\megha\OneDrive\Pictures\Samsung Gallery\DCIM\Books 2.0\Screenshot_20251028_162833_Facebook.jpg,,Already existed
C:\Users\megha\OneDrive\Pictures\Samsung Gallery\DCIM\Books 2.0\Screenshot_20251028_162836_Facebook.jpg,,Already existed
C:\Users\megha\OneDrive\Pictures\Samsung Gallery\DCIM\Books 2.0\Screenshot_20251028_162838_Facebook.jpg,,Already existed
C:\Users\megha\OneDrive\Pictures\Samsung Gallery\DCIM\Books 2.0\Screenshot_20251028_162840_Facebook.jpg,,Already existed
C:\Users\megha\OneDrive\Pictures\Samsung Gallery\DCIM\Books 2.0\Screenshot_20251028_180346_Facebook.jpg,,Already existed
C:\Users\megha\OneDrive\Pictures\Samsung Gallery\DCIM\Books 2.0\Screenshot_20251028_180347_Facebook.jpg,,Already existed
C:\Users\megha\OneDrive\Pictures\Samsung Gallery\DCIM\Books 2.0\Screenshot_20251028_180349_Facebook.jpg,,Already existed
C:\Users\megha\OneDrive\Pictures\Samsung Gallery\DCIM\Books 2.0\Screenshot_20251028_211718_TikTok.jpg,,Already existed
C:\Users\megha\OneDrive\Pictures\Samsung Gallery\DCIM\Books 2.0\Screenshot_20251028_211727_TikTok.jpg,,Already existed
C:\Users\megha\OneDrive\Pictures\Samsung Gallery\DCIM\Books 2.0\Screenshot_20251028_212002_TikTok.jpg,,Already existed
C:\Users\megha\OneDrive\Pictures\Samsung Gallery\DCIM\Books 2.0\Screenshot_20251028_212007_TikTok.jpg,,Already existed
C:\Users\megha\OneDrive\Pictures\Samsung Gallery\DCIM\Books 2.0\Screenshot_20251028_212013_TikTok.jpg,,Already existed
C:\Users\megha\OneDrive\Pictures\Samsung Gallery\DCIM\Books 2.0\Screenshot_20251031_100343_Facebook.jpg,,Already existed
C:\Users\megha\OneDrive\Pictures\Samsung Gallery\DCIM\Books 2.0\Screenshot_20251031_100346_Facebook.jpg,,Already existed
C:\Users\megha\OneDrive\Pictures\Samsung Gallery\DCIM\Books 2.0\Screenshot_20251031_100350_Facebook.jpg,,Already existed
C:\Users\megha\OneDrive\Pictures\Samsung Gallery\DCIM\Books 2.0\Screenshot_20251102_103204_Facebook.jpg,,Already existed
C:\Users\megha\OneDrive\Pictures\Samsung Gallery\DCIM\Books 2.0\Screenshot_20251105_201301_TikTok.jpg,,Already existed
C:\Users\megha\OneDrive\Pictures\Samsung Gallery\DCIM\Books 2.0\Screenshot_20251106_202231_TikTok.jpg,,Already existed
C:\Users\megha\OneDrive\Pictures\Samsung Gallery\DCIM\Books 2.0\Screenshot_20251106_202234_TikTok.jpg,,Already existed
C:\Users\megha\OneDrive\Pictures\Samsung Gallery\DCIM\Books 2.0\Screenshot_20251106_202238_TikTok.jpg,,Already existed
C:\Users\megha\OneDrive\Pictures\Samsung Gallery\DCIM\Books 2.0\Screenshot_20251201_205109_TikTok.jpg,,Already existed
C:\Users\megha\OneDrive\Pictures\Samsung Gallery\DCIM\Books 2.0\Screenshot_20251226_135155_Facebook.jpg,,Already existed
C:\Users\megha\OneDrive\Pictures\Samsung Gallery\DCIM\Books 2.0\Screenshot_20251228_193420_TikTok.jpg,,Already existed
C:\Users\megha\OneDrive\Pictures\Samsung Gallery\DCIM\Books 2.0\Screenshot_20251228_193422_TikTok.jpg,,Already existed
C:\Users\megha\OneDrive\Pictures\Samsung Gallery\DCIM\Books 2.0\Screenshot_20251228_193425_TikTok.jpg,,Already existed
C:\Users\megha\OneDrive\Pictures\Samsung Gallery\DCIM\Books 2.0\Screenshot_20251228_193429_TikTok.jpg,,Already existed
C:\Users\megha\OneDrive\Pictures\Samsung Gallery\DCIM\Books 2.0\Screenshot_20251228_193431_TikTok.jpg,,Already existed
C:\Users\megha\OneDrive\Pictures\Samsung Gallery\DCIM\Books 2.0\Screenshot_20251228_193714_TikTok.jpg,,Already existed
C:\Users\megha\OneDrive\Pictures\Samsung Gallery\DCIM\Books 2.0\Screenshot_20251228_193724_TikTok.jpg,,Already existed
C:\Users\megha\OneDrive\Pictures\Samsung Gallery\DCIM\Books 2.0\Screenshot_20251228_193744_TikTok.jpg,,Already existed
C:\Users\megha\OneDrive\Pictures\Samsung Gallery\DCIM\Books 2.0\Screenshot_20251228_193747_TikTok.jpg,,Already existed
C:\Users\megha\OneDrive\Pictures\Samsung Gallery\DCIM\Books 2.0\Screenshot_20251228_193815_TikTok.jpg,,Already existed
C:\Users\megha\OneDrive\Pictures\Samsung Gallery\DCIM\Books 2.0\Screenshot_20260118_184620_TikTok.jpg,,Already existed
C:\Users\megha\OneDrive\Pictures\Samsung Gallery\DCIM\Books 2.0\Screenshot_20260118_184623_TikTok.jpg,,Already existed
C:\Users\megha\OneDrive\Pictures\Samsung Gallery\DCIM\Books 2.0\Screenshot_20260118_184627_TikTok.jpg,,Already existed
C:\Users\megha\OneDrive\Pictures\Samsung Gallery\DCIM\Books 2.0\Screenshot_20260118_184632_TikTok.jpg,,Already existed
C:\Users\megha\OneDrive\Pictures\Samsung Gallery\DCIM\Books 2.0\Screenshot_20260118_184636_TikTok.jpg,,Already existed
C:\Users\megha\OneDrive\Pictures\Samsung Gallery\DCIM\Books 2.0\Screenshot_20260118_184640_TikTok.jpg,,Already existed
C:\Users\megha\OneDrive\Pictures\Samsung Gallery\DCIM\Books 2.0\Screenshot_20260118_212950_TikTok.jpg,,Already existed
C:\Users\megha\OneDrive\Pictures\Samsung Gallery\DCIM\Books 2.0\Screenshot_20260305_215633_TikTok.jpg,,Already existed
C:\Users\megha\OneDrive\Pictures\Samsung Gallery\DCIM\Books 2.0\Screenshot_20260305_215640_TikTok.jpg,,Already existed
C:\Users\megha\OneDrive\Pictures\Samsung Gallery\DCIM\Books 2.0\Screenshot_20260305_215644_TikTok.jpg,,Already existed
C:\Users\megha\OneDrive\Pictures\Samsung Gallery\DCIM\Books 2.0\Screenshot_20251105_201317_TikTok.jpg,C:\Users\megha\OneDrive\Pictures\Samsung Gallery\Gallery\Books\Screenshot_20251105_201317_TikTok.jpg,Copied
C:\Users\megha\OneDrive\Pictures\Samsung Gallery\DCIM\Books 2.0\20150604_145359.jpg,,Already existed
C:\Users\megha\OneDrive\Pictures\Samsung Gallery\DCIM\Books 2.0\20150604_145403.jpg,,Already existed
C:\Users\megha\OneDrive\Pictures\Samsung Gallery\DCIM\Books 2.0\20150604_145416.jpg,,Already existed
C:\Users\megha\OneDrive\Pictures\Samsung Gallery\DCIM\Books 2.0\20150604_145418.jpg,,Already existed
C:\Users\megha\OneDrive\Pictures\Samsung Gallery\DCIM\Books 2.0\20150604_145526.jpg,,Already existed
C:\Users\megha\OneDrive\Pictures\Samsung Gallery\DCIM\Books 2.0\20150624_103630.jpg,,Already existed
C:\Users\megha\OneDrive\Pictures\Samsung Gallery\DCIM\Books 2.0\20150624_103633.jpg,,Already existed
C:\Users\megha\OneDrive\Pictures\Samsung Gallery\DCIM\Books 2.0\20150629_131418.jpg,,Already existed
C:\Users\megha\OneDrive\Pictures\Samsung Gallery\DCIM\Books 2.0\20150703_153613(1).jpg,,Already existed
C:\Users\megha\OneDrive\Pictures\Samsung Gallery\DCIM\Books 2.0\20150703_154449.jpg,,Already existed
C:\Users\megha\OneDrive\Pictures\Samsung Gallery\DCIM\Books 2.0\20150703_154451.jpg,,Already existed
C:\Users\megha\OneDrive\Pictures\Samsung Gallery\DCIM\Books 2.0\20151110_213518.jpg,,Already existed
C:\Users\megha\OneDrive\Pictures\Samsung Gallery\DCIM\Books 2.0\20151110_213528.jpg,,Already existed
C:\Users\megha\OneDrive\Pictures\Samsung Gallery\DCIM\Books 2.0\20151110_213536.jpg,,Already existed
C:\Users\megha\OneDrive\Pictures\Samsung Gallery\DCIM\Books 2.0\20151110_213546.jpg,,Already existed
C:\Users\megha\OneDrive\Pictures\Samsung Gallery\DCIM\Books 2.0\20151110_213602.jpg,,Already existed
C:\Users\megha\OneDrive\Pictures\Samsung Gallery\DCIM\Books 2.0\20151110_214807.jpg,,Already existed
C:\Users\megha\OneDrive\Pictures\Samsung Gallery\DCIM\Books 2.0\20151110_214813.jpg,,Already existed
C:\Users\megha\OneDrive\Pictures\Samsung Gallery\DCIM\Books 2.0\7281b038843701ff5668a91659c466df.jpg,,Already existed
C:\Users\megha\OneDrive\Pictures\Samsung Gallery\DCIM\Books 2.0\800494f067e7b06de67d3f46bc249af2.jpg,,Already existed
C:\Users\megha\OneDrive\Pictures\Samsung Gallery\DCIM\Books 2.0\b33cf103804f8775bfab99b6a6209505.jpg,,Already existed
C:\Users\megha\OneDrive\Pictures\Samsung Gallery\DCIM\Books 2.0\fbd9197de428642d431b98b23413195d.jpg,,Already existed
C:\Users\megha\OneDrive\Pictures\Samsung Gallery\DCIM\Books 2.0\FB_IMG_1697977111864.jpg,,Already existed
C:\Users\megha\OneDrive\Pictures\Samsung Gallery\DCIM\Books 2.0\FB_IMG_1697977138171.jpg,,Already existed
C:\Users\megha\OneDrive\Pictures\Samsung Gallery\DCIM\Books 2.0\FB_IMG_1698687664467.jpg,,Already existed
C:\Users\megha\OneDrive\Pictures\Samsung Gallery\DCIM\Books 2.0\FB_IMG_1703696856402.jpg,,Already existed
C:\Users\megha\OneDrive\Pictures\Samsung Gallery\DCIM\Books 2.0\FB_IMG_1704971228594.jpg,,Already existed
C:\Users\megha\OneDrive\Pictures\Samsung Gallery\DCIM\Books 2.0\FB_IMG_1706063070732.jpg,,Already existed
C:\Users\megha\OneDrive\Pictures\Samsung Gallery\DCIM\Books 2.0\FB_IMG_1706095516552.jpg,,Already existed
C:\Users\megha\OneDrive\Pictures\Samsung Gallery\DCIM\Books 2.0\FB_IMG_1761697938584.jpg,,Already existed
C:\Users\megha\OneDrive\Pictures\Samsung Gallery\DCIM\Books 2.0\FB_IMG_1762168845027.jpg,,Already existed
C:\Users\megha\OneDrive\Pictures\Samsung Gallery\DCIM\Books 2.0\FB_IMG_1762168855762.jpg,,Already existed
C:\Users\megha\OneDrive\Pictures\Samsung Gallery\DCIM\Books 2.0\FB_IMG_1765910360222.jpg,,Already existed
C:\Users\megha\OneDrive\Pictures\Samsung Gallery\DCIM\Books 2.0\FB_IMG_1770337995809.jpg,,Already existed
C:\Users\megha\OneDrive\Pictures\Samsung Gallery\DCIM\Books 2.0\IMG_3013.JPG,,Already existed
C:\Users\megha\OneDrive\Pictures\Samsung Gallery\DCIM\Books 2.0\Screenshot_20220407-212304_TikTok.jpg,,Already existed
C:\Users\megha\OneDrive\Pictures\Samsung Gallery\DCIM\Books 2.0\Screenshot_20220407-212311_TikTok.jpg,,Already existed
C:\Users\megha\OneDrive\Pictures\Samsung Gallery\DCIM\Books 2.0\Screenshot_20220407-212317_TikTok.jpg,,Already existed
C:\Users\megha\OneDrive\Pictures\Samsung Gallery\DCIM\Books 2.0\Screenshot_20220407-212320_TikTok.jpg,,Already existed
C:\Users\megha\OneDrive\Pictures\Samsung Gallery\DCIM\Books 2.0\Screenshot_20220407-212324_TikTok.jpg,,Already existed
C:\Users\megha\OneDrive\Pictures\Samsung Gallery\DCIM\Books 2.0\Screenshot_20220531-213929_TikTok.jpg,,Already existed
C:\Users\megha\OneDrive\Pictures\Samsung Gallery\DCIM\Books 2.0\Screenshot_20220615-220523_TikTok.jpg,,Already existed
C:\Users\megha\OneDrive\Pictures\Samsung Gallery\DCIM\Books 2.0\Screenshot_20220622-222129_TikTok.jpg,,Already existed
C:\Users\megha\OneDrive\Pictures\Samsung Gallery\DCIM\Books 2.0\Screenshot_20220625-214801_TikTok.jpg,,Already existed
C:\Users\megha\OneDrive\Pictures\Samsung Gallery\DCIM\Books 2.0\Screenshot_20220625-214826_TikTok.jpg,,Already existed
C:\Users\megha\OneDrive\Pictures\Samsung Gallery\DCIM\Books 2.0\Screenshot_20220704-212058_TikTok.jpg,,Already existed
C:\Users\megha\OneDrive\Pictures\Samsung Gallery\DCIM\Books 2.0\Screenshot_20220705-212544_TikTok.jpg,,Already existed
C:\Users\megha\OneDrive\Pictures\Samsung Gallery\DCIM\Books 2.0\Screenshot_20220706-174228_TikTok.jpg,,Already existed
C:\Users\megha\OneDrive\Pictures\Samsung Gallery\DCIM\Books 2.0\Screenshot_20220707-210920_TikTok.jpg,,Already existed
C:\Users\megha\OneDrive\Pictures\Samsung Gallery\DCIM\Books 2.0\Screenshot_20220710-090334_TikTok.jpg,,Already existed
C:\Users\megha\OneDrive\Pictures\Samsung Gallery\DCIM\Books 2.0\Screenshot_20220712-221800_TikTok.jpg,,Already existed
C:\Users\megha\OneDrive\Pictures\Samsung Gallery\DCIM\Books 2.0\Screenshot_20220714-063746_TikTok.jpg,,Already existed
C:\Users\megha\OneDrive\Pictures\Samsung Gallery\DCIM\Books 2.0\Screenshot_20220714-065122_TikTok.jpg,,Already existed
C:\Users\megha\OneDrive\Pictures\Samsung Gallery\DCIM\Books 2.0\Screenshot_20220714-065131_TikTok.jpg,,Already existed
C:\Users\megha\OneDrive\Pictures\Samsung Gallery\DCIM\Books 2.0\Screenshot_20220714-065135_TikTok.jpg,,Already existed
C:\Users\megha\OneDrive\Pictures\Samsung Gallery\DCIM\Books 2.0\Screenshot_20220716-150514_TikTok.jpg,,Already existed
C:\Users\megha\OneDrive\Pictures\Samsung Gallery\DCIM\Books 2.0\Screenshot_20220718-203306_TikTok.jpg,,Already existed
C:\Users\megha\OneDrive\Pictures\Samsung Gallery\DCIM\Books 2.0\Screenshot_20220718-213042_TikTok.jpg,,Already existed
C:\Users\megha\OneDrive\Pictures\Samsung Gallery\DCIM\Books 2.0\Screenshot_20220718-213049_TikTok.jpg,,Already existed
C:\Users\megha\OneDrive\Pictures\Samsung Gallery\DCIM\Books 2.0\Screenshot_20220718-213052_TikTok.jpg,,Already existed
C:\Users\megha\OneDrive\Pictures\Samsung Gallery\DCIM\Books 2.0\Screenshot_20220718-213055_TikTok.jpg,,Already existed
C:\Users\megha\OneDrive\Pictures\Samsung Gallery\DCIM\Books 2.0\Screenshot_20220718-213058_TikTok.jpg,,Already existed
C:\Users\megha\OneDrive\Pictures\Samsung Gallery\DCIM\Books 2.0\Screenshot_20220718-213100_TikTok.jpg,,Already existed
C:\Users\megha\OneDrive\Pictures\Samsung Gallery\DCIM\Books 2.0\Screenshot_20220718-213121_TikTok.jpg,,Already existed
C:\Users\megha\OneDrive\Pictures\Samsung Gallery\DCIM\Books 2.0\Screenshot_20220718-213140_TikTok.jpg,,Already existed
C:\Users\megha\OneDrive\Pictures\Samsung Gallery\DCIM\Books 2.0\Screenshot_20220814-213425_TikTok.jpg,,Already existed
C:\Users\megha\OneDrive\Pictures\Samsung Gallery\DCIM\Books 2.0\Screenshot_20220814-213430_TikTok.jpg,,Already existed
C:\Users\megha\OneDrive\Pictures\Samsung Gallery\DCIM\Books 2.0\Screenshot_20220814-213438_TikTok.jpg,,Already existed
C:\Users\megha\OneDrive\Pictures\Samsung Gallery\DCIM\Books 2.0\Screenshot_20220814-213446_TikTok.jpg,,Already existed
C:\Users\megha\OneDrive\Pictures\Samsung Gallery\DCIM\Books 2.0\Screenshot_20220827-215040_TikTok.jpg,,Already existed
C:\Users\megha\OneDrive\Pictures\Samsung Gallery\DCIM\Books 2.0\Screenshot_20220827-215057_TikTok.jpg,,Already existed
C:\Users\megha\OneDrive\Pictures\Samsung Gallery\DCIM\Books 2.0\Screenshot_20220827-215104_TikTok.jpg,,Already existed
C:\Users\megha\OneDrive\Pictures\Samsung Gallery\DCIM\Books 2.0\Screenshot_20221204_205243_TikTok.jpg,,Already existed
C:\Users\megha\OneDrive\Pictures\Samsung Gallery\DCIM\Books 2.0\Screenshot_20221231_091833_TikTok.jpg,,Already existed
C:\Users\megha\OneDrive\Pictures\Samsung Gallery\DCIM\Books 2.0\Screenshot_20221231_091841_TikTok.jpg,,Already existed
C:\Users\megha\OneDrive\Pictures\Samsung Gallery\DCIM\Books 2.0\Screenshot_20221231_091847_TikTok.jpg,,Already existed
C:\Users\megha\OneDrive\Pictures\Samsung Gallery\DCIM\Books 2.0\Screenshot_20221231_092126_TikTok.jpg,,Already existed
C:\Users\megha\OneDrive\Pictures\Samsung Gallery\DCIM\Books 2.0\Screenshot_20221231_092335_TikTok.jpg,,Already existed
C:\Users\megha\OneDrive\Pictures\Samsung Gallery\DCIM\Books 2.0\Screenshot_20221231_092341_TikTok.jpg,,Already existed
C:\Users\megha\OneDrive\Pictures\Samsung Gallery\DCIM\Books 2.0\Screenshot_20221231_092348_TikTok.jpg,,Already existed
C:\Users\megha\OneDrive\Pictures\Samsung Gallery\DCIM\Books 2.0\Screenshot_20221231_092353_TikTok.jpg,,Already existed
C:\Users\megha\OneDrive\Pictures\Samsung Gallery\DCIM\Books 2.0\Screenshot_20221231_092400_TikTok.jpg,,Already existed
C:\Users\megha\OneDrive\Pictures\Samsung Gallery\DCIM\Books 2.0\Screenshot_20221231_092452_TikTok.jpg,,Already existed
C:\Users\megha\OneDrive\Pictures\Samsung Gallery\DCIM\Books 2.0\Screenshot_20221231_092457_TikTok.jpg,,Already existed
C:\Users\megha\OneDrive\Pictures\Samsung Gallery\DCIM\Books 2.0\Screenshot_20221231_092501_TikTok.jpg,,Already existed
C:\Users\megha\OneDrive\Pictures\Samsung Gallery\DCIM\Books 2.0\Screenshot_20221231_162818_TikTok.jpg,,Already existed
C:\Users\megha\OneDrive\Pictures\Samsung Gallery\DCIM\Books 2.0\Screenshot_20221231_162828_TikTok.jpg,,Already existed
C:\Users\megha\OneDrive\Pictures\Samsung Gallery\DCIM\Books 2.0\Screenshot_20221231_162836_TikTok.jpg,,Already existed
C:\Users\megha\OneDrive\Pictures\Samsung Gallery\DCIM\Books 2.0\Screenshot_20221231_162844_TikTok.jpg,,Already existed
C:\Users\megha\OneDrive\Pictures\Samsung Gallery\DCIM\Books 2.0\Screenshot_20221231_162853_TikTok.jpg,,Already existed
C:\Users\megha\OneDrive\Pictures\Samsung Gallery\DCIM\Books 2.0\Screenshot_20230101_202529_TikTok.jpg,,Already existed
C:\Users\megha\OneDrive\Pictures\Samsung Gallery\DCIM\Books 2.0\Screenshot_20230101_203421_TikTok.jpg,,Already existed
C:\Users\megha\OneDrive\Pictures\Samsung Gallery\DCIM\Books 2.0\Screenshot_20230101_212928_TikTok.jpg,,Already existed
C:\Users\megha\OneDrive\Pictures\Samsung Gallery\DCIM\Books 2.0\Screenshot_20230120_213723_TikTok.jpg,,Already existed
C:\Users\megha\OneDrive\Pictures\Samsung Gallery\DCIM\Books 2.0\Screenshot_20230123_211514_TikTok.jpg,,Already existed
C:\Users\megha\OneDrive\Pictures\Samsung Gallery\DCIM\Books 2.0\Screenshot_20230123_211531_TikTok.jpg,,Already existed
C:\Users\megha\OneDrive\Pictures\Samsung Gallery\DCIM\Books 2.0\Screenshot_20230123_211919_TikTok.jpg,,Already existed
C:\Users\megha\OneDrive\Pictures\Samsung Gallery\DCIM\Books 2.0\Screenshot_20230123_212004_TikTok.jpg,,Already existed
C:\Users\megha\OneDrive\Pictures\Samsung Gallery\DCIM\Books 2.0\Screenshot_20230123_212107_TikTok.jpg,,Already existed
C:\Users\megha\OneDrive\Pictures\Samsung Gallery\DCIM\Books 2.0\Screenshot_20230123_212112_TikTok.jpg,,Already existed
C:\Users\megha\OneDrive\Pictures\Samsung Gallery\DCIM\Books 2.0\Screenshot_20230123_212301_TikTok.jpg,,Already existed
C:\Users\megha\OneDrive\Pictures\Samsung Gallery\DCIM\Books 2.0\Screenshot_20230123_212306_TikTok.jpg,,Already existed
C:\Users\megha\OneDrive\Pictures\Samsung Gallery\DCIM\Books 2.0\Screenshot_20230203_211737_TikTok.jpg,,Already existed
C:\Users\megha\OneDrive\Pictures\Samsung Gallery\DCIM\Books 2.0\Screenshot_20230203_211745_TikTok.jpg,,Already existed
C:\Users\megha\OneDrive\Pictures\Samsung Gallery\DCIM\Books 2.0\Screenshot_20230203_211757_TikTok.jpg,,Already existed
C:\Users\megha\OneDrive\Pictures\Samsung Gallery\DCIM\Books 2.0\Screenshot_20230203_211805_TikTok.jpg,,Already existed
C:\Users\megha\OneDrive\Pictures\Samsung Gallery\DCIM\Books 2.0\Screenshot_20230203_211811_TikTok.jpg,,Already existed
C:\Users\megha\OneDrive\Pictures\Samsung Gallery\DCIM\Books 2.0\Screenshot_20230203_211821_TikTok.jpg,,Already existed
C:\Users\megha\OneDrive\Pictures\Samsung Gallery\DCIM\Books 2.0\Screenshot_20230211_073833_TikTok.jpg,,Already existed
C:\Users\megha\OneDrive\Pictures\Samsung Gallery\DCIM\Books 2.0\Screenshot_20230221_214355_TikTok.jpg,,Already existed
C:\Users\megha\OneDrive\Pictures\Samsung Gallery\DCIM\Books 2.0\Screenshot_20230320_212836_TikTok.jpg,,Already existed
C:\Users\megha\OneDrive\Pictures\Samsung Gallery\DCIM\Books 2.0\Screenshot_20230320_212841_TikTok.jpg,,Already existed
C:\Users\megha\OneDrive\Pictures\Samsung Gallery\DCIM\Books 2.0\Screenshot_20230320_212846_TikTok.jpg,,Already existed
C:\Users\megha\OneDrive\Pictures\Samsung Gallery\DCIM\Books 2.0\Screenshot_20230320_212850_TikTok.jpg,,Already existed
C:\Users\megha\OneDrive\Pictures\Samsung Gallery\DCIM\Books 2.0\Screenshot_20230320_212853_TikTok.jpg,,Already existed
C:\Users\megha\OneDrive\Pictures\Samsung Gallery\DCIM\Books 2.0\Screenshot_20230423_212914_TikTok.jpg,,Already existed
C:\Users\megha\OneDrive\Pictures\Samsung Gallery\DCIM\Books 2.0\Screenshot_20230429_223922_TikTok.jpg,,Already existed
C:\Users\megha\OneDrive\Pictures\Samsung Gallery\DCIM\Books 2.0\Screenshot_20230429_223927_TikTok.jpg,,Already existed
C:\Users\megha\OneDrive\Pictures\Samsung Gallery\DCIM\Books 2.0\Screenshot_20230501_220928_TikTok.jpg,,Already existed
C:\Users\megha\OneDrive\Pictures\Samsung Gallery\DCIM\Books 2.0\Screenshot_20230501_220933_TikTok.jpg,,Already existed
C:\Users\megha\OneDrive\Pictures\Samsung Gallery\DCIM\Books 2.0\Screenshot_20230501_220956_TikTok.jpg,,Already existed
C:\Users\megha\OneDrive\Pictures\Samsung Gallery\DCIM\Books 2.0\Screenshot_20230501_221449_TikTok.jpg,,Already existed
C:\Users\megha\OneDrive\Pictures\Samsung Gallery\DCIM\Books 2.0\Screenshot_20230926_213539_TikTok.jpg,,Already existed
C:\Users\megha\OneDrive\Pictures\Samsung Gallery\DCIM\Books 2.0\Screenshot_20230926_213544_TikTok.jpg,,Already existed
C:\Users\megha\OneDrive\Pictures\Samsung Gallery\DCIM\Books 2.0\Screenshot_20230926_213548_TikTok.jpg,,Already existed
C:\Users\megha\OneDrive\Pictures\Samsung Gallery\DCIM\Books 2.0\Screenshot_20230926_213557_TikTok.jpg,,Already existed
C:\Users\megha\OneDrive\Pictures\Samsung Gallery\DCIM\Books 2.0\Screenshot_20230926_213559_TikTok.jpg,,Already existed
C:\Users\megha\OneDrive\Pictures\Samsung Gallery\DCIM\Books 2.0\Screenshot_20230926_213600_TikTok.jpg,,Already existed
C:\Users\megha\OneDrive\Pictures\Samsung Gallery\DCIM\Books 2.0\Screenshot_20231006_203645_Pinterest.jpg,,Already existed
C:\Users\megha\OneDrive\Pictures\Samsung Gallery\DCIM\Books 2.0\Screenshot_20231007_075053_Facebook.jpg,,Already existed
C:\Users\megha\OneDrive\Pictures\Samsung Gallery\DCIM\Books 2.0\Screenshot_20231007_075111_Facebook.jpg,,Already existed
C:\Users\megha\OneDrive\Pictures\Samsung Gallery\DCIM\Books 2.0\Screenshot_20231007_075122_Facebook.jpg,,Already existed
C:\Users\megha\OneDrive\Pictures\Samsung Gallery\DCIM\Books 2.0\Screenshot_20231007_075200_Facebook.jpg,,Already existed
C:\Users\megha\OneDrive\Pictures\Samsung Gallery\DCIM\Books 2.0\Screenshot_20231007_075210_Facebook.jpg,,Already existed
C:\Users\megha\OneDrive\Pictures\Samsung Gallery\DCIM\Books 2.0\Screenshot_20231007_075220_Facebook.jpg,,Already existed
C:\Users\megha\OneDrive\Pictures\Samsung Gallery\DCIM\Books 2.0\Screenshot_20231007_075228_Facebook.jpg,,Already existed
C:\Users\megha\OneDrive\Pictures\Samsung Gallery\DCIM\Books 2.0\Screenshot_20231007_075626_Facebook.jpg,,Already existed
C:\Users\megha\OneDrive\Pictures\Samsung Gallery\DCIM\Books 2.0\Screenshot_20231007_075632_Facebook.jpg,,Already existed
C:\Users\megha\OneDrive\Pictures\Samsung Gallery\DCIM\Books 2.0\Screenshot_20231007_075637_Facebook.jpg,,Already existed
C:\Users\megha\OneDrive\Pictures\Samsung Gallery\DCIM\Books 2.0\Screenshot_20231007_075642_Facebook.jpg,,Already existed
C:\Users\megha\OneDrive\Pictures\Samsung Gallery\DCIM\Books 2.0\Screenshot_20231007_075648_Facebook.jpg,,Already existed
C:\Users\megha\OneDrive\Pictures\Samsung Gallery\DCIM\Books 2.0\Screenshot_20231007_075652_Facebook.jpg,,Already existed
C:\Users\megha\OneDrive\Pictures\Samsung Gallery\DCIM\Books 2.0\Screenshot_20231007_075700_Facebook.jpg,,Already existed
C:\Users\megha\OneDrive\Pictures\Samsung Gallery\DCIM\Books 2.0\Screenshot_20231019_101710_Facebook.jpg,,Already existed
C:\Users\megha\OneDrive\Pictures\Samsung Gallery\DCIM\Books 2.0\Screenshot_20231019_101714_Facebook.jpg,,Already existed
C:\Users\megha\OneDrive\Pictures\Samsung Gallery\DCIM\Books 2.0\Screenshot_20231019_101718_Facebook.jpg,,Already existed
C:\Users\megha\OneDrive\Pictures\Samsung Gallery\DCIM\Books 2.0\Screenshot_20231019_101721_Facebook.jpg,,Already existed
C:\Users\megha\OneDrive\Pictures\Samsung Gallery\DCIM\Books 2.0\Screenshot_20231025_064046_Facebook.jpg,,Already existed
C:\Users\megha\OneDrive\Pictures\Samsung Gallery\DCIM\Books 2.0\Screenshot_20231025_131101_Facebook.jpg,,Already existed
C:\Users\megha\OneDrive\Pictures\Samsung Gallery\DCIM\Books 2.0\Screenshot_20231026_083344_Facebook.jpg,,Already existed
C:\Users\megha\OneDrive\Pictures\Samsung Gallery\DCIM\Books 2.0\Screenshot_20231026_083346_Facebook.jpg,,Already existed
C:\Users\megha\OneDrive\Pictures\Samsung Gallery\DCIM\Books 2.0\Screenshot_20231026_083347_Facebook.jpg,,Already existed
C:\Users\megha\OneDrive\Pictures\Samsung Gallery\DCIM\Books 2.0\Screenshot_20231028_162441_Facebook.jpg,,Already existed
C:\Users\megha\OneDrive\Pictures\Samsung Gallery\DCIM\Books 2.0\Screenshot_20231028_162448_Facebook.jpg,,Already existed
C:\Users\megha\OneDrive\Pictures\Samsung Gallery\DCIM\Books 2.0\Screenshot_20231028_162455_Facebook.jpg,,Already existed
C:\Users\megha\OneDrive\Pictures\Samsung Gallery\DCIM\Books 2.0\Screenshot_20231028_211602_Facebook.jpg,,Already existed
C:\Users\megha\OneDrive\Pictures\Samsung Gallery\DCIM\Books 2.0\Screenshot_20231028_211608_Facebook.jpg,,Already existed
C:\Users\megha\OneDrive\Pictures\Samsung Gallery\DCIM\Books 2.0\Screenshot_20231028_211612_Facebook.jpg,,Already existed
C:\Users\megha\OneDrive\Pictures\Samsung Gallery\DCIM\Books 2.0\Screenshot_20231028_211618_Facebook.jpg,,Already existed
C:\Users\megha\OneDrive\Pictures\Samsung Gallery\DCIM\Books 2.0\Screenshot_20231028_211624_Facebook.jpg,,Already existed
C:\Users\megha\OneDrive\Pictures\Samsung Gallery\DCIM\Books 2.0\Screenshot_20231030_095712_Facebook.jpg,,Already existed
C:\Users\megha\OneDrive\Pictures\Samsung Gallery\DCIM\Books 2.0\Screenshot_20231030_100532_Facebook.jpg,,Already existed
C:\Users\megha\OneDrive\Pictures\Samsung Gallery\DCIM\Books 2.0\Screenshot_20231030_100537_Facebook.jpg,,Already existed
C:\Users\megha\OneDrive\Pictures\Samsung Gallery\DCIM\Books 2.0\Screenshot_20231030_100543_Facebook.jpg,,Already existed
C:\Users\megha\OneDrive\Pictures\Samsung Gallery\DCIM\Books 2.0\Screenshot_20231030_100550_Facebook.jpg,,Already existed
C:\Users\megha\OneDrive\Pictures\Samsung Gallery\DCIM\Books 2.0\Screenshot_20231030_122633_Facebook.jpg,,Already existed
C:\Users\megha\OneDrive\Pictures\Samsung Gallery\DCIM\Books 2.0\Screenshot_20231030_122639_Facebook.jpg,,Already existed
C:\Users\megha\OneDrive\Pictures\Samsung Gallery\DCIM\Books 2.0\Screenshot_20231030_122643_Facebook.jpg,,Already existed
C:\Users\megha\OneDrive\Pictures\Samsung Gallery\DCIM\Books 2.0\Screenshot_20231030_122645_Facebook.jpg,,Already existed
C:\Users\megha\OneDrive\Pictures\Samsung Gallery\DCIM\Books 2.0\Screenshot_20231031_070528_Facebook.jpg,,Already existed
C:\Users\megha\OneDrive\Pictures\Samsung Gallery\DCIM\Books 2.0\Screenshot_20231031_070534_Facebook.jpg,,Already existed
C:\Users\megha\OneDrive\Pictures\Samsung Gallery\DCIM\Books 2.0\Screenshot_20231031_070538_Facebook.jpg,,Already existed
C:\Users\megha\OneDrive\Pictures\Samsung Gallery\DCIM\Books 2.0\Screenshot_20231031_070542_Facebook.jpg,,Already existed
C:\Users\megha\OneDrive\Pictures\Samsung Gallery\DCIM\Books 2.0\Screenshot_20231031_070546_Facebook.jpg,,Already existed
C:\Users\megha\OneDrive\Pictures\Samsung Gallery\DCIM\Books 2.0\Screenshot_20231123_070745_Facebook.jpg,,Already existed
C:\Users\megha\OneDrive\Pictures\Samsung Gallery\DCIM\Books 2.0\Screenshot_20231123_070747_Facebook.jpg,,Already existed
C:\Users\megha\OneDrive\Pictures\Samsung Gallery\DCIM\Books 2.0\Screenshot_20231123_070749_Facebook.jpg,,Already existed
C:\Users\megha\OneDrive\Pictures\Samsung Gallery\DCIM\Books 2.0\Screenshot_20231123_070751_Facebook.jpg,,Already existed
C:\Users\megha\OneDrive\Pictures\Samsung Gallery\DCIM\Books 2.0\Screenshot_20231123_070753_Facebook.jpg,,Already existed
C:\Users\megha\OneDrive\Pictures\Samsung Gallery\DCIM\Books 2.0\Screenshot_20231123_070755_Facebook.jpg,,Already existed
C:\Users\megha\OneDrive\Pictures\Samsung Gallery\DCIM\Books 2.0\Screenshot_20231123_070757_Facebook.jpg,,Already existed
C:\Users\megha\OneDrive\Pictures\Samsung Gallery\DCIM\Books 2.0\Screenshot_20231123_070759_Facebook.jpg,,Already existed
C:\Users\megha\OneDrive\Pictures\Samsung Gallery\DCIM\Books 2.0\Screenshot_20231123_070801_Facebook.jpg,,Already existed
C:\Users\megha\OneDrive\Pictures\Samsung Gallery\DCIM\Books 2.0\Screenshot_20231123_070803_Facebook.jpg,,Already existed
C:\Users\megha\OneDrive\Pictures\Samsung Gallery\DCIM\Books 2.0\Screenshot_20231123_070805_Facebook.jpg,,Already existed
C:\Users\megha\OneDrive\Pictures\Samsung Gallery\DCIM\Books 2.0\Screenshot_20231123_070807_Facebook.jpg,,Already existed
C:\Users\megha\OneDrive\Pictures\Samsung Gallery\DCIM\Books 2.0\Screenshot_20240103_103143_Facebook.jpg,,Already existed
C:\Users\megha\OneDrive\Pictures\Samsung Gallery\DCIM\Books 2.0\Screenshot_20240103_103150_Facebook.jpg,,Already existed
C:\Users\megha\OneDrive\Pictures\Samsung Gallery\DCIM\Books 2.0\Screenshot_20240104_201908_TikTok.jpg,,Already existed
C:\Users\megha\OneDrive\Pictures\Samsung Gallery\DCIM\Books 2.0\Screenshot_20240104_201916_TikTok.jpg,,Already existed
C:\Users\megha\OneDrive\Pictures\Samsung Gallery\DCIM\Books 2.0\Screenshot_20240104_201920_TikTok.jpg,,Already existed
C:\Users\megha\OneDrive\Pictures\Samsung Gallery\DCIM\Books 2.0\Screenshot_20240104_201924_TikTok.jpg,,Already existed
C:\Users\megha\OneDrive\Pictures\Samsung Gallery\DCIM\Books 2.0\Screenshot_20240105_064825_Facebook.jpg,,Already existed
C:\Users\megha\OneDrive\Pictures\Samsung Gallery\DCIM\Books 2.0\Screenshot_20240105_064834_Facebook.jpg,,Already existed
C:\Users\megha\OneDrive\Pictures\Samsung Gallery\DCIM\Books 2.0\Screenshot_20240116_204837_TikTok.jpg,,Already existed
C:\Users\megha\OneDrive\Pictures\Samsung Gallery\DCIM\Books 2.0\Screenshot_20240116_204848_TikTok.jpg,,Already existed
C:\Users\megha\OneDrive\Pictures\Samsung Gallery\DCIM\Books 2.0\Screenshot_20240116_205645_TikTok.jpg,,Already existed
C:\Users\megha\OneDrive\Pictures\Samsung Gallery\DCIM\Books 2.0\Screenshot_20240116_205647_TikTok.jpg,,Already existed
C:\Users\megha\OneDrive\Pictures\Samsung Gallery\DCIM\Books 2.0\Screenshot_20240116_205650_TikTok.jpg,,Already existed
C:\Users\megha\OneDrive\Pictures\Samsung Gallery\DCIM\Books 2.0\Screenshot_20240116_205653_TikTok.jpg,,Already existed
C:\Users\megha\OneDrive\Pictures\Samsung Gallery\DCIM\Books 2.0\Screenshot_20240116_205656_TikTok.jpg,,Already existed
C:\Users\megha\OneDrive\Pictures\Samsung Gallery\DCIM\Books 2.0\Screenshot_20240116_210635_TikTok.jpg,,Already existed
C:\Users\megha\OneDrive\Pictures\Samsung Gallery\DCIM\Books 2.0\Screenshot_20240117_085633_Facebook.jpg,,Already existed
C:\Users\megha\OneDrive\Pictures\Samsung Gallery\DCIM\Books 2.0\Screenshot_20240117_085645_Facebook.jpg,,Already existed
C:\Users\megha\OneDrive\Pictures\Samsung Gallery\DCIM\Books 2.0\Screenshot_20240117_085650_Facebook.jpg,,Already existed
C:\Users\megha\OneDrive\Pictures\Samsung Gallery\DCIM\Books 2.0\Screenshot_20240121_072717_Facebook.jpg,,Already existed
C:\Users\megha\OneDrive\Pictures\Samsung Gallery\DCIM\Books 2.0\Screenshot_20240121_072742_Facebook.jpg,,Already existed
C:\Users\megha\OneDrive\Pictures\Samsung Gallery\DCIM\Books 2.0\Screenshot_20240125_063314_Facebook.jpg,,Already existed
C:\Users\megha\OneDrive\Pictures\Samsung Gallery\DCIM\Books 2.0\Screenshot_20240125_063318_Facebook.jpg,,Already existed
C:\Users\megha\OneDrive\Pictures\Samsung Gallery\DCIM\Books 2.0\Screenshot_20240125_063322_Facebook.jpg,,Already existed
C:\Users\megha\OneDrive\Pictures\Samsung Gallery\DCIM\Books 2.0\Screenshot_20240125_063326_Facebook.jpg,,Already existed
C:\Users\megha\OneDrive\Pictures\Samsung Gallery\DCIM\Books 2.0\Screenshot_20240125_063330_Facebook.jpg,,Already existed
C:\Users\megha\OneDrive\Pictures\Samsung Gallery\DCIM\Books 2.0\Screenshot_20240125_063334_Facebook.jpg,,Already existed
C:\Users\megha\OneDrive\Pictures\Samsung Gallery\DCIM\Books 2.0\Screenshot_20240125_063338_Facebook.jpg,,Already existed
C:\Users\megha\OneDrive\Pictures\Samsung Gallery\DCIM\Books 2.0\Screenshot_20240125_063343_Facebook.jpg,,Already existed
C:\Users\megha\OneDrive\Pictures\Samsung Gallery\DCIM\Books 2.0\Screenshot_20240128_203402_Facebook.jpg,,Already existed
C:\Users\megha\OneDrive\Pictures\Samsung Gallery\DCIM\Books 2.0\Screenshot_20240128_203405_Facebook.jpg,,Already existed
C:\Users\megha\OneDrive\Pictures\Samsung Gallery\DCIM\Books 2.0\Screenshot_20240128_203408_Facebook.jpg,,Already existed
C:\Users\megha\OneDrive\Pictures\Samsung Gallery\DCIM\Books 2.0\Screenshot_20240128_203410_Facebook.jpg,,Already existed
C:\Users\megha\OneDrive\Pictures\Samsung Gallery\DCIM\Books 2.0\Screenshot_20240128_203414_Facebook.jpg,,Already existed
C:\Users\megha\OneDrive\Pictures\Samsung Gallery\DCIM\Books 2.0\Screenshot_20240128_203417_Facebook.jpg,,Already existed
C:\Users\megha\OneDrive\Pictures\Samsung Gallery\DCIM\Books 2.0\Screenshot_20240128_203420_Facebook.jpg,,Already existed
C:\Users\megha\OneDrive\Pictures\Samsung Gallery\DCIM\Books 2.0\Screenshot_20240128_203423_Facebook.jpg,,Already existed
C:\Users\megha\OneDrive\Pictures\Samsung Gallery\DCIM\Books 2.0\Screenshot_20240128_203426_Facebook.jpg,,Already existed
C:\Users\megha\OneDrive\Pictures\Samsung Gallery\DCIM\Books 2.0\Screenshot_20240128_203429_Facebook.jpg,,Already existed
C:\Users\megha\OneDrive\Pictures\Samsung Gallery\DCIM\Books 2.0\Screenshot_20240128_203432_Facebook.jpg,,Already existed
C:\Users\megha\OneDrive\Pictures\Samsung Gallery\DCIM\Books 2.0\Screenshot_20240129_060349_Facebook.jpg,,Already existed
C:\Users\megha\OneDrive\Pictures\Samsung Gallery\DCIM\Books 2.0\Screenshot_20240129_060411_Facebook.jpg,,Already existed
C:\Users\megha\OneDrive\Pictures\Samsung Gallery\DCIM\Books 2.0\Screenshot_20240129_060430_Facebook.jpg,,Already existed
C:\Users\megha\OneDrive\Pictures\Samsung Gallery\DCIM\Books 2.0\Screenshot_20240129_060453_Facebook.jpg,,Already existed
C:\Users\megha\OneDrive\Pictures\Samsung Gallery\DCIM\Books 2.0\Screenshot_20240131_065725_TikTok.jpg,,Already existed
C:\Users\megha\OneDrive\Pictures\Samsung Gallery\DCIM\Books 2.0\Screenshot_20240131_065727_TikTok.jpg,,Already existed
C:\Users\megha\OneDrive\Pictures\Samsung Gallery\DCIM\Books 2.0\Screenshot_20240131_065729_TikTok.jpg,,Already existed
C:\Users\megha\OneDrive\Pictures\Samsung Gallery\DCIM\Books 2.0\Screenshot_20240131_065731_TikTok.jpg,,Already existed
C:\Users\megha\OneDrive\Pictures\Samsung Gallery\DCIM\Books 2.0\Screenshot_20240131_065733_TikTok.jpg,,Already existed
C:\Users\megha\OneDrive\Pictures\Samsung Gallery\DCIM\Books 2.0\Screenshot_20240131_065734_TikTok.jpg,,Already existed
C:\Users\megha\OneDrive\Pictures\Samsung Gallery\DCIM\Books 2.0\Screenshot_20240131_065736_TikTok.jpg,,Already existed
C:\Users\megha\OneDrive\Pictures\Samsung Gallery\DCIM\Books 2.0\Screenshot_20240131_065738_TikTok.jpg,,Already existed
C:\Users\megha\OneDrive\Pictures\Samsung Gallery\DCIM\Books 2.0\Screenshot_20240131_065742_TikTok.jpg,,Already existed
C:\Users\megha\OneDrive\Pictures\Samsung Gallery\DCIM\Books 2.0\Screenshot_20240131_065744_TikTok.jpg,,Already existed
C:\Users\megha\OneDrive\Pictures\Samsung Gallery\DCIM\Books 2.0\Screenshot_20240131_070012_TikTok.jpg,,Already existed
C:\Users\megha\OneDrive\Pictures\Samsung Gallery\DCIM\Books 2.0\Screenshot_20240131_070047_TikTok.jpg,,Already existed
C:\Users\megha\OneDrive\Pictures\Samsung Gallery\DCIM\Books 2.0\Screenshot_20240131_070114_TikTok.jpg,,Already existed
C:\Users\megha\OneDrive\Pictures\Samsung Gallery\DCIM\Books 2.0\Screenshot_20240131_070137_TikTok.jpg,,Already existed
C:\Users\megha\OneDrive\Pictures\Samsung Gallery\DCIM\Books 2.0\Screenshot_20240131_070155_TikTok.jpg,,Already existed
C:\Users\megha\OneDrive\Pictures\Samsung Gallery\DCIM\Books 2.0\Screenshot_20240131_070229_TikTok.jpg,,Already existed
C:\Users\megha\OneDrive\Pictures\Samsung Gallery\DCIM\Books 2.0\Screenshot_20240131_070241_TikTok.jpg,,Already existed
C:\Users\megha\OneDrive\Pictures\Samsung Gallery\DCIM\Books 2.0\Screenshot_20240131_070340_TikTok.jpg,,Already existed
C:\Users\megha\OneDrive\Pictures\Samsung Gallery\DCIM\Books 2.0\Screenshot_20240131_070359_TikTok.jpg,,Already existed
C:\Users\megha\OneDrive\Pictures\Samsung Gallery\DCIM\Books 2.0\Screenshot_20240131_070401_TikTok.jpg,,Already existed
C:\Users\megha\OneDrive\Pictures\Samsung Gallery\DCIM\Books 2.0\Screenshot_20240131_070403_TikTok.jpg,,Already existed
C:\Users\megha\OneDrive\Pictures\Samsung Gallery\DCIM\Books 2.0\Screenshot_20240131_070404_TikTok.jpg,,Already existed
C:\Users\megha\OneDrive\Pictures\Samsung Gallery\DCIM\Books 2.0\Screenshot_20240131_070406_TikTok.jpg,,Already existed
C:\Users\megha\OneDrive\Pictures\Samsung Gallery\DCIM\Books 2.0\Screenshot_20240131_070520_TikTok.jpg,,Already existed
C:\Users\megha\OneDrive\Pictures\Samsung Gallery\DCIM\Books 2.0\Screenshot_20240131_204324_TikTok.jpg,,Already existed
C:\Users\megha\OneDrive\Pictures\Samsung Gallery\DCIM\Books 2.0\Screenshot_20240131_204328_TikTok.jpg,,Already existed
C:\Users\megha\OneDrive\Pictures\Samsung Gallery\DCIM\Books 2.0\Screenshot_20240131_204332_TikTok.jpg,,Already existed
C:\Users\megha\OneDrive\Pictures\Samsung Gallery\DCIM\Books 2.0\Screenshot_20240131_204724_TikTok.jpg,,Already existed
C:\Users\megha\OneDrive\Pictures\Samsung Gallery\DCIM\Books 2.0\Screenshot_20240131_204725_TikTok.jpg,,Already existed
C:\Users\megha\OneDrive\Pictures\Samsung Gallery\DCIM\Books 2.0\Screenshot_20240131_204727_TikTok.jpg,,Already existed
C:\Users\megha\OneDrive\Pictures\Samsung Gallery\DCIM\Books 2.0\Screenshot_20240131_204729_TikTok.jpg,,Already existed
C:\Users\megha\OneDrive\Pictures\Samsung Gallery\DCIM\Books 2.0\Screenshot_20240131_204730_TikTok.jpg,,Already existed
C:\Users\megha\OneDrive\Pictures\Samsung Gallery\DCIM\Books 2.0\Screenshot_20240131_204732_TikTok.jpg,,Already existed
C:\Users\megha\OneDrive\Pictures\Samsung Gallery\DCIM\Books 2.0\Screenshot_20240131_204734_TikTok.jpg,,Already existed
C:\Users\megha\OneDrive\Pictures\Samsung Gallery\DCIM\Books 2.0\Screenshot_20240131_205235_TikTok.jpg,,Already existed
C:\Users\megha\OneDrive\Pictures\Samsung Gallery\DCIM\Books 2.0\Screenshot_20240131_205434_TikTok.jpg,,Already existed
C:\Users\megha\OneDrive\Pictures\Samsung Gallery\DCIM\Books 2.0\Screenshot_20240131_205453_TikTok.jpg,,Already existed
C:\Users\megha\OneDrive\Pictures\Samsung Gallery\DCIM\Books 2.0\Screenshot_20240131_205513_TikTok.jpg,,Already existed
C:\Users\megha\OneDrive\Pictures\Samsung Gallery\DCIM\Books 2.0\Screenshot_20240131_210648_TikTok.jpg,,Already existed
C:\Users\megha\OneDrive\Pictures\Samsung Gallery\DCIM\Books 2.0\Screenshot_20240131_210650_TikTok.jpg,,Already existed
C:\Users\megha\OneDrive\Pictures\Samsung Gallery\DCIM\Books 2.0\Screenshot_20240131_210654_TikTok.jpg,,Already existed
C:\Users\megha\OneDrive\Pictures\Samsung Gallery\DCIM\Books 2.0\Screenshot_20240201_160526_Facebook.jpg,,Already existed
C:\Users\megha\OneDrive\Pictures\Samsung Gallery\DCIM\Books 2.0\Screenshot_20240201_201004_TikTok.jpg,,Already existed
C:\Users\megha\OneDrive\Pictures\Samsung Gallery\DCIM\Books 2.0\Screenshot_20240201_201010_TikTok.jpg,,Already existed
C:\Users\megha\OneDrive\Pictures\Samsung Gallery\DCIM\Books 2.0\Screenshot_20240330_223141_TikTok.jpg,,Already existed
C:\Users\megha\OneDrive\Pictures\Samsung Gallery\DCIM\Books 2.0\Screenshot_20240404_185746_Instagram.jpg,,Already existed
C:\Users\megha\OneDrive\Pictures\Samsung Gallery\DCIM\Books 2.0\Screenshot_20240416_213051_TikTok.jpg,,Already existed
C:\Users\megha\OneDrive\Pictures\Samsung Gallery\DCIM\Books 2.0\Screenshot_20240416_213115_TikTok.jpg,,Already existed
C:\Users\megha\OneDrive\Pictures\Samsung Gallery\DCIM\Books 2.0\Screenshot_20240515_204155_TikTok.jpg,,Already existed
C:\Users\megha\OneDrive\Pictures\Samsung Gallery\DCIM\Books 2.0\Screenshot_20240515_204640_TikTok.jpg,,Already existed
C:\Users\megha\OneDrive\Pictures\Samsung Gallery\DCIM\Books 2.0\Screenshot_20240619_163553_Kindle.jpg,,Already existed
C:\Users\megha\OneDrive\Pictures\Samsung Gallery\DCIM\Books 2.0\Screenshot_20240905_161409_Kindle.jpg,,Already existed
C:\Users\megha\OneDrive\Pictures\Samsung Gallery\DCIM\Books 2.0\Screenshot_20241228_211620_TikTok.jpg,,Already existed
C:\Users\megha\OneDrive\Pictures\Samsung Gallery\DCIM\Books 2.0\Screenshot_20241228_211627_TikTok_resized.jpg,,Already existed
C:\Users\megha\OneDrive\Pictures\Samsung Gallery\DCIM\Books 2.0\Screenshot_20250211_071508_Facebook.jpg,,Already existed
C:\Users\megha\OneDrive\Pictures\Samsung Gallery\DCIM\Books 2.0\Screenshot_20250215_211836_TikTok.jpg,,Already existed
C:\Users\megha\OneDrive\Pictures\Samsung Gallery\DCIM\Books 2.0\Screenshot_20250215_211847_TikTok.jpg,,Already existed
C:\Users\megha\OneDrive\Pictures\Samsung Gallery\DCIM\Books 2.0\Screenshot_20250215_211849_TikTok.jpg,,Already existed
C:\Users\megha\OneDrive\Pictures\Samsung Gallery\DCIM\Books 2.0\Screenshot_20250215_211854_TikTok.jpg,,Already existed
C:\Users\megha\OneDrive\Pictures\Samsung Gallery\DCIM\Books 2.0\Screenshot_20250215_211857_TikTok.jpg,,Already existed
C:\Users\megha\OneDrive\Pictures\Samsung Gallery\DCIM\Books 2.0\Screenshot_20250215_211901_TikTok.jpg,,Already existed
C:\Users\megha\OneDrive\Pictures\Samsung Gallery\DCIM\Books 2.0\Screenshot_20250215_211903_TikTok.jpg,,Already existed
C:\Users\megha\OneDrive\Pictures\Samsung Gallery\DCIM\Books 2.0\Screenshot_20250215_212224_TikTok.jpg,,Already existed
C:\Users\megha\OneDrive\Pictures\Samsung Gallery\DCIM\Books 2.0\Screenshot_20250215_212227_TikTok.jpg,,Already existed
C:\Users\megha\OneDrive\Pictures\Samsung Gallery\DCIM\Books 2.0\Screenshot_20250215_212241_TikTok.jpg,,Already existed
C:\Users\megha\OneDrive\Pictures\Samsung Gallery\DCIM\Books 2.0\Screenshot_20250215_212250_TikTok.jpg,,Already existed
C:\Users\megha\OneDrive\Pictures\Samsung Gallery\DCIM\Books 2.0\Screenshot_20250215_212256_TikTok.jpg,,Already existed
C:\Users\megha\OneDrive\Pictures\Samsung Gallery\DCIM\Books 2.0\Screenshot_20250215_212308_TikTok.jpg,,Already existed
C:\Users\megha\OneDrive\Pictures\Samsung Gallery\DCIM\Books 2.0\Screenshot_20250215_212418_TikTok.jpg,,Already existed
C:\Users\megha\OneDrive\Pictures\Samsung Gallery\DCIM\Books 2.0\Screenshot_20250217_204138_TikTok.jpg,,Already existed
C:\Users\megha\OneDrive\Pictures\Samsung Gallery\DCIM\Books 2.0\Screenshot_20250217_204814_TikTok.jpg,,Already existed
C:\Users\megha\OneDrive\Pictures\Samsung Gallery\DCIM\Books 2.0\Screenshot_20250217_204816_TikTok.jpg,,Already existed
C:\Users\megha\OneDrive\Pictures\Samsung Gallery\DCIM\Books 2.0\Screenshot_20250217_204818_TikTok.jpg,,Already existed
C:\Users\megha\OneDrive\Pictures\Samsung Gallery\DCIM\Books 2.0\Screenshot_20250217_204819_TikTok.jpg,,Already existed
C:\Users\megha\OneDrive\Pictures\Samsung Gallery\DCIM\Books 2.0\Screenshot_20250217_204823_TikTok.jpg,,Already existed
C:\Users\megha\OneDrive\Pictures\Samsung Gallery\DCIM\Books 2.0\Screenshot_20250227_184224_TikTok.jpg,,Already existed
C:\Users\megha\OneDrive\Pictures\Samsung Gallery\DCIM\Books 2.0\Screenshot_20250227_184225_TikTok.jpg,,Already existed
C:\Users\megha\OneDrive\Pictures\Samsung Gallery\DCIM\Books 2.0\Screenshot_20250227_184227_TikTok.jpg,,Already existed
C:\Users\megha\OneDrive\Pictures\Samsung Gallery\DCIM\Books 2.0\Screenshot_20250227_184228_TikTok.jpg,,Already existed
C:\Users\megha\OneDrive\Pictures\Samsung Gallery\DCIM\Books 2.0\Screenshot_20250227_184230_TikTok.jpg,,Already existed
C:\Users\megha\OneDrive\Pictures\Samsung Gallery\DCIM\Books 2.0\Screenshot_20250316_195923_TikTok.jpg,,Already existed
C:\Users\megha\OneDrive\Pictures\Samsung Gallery\DCIM\Books 2.0\Screenshot_20250316_195925_TikTok.jpg,,Already existed
C:\Users\megha\OneDrive\Pictures\Samsung Gallery\DCIM\Books 2.0\Screenshot_20250316_195928_TikTok.jpg,,Already existed
C:\Users\megha\OneDrive\Pictures\Samsung Gallery\DCIM\Books 2.0\Screenshot_20250316_195930_TikTok.jpg,,Already existed
C:\Users\megha\OneDrive\Pictures\Samsung Gallery\DCIM\Books 2.0\Screenshot_20250318_180255_TikTok.jpg,,Already existed
C:\Users\megha\OneDrive\Pictures\Samsung Gallery\DCIM\Books 2.0\Screenshot_20250318_180307_TikTok.jpg,,Already existed
C:\Users\megha\OneDrive\Pictures\Samsung Gallery\DCIM\Books 2.0\Screenshot_20250319_140857_TikTok.jpg,,Already existed
C:\Users\megha\OneDrive\Pictures\Samsung Gallery\DCIM\Books 2.0\Screenshot_20250319_140920_TikTok.jpg,,Already existed
C:\Users\megha\OneDrive\Pictures\Samsung Gallery\DCIM\Books 2.0\Screenshot_20250319_140950_TikTok.jpg,,Already existed
C:\Users\megha\OneDrive\Pictures\Samsung Gallery\DCIM\Books 2.0\Screenshot_20250319_141000_TikTok.jpg,,Already existed
C:\Users\megha\OneDrive\Pictures\Samsung Gallery\DCIM\Books 2.0\Screenshot_20250319_141035_TikTok.jpg,,Already existed
C:\Users\megha\OneDrive\Pictures\Samsung Gallery\DCIM\Books 2.0\Screenshot_20250321_212412_TikTok.jpg,,Already existed
C:\Users\megha\OneDrive\Pictures\Samsung Gallery\DCIM\Books 2.0\Screenshot_20250323_094620_TikTok.jpg,,Already existed
C:\Users\megha\OneDrive\Pictures\Samsung Gallery\DCIM\Books 2.0\Screenshot_20250323_094624_TikTok.jpg,,Already existed
C:\Users\megha\OneDrive\Pictures\Samsung Gallery\DCIM\Books 2.0\Screenshot_20250323_094628_TikTok.jpg,,Already existed
C:\Users\megha\OneDrive\Pictures\Samsung Gallery\DCIM\Books 2.0\Screenshot_20250323_094632_TikTok.jpg,,Already existed
C:\Users\megha\OneDrive\Pictures\Samsung Gallery\DCIM\Books 2.0\Screenshot_20250323_095021_TikTok.jpg,,Already existed
C:\Users\megha\OneDrive\Pictures\Samsung Gallery\DCIM\Books 2.0\Screenshot_20250323_095035_TikTok.jpg,,Already existed
C:\Users\megha\OneDrive\Pictures\Samsung Gallery\DCIM\Books 2.0\Screenshot_20250323_095048_TikTok.jpg,,Already existed
C:\Users\megha\OneDrive\Pictures\Samsung Gallery\DCIM\Books 2.0\Screenshot_20250408_192647_TikTok.jpg,,Already existed
C:\Users\megha\OneDrive\Pictures\Samsung Gallery\DCIM\Books 2.0\Screenshot_20250408_192742_TikTok.jpg,,Already existed
C:\Users\megha\OneDrive\Pictures\Samsung Gallery\DCIM\Books 2.0\Screenshot_20250408_192936_TikTok.jpg,,Already existed
C:\Users\megha\OneDrive\Pictures\Samsung Gallery\DCIM\Books 2.0\Screenshot_20250408_192941_TikTok.jpg,,Already existed
C:\Users\megha\OneDrive\Pictures\Samsung Gallery\DCIM\Books 2.0\Screenshot_20250408_192944_TikTok.jpg,,Already existed
C:\Users\megha\OneDrive\Pictures\Samsung Gallery\DCIM\Books 2.0\Screenshot_20250408_192947_TikTok.jpg,,Already existed
C:\Users\megha\OneDrive\Pictures\Samsung Gallery\DCIM\Books 2.0\Screenshot_20250408_192958_TikTok.jpg,,Already existed
C:\Users\megha\OneDrive\Pictures\Samsung Gallery\DCIM\Books 2.0\Screenshot_20250408_193001_TikTok.jpg,,Already existed
C:\Users\megha\OneDrive\Pictures\Samsung Gallery\DCIM\Books 2.0\Screenshot_20250408_193007_TikTok.jpg,,Already existed
C:\Users\megha\OneDrive\Pictures\Samsung Gallery\DCIM\Books 2.0\Screenshot_20250408_193009_TikTok.jpg,,Already existed
C:\Users\megha\OneDrive\Pictures\Samsung Gallery\DCIM\Books 2.0\Screenshot_20250408_193013_TikTok.jpg,,Already existed
C:\Users\megha\OneDrive\Pictures\Samsung Gallery\DCIM\Books 2.0\Screenshot_20250409_203130_TikTok.jpg,,Already existed
C:\Users\megha\OneDrive\Pictures\Samsung Gallery\DCIM\Books 2.0\Screenshot_20250409_203135_TikTok.jpg,,Already existed
C:\Users\megha\OneDrive\Pictures\Samsung Gallery\DCIM\Books 2.0\Screenshot_20250412_133106_TikTok.jpg,,Already existed
C:\Users\megha\OneDrive\Pictures\Samsung Gallery\DCIM\Books 2.0\Screenshot_20250412_133119_TikTok.jpg,,Already existed
C:\Users\megha\OneDrive\Pictures\Samsung Gallery\DCIM\Books 2.0\Screenshot_20250412_133128_TikTok.jpg,,Already existed
C:\Users\megha\OneDrive\Pictures\Samsung Gallery\DCIM\Books 2.0\Screenshot_20250412_133143_TikTok.jpg,,Already existed
C:\Users\megha\OneDrive\Pictures\Samsung Gallery\DCIM\Books 2.0\Screenshot_20250412_133151_TikTok.jpg,,Already existed
C:\Users\megha\OneDrive\Pictures\Samsung Gallery\DCIM\Books 2.0\Screenshot_20250412_133627_TikTok.jpg,,Already existed
C:\Users\megha\OneDrive\Pictures\Samsung Gallery\DCIM\Books 2.0\Screenshot_20250412_133629_TikTok.jpg,,Already existed
C:\Users\megha\OneDrive\Pictures\Samsung Gallery\DCIM\Books 2.0\Screenshot_20250412_133631_TikTok.jpg,,Already existed
C:\Users\megha\OneDrive\Pictures\Samsung Gallery\DCIM\Books 2.0\Screenshot_20250412_133634_TikTok.jpg,,Already existed
C:\Users\megha\OneDrive\Pictures\Samsung Gallery\DCIM\Books 2.0\Screenshot_20250412_133636_TikTok.jpg,,Already existed
C:\Users\megha\OneDrive\Pictures\Samsung Gallery\DCIM\Books 2.0\Screenshot_20250412_133640_TikTok.jpg,,Already existed
C:\Users\megha\OneDrive\Pictures\Samsung Gallery\DCIM\Books 2.0\Screenshot_20250412_134540_TikTok.jpg,,Already existed
C:\Users\megha\OneDrive\Pictures\Samsung Gallery\DCIM\Books 2.0\Screenshot_20250412_154103_TikTok.jpg,,Already existed
C:\Users\megha\OneDrive\Pictures\Samsung Gallery\DCIM\Books 2.0\Screenshot_20250416_121618_Facebook.jpg,,Already existed
C:\Users\megha\OneDrive\Pictures\Samsung Gallery\DCIM\Books 2.0\Screenshot_20250416_121641_Facebook.jpg,,Already existed
C:\Users\megha\OneDrive\Pictures\Samsung Gallery\DCIM\Books 2.0\Screenshot_20250416_121658_Facebook.jpg,,Already existed
C:\Users\megha\OneDrive\Pictures\Samsung Gallery\DCIM\Books 2.0\Screenshot_20250416_172020_TikTok.jpg,,Already existed
C:\Users\megha\OneDrive\Pictures\Samsung Gallery\DCIM\Books 2.0\Screenshot_20250416_172024_TikTok.jpg,,Already existed
C:\Users\megha\OneDrive\Pictures\Samsung Gallery\DCIM\Books 2.0\Screenshot_20250416_172029_TikTok.jpg,,Already existed
C:\Users\megha\OneDrive\Pictures\Samsung Gallery\DCIM\Books 2.0\Screenshot_20250416_172328_TikTok.jpg,,Already existed
C:\Users\megha\OneDrive\Pictures\Samsung Gallery\DCIM\Books 2.0\Screenshot_20250416_172331_TikTok.jpg,,Already existed
C:\Users\megha\OneDrive\Pictures\Samsung Gallery\DCIM\Books 2.0\Screenshot_20250416_172500_TikTok.jpg,,Already existed
C:\Users\megha\OneDrive\Pictures\Samsung Gallery\DCIM\Books 2.0\Screenshot_20250423_073243_Facebook.jpg,,Already existed
C:\Users\megha\OneDrive\Pictures\Samsung Gallery\DCIM\Books 2.0\Screenshot_20250425_181014_Facebook.jpg,,Already existed
C:\Users\megha\OneDrive\Pictures\Samsung Gallery\DCIM\Books 2.0\Screenshot_20250506_073846_Facebook.jpg,,Already existed
C:\Users\megha\OneDrive\Pictures\Samsung Gallery\DCIM\Books 2.0\Screenshot_20250512_113030_Facebook.jpg,,Already existed
C:\Users\megha\OneDrive\Pictures\Samsung Gallery\DCIM\Books 2.0\Screenshot_20250512_113043_Facebook.jpg,,Already existed
C:\Users\megha\OneDrive\Pictures\Samsung Gallery\DCIM\Books 2.0\Screenshot_20250512_214415_TikTok.jpg,,Already existed
C:\Users\megha\OneDrive\Pictures\Samsung Gallery\DCIM\Books 2.0\Screenshot_20250512_214424_TikTok.jpg,,Already existed
C:\Users\megha\OneDrive\Pictures\Samsung Gallery\DCIM\Books 2.0\Screenshot_20250512_214437_TikTok.jpg,,Already existed
C:\Users\megha\OneDrive\Pictures\Samsung Gallery\DCIM\Books 2.0\Screenshot_20250512_214445_TikTok.jpg,,Already existed
C:\Users\megha\OneDrive\Pictures\Samsung Gallery\DCIM\Books 2.0\Screenshot_20250512_214459_TikTok.jpg,,Already existed
C:\Users\megha\OneDrive\Pictures\Samsung Gallery\DCIM\Books 2.0\Screenshot_20250512_215016_TikTok.jpg,,Already existed
C:\Users\megha\OneDrive\Pictures\Samsung Gallery\DCIM\Books 2.0\Screenshot_20250512_215039_TikTok.jpg,,Already existed
C:\Users\megha\OneDrive\Pictures\Samsung Gallery\DCIM\Books 2.0\Screenshot_20250512_215056_TikTok.jpg,,Already existed
C:\Users\megha\OneDrive\Pictures\Samsung Gallery\DCIM\Books 2.0\Screenshot_20250512_215121_TikTok.jpg,,Already existed
C:\Users\megha\OneDrive\Pictures\Samsung Gallery\DCIM\Books 2.0\Screenshot_20250512_215527_TikTok.jpg,,Already existed
C:\Users\megha\OneDrive\Pictures\Samsung Gallery\DCIM\Books 2.0\Screenshot_20250512_215544_TikTok.jpg,,Already existed
C:\Users\megha\OneDrive\Pictures\Samsung Gallery\DCIM\Books 2.0\Screenshot_20250512_215552_TikTok.jpg,,Already existed
C:\Users\megha\OneDrive\Pictures\Samsung Gallery\DCIM\Books 2.0\Screenshot_20250512_215608_TikTok.jpg,,Already existed
C:\Users\megha\OneDrive\Pictures\Samsung Gallery\DCIM\Books 2.0\Screenshot_20250512_221416_TikTok.jpg,,Already existed
C:\Users\megha\OneDrive\Pictures\Samsung Gallery\DCIM\Books 2.0\Screenshot_20250512_223346_TikTok.jpg,,Already existed
C:\Users\megha\OneDrive\Pictures\Samsung Gallery\DCIM\Books 2.0\Screenshot_20250512_223354_TikTok.jpg,,Already existed
C:\Users\megha\OneDrive\Pictures\Samsung Gallery\DCIM\Books 2.0\Screenshot_20250512_223411_TikTok.jpg,,Already existed
C:\Users\megha\OneDrive\Pictures\Samsung Gallery\DCIM\Books 2.0\Screenshot_20250512_223417_TikTok.jpg,,Already existed
C:\Users\megha\OneDrive\Pictures\Samsung Gallery\DCIM\Books 2.0\Screenshot_20250512_223423_TikTok.jpg,,Already existed
C:\Users\megha\OneDrive\Pictures\Samsung Gallery\DCIM\Books 2.0\Screenshot_20250515_214940_TikTok.jpg,,Already existed
C:\Users\megha\OneDrive\Pictures\Samsung Gallery\DCIM\Books 2.0\Screenshot_20250515_215724_TikTok.jpg,,Already existed
C:\Users\megha\OneDrive\Pictures\Samsung Gallery\DCIM\Books 2.0\Screenshot_20250515_215727_TikTok.jpg,,Already existed
C:\Users\megha\OneDrive\Pictures\Samsung Gallery\DCIM\Books 2.0\Screenshot_20250515_215728_TikTok.jpg,,Already existed
C:\Users\megha\OneDrive\Pictures\Samsung Gallery\DCIM\Books 2.0\Screenshot_20250515_215730_TikTok.jpg,,Already existed
C:\Users\megha\OneDrive\Pictures\Samsung Gallery\DCIM\Books 2.0\Screenshot_20250515_215740_TikTok.jpg,,Already existed
C:\Users\megha\OneDrive\Pictures\Samsung Gallery\DCIM\Books 2.0\Screenshot_20250515_220619_TikTok.jpg,,Already existed
C:\Users\megha\OneDrive\Pictures\Samsung Gallery\DCIM\Books 2.0\Screenshot_20250515_220642_TikTok.jpg,,Already existed
C:\Users\megha\OneDrive\Pictures\Samsung Gallery\DCIM\Books 2.0\Screenshot_20250515_220848_TikTok.jpg,,Already existed
C:\Users\megha\OneDrive\Pictures\Samsung Gallery\DCIM\Books 2.0\Screenshot_20250516_231618_TikTok.jpg,,Already existed
C:\Users\megha\OneDrive\Pictures\Samsung Gallery\DCIM\Books 2.0\Screenshot_20250517_224943_TikTok.jpg,,Already existed
C:\Users\megha\OneDrive\Pictures\Samsung Gallery\DCIM\Books 2.0\Screenshot_20250523_194545_Facebook.jpg,,Already existed
C:\Users\megha\OneDrive\Pictures\Samsung Gallery\DCIM\Books 2.0\Screenshot_20250523_194603_Facebook.jpg,,Already existed
C:\Users\megha\OneDrive\Pictures\Samsung Gallery\DCIM\Books 2.0\Screenshot_20250608_173839_Facebook.jpg,,Already existed
C:\Users\megha\OneDrive\Pictures\Samsung Gallery\DCIM\Books 2.0\Screenshot_20250608_173842_Facebook.jpg,,Already existed
C:\Users\megha\OneDrive\Pictures\Samsung Gallery\DCIM\Books 2.0\Screenshot_20250608_173847_Facebook.jpg,,Already existed
C:\Users\megha\OneDrive\Pictures\Samsung Gallery\DCIM\Books 2.0\Screenshot_20250608_173902_Facebook.jpg,,Already existed
C:\Users\megha\OneDrive\Pictures\Samsung Gallery\DCIM\Books 2.0\Screenshot_20250608_173905_Facebook.jpg,,Already existed
C:\Users\megha\OneDrive\Pictures\Samsung Gallery\DCIM\Books 2.0\Screenshot_20250608_173907_Facebook.jpg,,Already existed
C:\Users\megha\OneDrive\Pictures\Samsung Gallery\DCIM\Books 2.0\Screenshot_20250608_173910_Facebook.jpg,,Already existed
C:\Users\megha\OneDrive\Pictures\Samsung Gallery\DCIM\Books 2.0\Screenshot_20250608_173912_Facebook.jpg,,Already existed
C:\Users\megha\OneDrive\Pictures\Samsung Gallery\DCIM\Books 2.0\Screenshot_20250608_173915_Facebook.jpg,,Already existed
C:\Users\megha\OneDrive\Pictures\Samsung Gallery\DCIM\Books 2.0\Screenshot_20250608_173918_Facebook.jpg,,Already existed
C:\Users\megha\OneDrive\Pictures\Samsung Gallery\DCIM\Books 2.0\Screenshot_20250608_173920_Facebook.jpg,,Already existed
C:\Users\megha\OneDrive\Pictures\Samsung Gallery\DCIM\Books 2.0\Screenshot_20250608_174443_Facebook.jpg,,Already existed
C:\Users\megha\OneDrive\Pictures\Samsung Gallery\DCIM\Books 2.0\Screenshot_20250608_174500_Facebook.jpg,,Already existed
C:\Users\megha\OneDrive\Pictures\Samsung Gallery\DCIM\Books 2.0\Screenshot_20250608_174527_Facebook.jpg,,Already existed
C:\Users\megha\OneDrive\Pictures\Samsung Gallery\DCIM\Books 2.0\Screenshot_20250608_174545_Facebook.jpg,,Already existed
C:\Users\megha\OneDrive\Pictures\Samsung Gallery\DCIM\Books 2.0\Screenshot_20250608_204012_TikTok.jpg,,Already existed
C:\Users\megha\OneDrive\Pictures\Samsung Gallery\DCIM\Books 2.0\Screenshot_20250608_204015_TikTok.jpg,,Already existed
C:\Users\megha\OneDrive\Pictures\Samsung Gallery\DCIM\Books 2.0\Screenshot_20250608_204018_TikTok.jpg,,Already existed
C:\Users\megha\OneDrive\Pictures\Samsung Gallery\DCIM\Books 2.0\Screenshot_20250608_204023_TikTok.jpg,,Already existed
C:\Users\megha\OneDrive\Pictures\Samsung Gallery\DCIM\Books 2.0\Screenshot_20250608_204026_TikTok.jpg,,Already existed
C:\Users\megha\OneDrive\Pictures\Samsung Gallery\DCIM\Books 2.0\Screenshot_20250609_203042_TikTok.jpg,,Already existed
C:\Users\megha\OneDrive\Pictures\Samsung Gallery\DCIM\Books 2.0\Screenshot_20250609_203048_TikTok.jpg,,Already existed
C:\Users\megha\OneDrive\Pictures\Samsung Gallery\DCIM\Books 2.0\Screenshot_20250609_203051_TikTok.jpg,,Already existed
C:\Users\megha\OneDrive\Pictures\Samsung Gallery\DCIM\Books 2.0\Screenshot_20250611_202616_Facebook.jpg,,Already existed
C:\Users\megha\OneDrive\Pictures\Samsung Gallery\DCIM\Books 2.0\Screenshot_20250611_202739_Facebook.jpg,,Already existed
C:\Users\megha\OneDrive\Pictures\Samsung Gallery\DCIM\Books 2.0\Screenshot_20250612_203251_TikTok.jpg,,Already existed
C:\Users\megha\OneDrive\Pictures\Samsung Gallery\DCIM\Books 2.0\Screenshot_20250612_203303_TikTok.jpg,,Already existed
C:\Users\megha\OneDrive\Pictures\Samsung Gallery\DCIM\Books 2.0\Screenshot_20250612_203624_TikTok.jpg,,Already existed
C:\Users\megha\OneDrive\Pictures\Samsung Gallery\DCIM\Books 2.0\Screenshot_20250612_203625_TikTok.jpg,,Already existed
C:\Users\megha\OneDrive\Pictures\Samsung Gallery\DCIM\Books 2.0\Screenshot_20250612_203628_TikTok.jpg,,Already existed
C:\Users\megha\OneDrive\Pictures\Samsung Gallery\DCIM\Books 2.0\Screenshot_20250612_203631_TikTok.jpg,,Already existed
C:\Users\megha\OneDrive\Pictures\Samsung Gallery\DCIM\Books 2.0\Screenshot_20250612_203636_TikTok.jpg,,Already existed
C:\Users\megha\OneDrive\Pictures\Samsung Gallery\DCIM\Books 2.0\Screenshot_20250612_203842_TikTok.jpg,,Already existed
C:\Users\megha\OneDrive\Pictures\Samsung Gallery\DCIM\Books 2.0\Screenshot_20250612_203845_TikTok.jpg,,Already existed
C:\Users\megha\OneDrive\Pictures\Samsung Gallery\DCIM\Books 2.0\Screenshot_20250612_203848_TikTok.jpg,,Already existed
C:\Users\megha\OneDrive\Pictures\Samsung Gallery\DCIM\Books 2.0\Screenshot_20250612_203850_TikTok.jpg,,Already existed
C:\Users\megha\OneDrive\Pictures\Samsung Gallery\DCIM\Books 2.0\Screenshot_20250612_203852_TikTok.jpg,,Already existed
C:\Users\megha\OneDrive\Pictures\Samsung Gallery\DCIM\Books 2.0\Screenshot_20250612_203856_TikTok.jpg,,Already existed
C:\Users\megha\OneDrive\Pictures\Samsung Gallery\DCIM\Books 2.0\Screenshot_20250614_181543_TikTok.jpg,,Already existed
C:\Users\megha\OneDrive\Pictures\Samsung Gallery\DCIM\Books 2.0\Screenshot_20250614_181601_TikTok.jpg,,Already existed
C:\Users\megha\OneDrive\Pictures\Samsung Gallery\DCIM\Books 2.0\Screenshot_20250614_220851_TikTok.jpg,,Already existed
C:\Users\megha\OneDrive\Pictures\Samsung Gallery\DCIM\Books 2.0\Screenshot_20250614_222231_TikTok.jpg,,Already existed
C:\Users\megha\OneDrive\Pictures\Samsung Gallery\DCIM\Books 2.0\Screenshot_20250614_222236_TikTok.jpg,,Already existed
C:\Users\megha\OneDrive\Pictures\Samsung Gallery\DCIM\Books 2.0\Screenshot_20250614_222241_TikTok.jpg,,Already existed
C:\Users\megha\OneDrive\Pictures\Samsung Gallery\DCIM\Books 2.0\Screenshot_20250614_222246_TikTok.jpg,,Already existed
C:\Users\megha\OneDrive\Pictures\Samsung Gallery\DCIM\Books 2.0\Screenshot_20250614_222254_TikTok.jpg,,Already existed
C:\Users\megha\OneDrive\Pictures\Samsung Gallery\DCIM\Books 2.0\Screenshot_20250616_214235_TikTok.jpg,,Already existed
C:\Users\megha\OneDrive\Pictures\Samsung Gallery\DCIM\Books 2.0\Screenshot_20250616_214237_TikTok.jpg,,Already existed
C:\Users\megha\OneDrive\Pictures\Samsung Gallery\DCIM\Books 2.0\Screenshot_20250616_214239_TikTok.jpg,,Already existed
C:\Users\megha\OneDrive\Pictures\Samsung Gallery\DCIM\Books 2.0\Screenshot_20250619_163220_Kindle.jpg,,Already existed
C:\Users\megha\OneDrive\Pictures\Samsung Gallery\DCIM\Books 2.0\Screenshot_20250728_222336_Facebook.jpg,,Already existed
C:\Users\megha\OneDrive\Pictures\Samsung Gallery\DCIM\Books 2.0\Screenshot_20250807_210457_TikTok.jpg,,Already existed
C:\Users\megha\OneDrive\Pictures\Samsung Gallery\DCIM\Books 2.0\Screenshot_20250807_210601_TikTok.jpg,,Already existed
C:\Users\megha\OneDrive\Pictures\Samsung Gallery\DCIM\Books 2.0\Screenshot_20250807_210616_TikTok.jpg,,Already existed
C:\Users\megha\OneDrive\Pictures\Samsung Gallery\DCIM\Books 2.0\Screenshot_20250807_210621_TikTok.jpg,,Already existed
C:\Users\megha\OneDrive\Pictures\Samsung Gallery\DCIM\Books 2.0\Screenshot_20250807_210631_TikTok.jpg,,Already existed
C:\Users\megha\OneDrive\Pictures\Samsung Gallery\DCIM\Books 2.0\Screenshot_20250807_211024_TikTok.jpg,,Already existed
C:\Users\megha\OneDrive\Pictures\Samsung Gallery\DCIM\Books 2.0\Screenshot_20250809_180041_TikTok.jpg,,Already existed
C:\Users\megha\OneDrive\Pictures\Samsung Gallery\DCIM\Books 2.0\Screenshot_20250809_180059_TikTok.jpg,,Already existed
C:\Users\megha\OneDrive\Pictures\Samsung Gallery\DCIM\Books 2.0\Screenshot_20250809_211450_TikTok.jpg,,Already existed
C:\Users\megha\OneDrive\Pictures\Samsung Gallery\DCIM\Books 2.0\Screenshot_20250824_195202_TikTok.jpg,,Already existed
C:\Users\megha\OneDrive\Pictures\Samsung Gallery\DCIM\Books 2.0\Screenshot_20250824_195205_TikTok.jpg,,Already existed
C:\Users\megha\OneDrive\Pictures\Samsung Gallery\DCIM\Books 2.0\Screenshot_20250824_195213_TikTok.jpg,,Already existed
C:\Users\megha\OneDrive\Pictures\Samsung Gallery\DCIM\Books 2.0\Screenshot_20250824_212848_TikTok.jpg,,Already existed
C:\Users\megha\OneDrive\Pictures\Samsung Gallery\DCIM\Books 2.0\Screenshot_20250824_212851_TikTok.jpg,,Already existed
C:\Users\megha\OneDrive\Pictures\Samsung Gallery\DCIM\Books 2.0\Screenshot_20250824_212857_TikTok.jpg,,Already existed
C:\Users\megha\OneDrive\Pictures\Samsung Gallery\DCIM\Books 2.0\Screenshot_20250824_212903_TikTok.jpg,,Already existed
C:\Users\megha\OneDrive\Pictures\Samsung Gallery\DCIM\Books 2.0\Screenshot_20250824_212905_TikTok.jpg,,Already existed
C:\Users\megha\OneDrive\Pictures\Samsung Gallery\DCIM\Books 2.0\Screenshot_20250825_212220_TikTok.jpg,,Already existed
C:\Users\megha\OneDrive\Pictures\Samsung Gallery\DCIM\Books 2.0\Screenshot_20250825_212717_TikTok.jpg,,Already existed
C:\Users\megha\OneDrive\Pictures\Samsung Gallery\DCIM\Books 2.0\Screenshot_20250825_212722_TikTok.jpg,,Already existed
C:\Users\megha\OneDrive\Pictures\Samsung Gallery\DCIM\Books 2.0\Screenshot_20250825_212925_TikTok.jpg,,Already existed
C:\Users\megha\OneDrive\Pictures\Samsung Gallery\DCIM\Books 2.0\Screenshot_20250825_212929_TikTok.jpg,,Already existed
C:\Users\megha\OneDrive\Pictures\Samsung Gallery\DCIM\Books 2.0\Screenshot_20250825_212934_TikTok.jpg,,Already existed
C:\Users\megha\OneDrive\Pictures\Samsung Gallery\DCIM\Books 2.0\Screenshot_20250825_212938_TikTok.jpg,,Already existed
C:\Users\megha\OneDrive\Pictures\Samsung Gallery\DCIM\Books 2.0\Screenshot_20250825_212941_TikTok.jpg,,Already existed
C:\Users\megha\OneDrive\Pictures\Samsung Gallery\DCIM\Books 2.0\Screenshot_20250903_161441_TikTok.jpg,,Already existed
C:\Users\megha\OneDrive\Pictures\Samsung Gallery\DCIM\Books 2.0\Screenshot_20250903_161445_TikTok.jpg,,Already existed
C:\Users\megha\OneDrive\Pictures\Samsung Gallery\DCIM\Books 2.0\Screenshot_20250903_161458_TikTok.jpg,,Already existed
C:\Users\megha\OneDrive\Pictures\Samsung Gallery\DCIM\Books 2.0\Screenshot_20250903_161501_TikTok.jpg,,Already existed
C:\Users\megha\OneDrive\Pictures\Samsung Gallery\DCIM\Books 2.0\Screenshot_20250903_161505_TikTok.jpg,,Already existed
C:\Users\megha\OneDrive\Pictures\Samsung Gallery\DCIM\Books 2.0\Screenshot_20250906_190841_TikTok.jpg,,Already existed
C:\Users\megha\OneDrive\Pictures\Samsung Gallery\DCIM\Books 2.0\Screenshot_20250906_190854_TikTok.jpg,,Already existed
C:\Users\megha\OneDrive\Pictures\Samsung Gallery\DCIM\Books 2.0\Screenshot_20250910_192858_Facebook.jpg,,Already existed
C:\Users\megha\OneDrive\Pictures\Samsung Gallery\DCIM\Books 2.0\Screenshot_20250910_192913_Facebook.jpg,,Already existed
C:\Users\megha\OneDrive\Pictures\Samsung Gallery\DCIM\Books 2.0\Screenshot_20250910_192926_Facebook.jpg,,Already existed
C:\Users\megha\OneDrive\Pictures\Samsung Gallery\DCIM\Books 2.0\Screenshot_20250913_203059_TikTok.jpg,,Already existed
C:\Users\megha\OneDrive\Pictures\Samsung Gallery\DCIM\Books 2.0\Screenshot_20250913_203109_TikTok.jpg,,Already existed
C:\Users\megha\OneDrive\Pictures\Samsung Gallery\DCIM\Books 2.0\Screenshot_20250913_203118_TikTok.jpg,,Already existed
C:\Users\megha\OneDrive\Pictures\Samsung Gallery\DCIM\Books 2.0\Screenshot_20250921_072310_TikTok.jpg,,Already existed
C:\Users\megha\OneDrive\Pictures\Samsung Gallery\DCIM\Books 2.0\Screenshot_20250921_072325_TikTok.jpg,,Already existed
C:\Users\megha\OneDrive\Pictures\Samsung Gallery\DCIM\Books 2.0\Screenshot_20250926_213633_TikTok.jpg,,Already existed
C:\Users\megha\OneDrive\Pictures\Samsung Gallery\DCIM\Books 2.0\Screenshot_20250926_213653_TikTok.jpg,,Already existed
C:\Users\megha\OneDrive\Pictures\Samsung Gallery\DCIM\Books 2.0\Screenshot_20250926_213714_TikTok.jpg,,Already existed
C:\Users\megha\OneDrive\Pictures\Samsung Gallery\DCIM\Books 2.0\Screenshot_20251008_202207_TikTok.jpg,,Already existed
C:\Users\megha\OneDrive\Pictures\Samsung Gallery\DCIM\Books 2.0\Screenshot_20251008_202211_TikTok.jpg,,Already existed
C:\Users\megha\OneDrive\Pictures\Samsung Gallery\DCIM\Books 2.0\Screenshot_20251008_202213_TikTok.jpg,,Already existed
C:\Users\megha\OneDrive\Pictures\Samsung Gallery\DCIM\Books 2.0\Screenshot_20251008_202439_TikTok.jpg,,Already existed
C:\Users\megha\OneDrive\Pictures\Samsung Gallery\DCIM\Books 2.0\Screenshot_20251008_202452_TikTok.jpg,,Already existed
C:\Users\megha\OneDrive\Pictures\Samsung Gallery\DCIM\Books 2.0\Screenshot_20251008_202455_TikTok.jpg,,Already existed
C:\Users\megha\OneDrive\Pictures\Samsung Gallery\DCIM\Books 2.0\Screenshot_20251015_211711_Facebook.jpg,,Already existed
C:\Users\megha\OneDrive\Pictures\Samsung Gallery\DCIM\Books 2.0\Screenshot_20251019_205332_TikTok.jpg,,Already existed
C:\Users\megha\OneDrive\Pictures\Samsung Gallery\DCIM\Books 2.0\Screenshot_20251019_205343_TikTok.jpg,,Already existed
C:\Users\megha\OneDrive\Pictures\Samsung Gallery\DCIM\Books 2.0\Screenshot_20251019_205350_TikTok.jpg,,Already existed
C:\Users\megha\OneDrive\Pictures\Samsung Gallery\DCIM\Books 2.0\Screenshot_20251019_205422_TikTok.jpg,,Already existed
C:\Users\megha\OneDrive\Pictures\Samsung Gallery\DCIM\Books 2.0\Screenshot_20251019_205434_TikTok.jpg,,Already existed
C:\Users\megha\OneDrive\Pictures\Samsung Gallery\DCIM\Books 2.0\Screenshot_20251019_211735_Facebook.jpg,,Already existed
C:\Users\megha\OneDrive\Pictures\Samsung Gallery\DCIM\Books 2.0\Screenshot_20251019_212840_Facebook.jpg,,Already existed
C:\Users\megha\OneDrive\Pictures\Samsung Gallery\DCIM\Books 2.0\Screenshot_20251028_162830_Facebook.jpg,,Already existed
C:\Users\megha\OneDrive\Pictures\Samsung Gallery\DCIM\Books 2.0\Screenshot_20251028_162833_Facebook.jpg,,Already existed
C:\Users\megha\OneDrive\Pictures\Samsung Gallery\DCIM\Books 2.0\Screenshot_20251028_162836_Facebook.jpg,,Already existed
C:\Users\megha\OneDrive\Pictures\Samsung Gallery\DCIM\Books 2.0\Screenshot_20251028_162838_Facebook.jpg,,Already existed
C:\Users\megha\OneDrive\Pictures\Samsung Gallery\DCIM\Books 2.0\Screenshot_20251028_162840_Facebook.jpg,,Already existed
C:\Users\megha\OneDrive\Pictures\Samsung Gallery\DCIM\Books 2.0\Screenshot_20251028_180346_Facebook.jpg,,Already existed
C:\Users\megha\OneDrive\Pictures\Samsung Gallery\DCIM\Books 2.0\Screenshot_20251028_180347_Facebook.jpg,,Already existed
C:\Users\megha\OneDrive\Pictures\Samsung Gallery\DCIM\Books 2.0\Screenshot_20251028_180349_Facebook.jpg,,Already existed
C:\Users\megha\OneDrive\Pictures\Samsung Gallery\DCIM\Books 2.0\Screenshot_20251028_211718_TikTok.jpg,,Already existed
C:\Users\megha\OneDrive\Pictures\Samsung Gallery\DCIM\Books 2.0\Screenshot_20251028_211727_TikTok.jpg,,Already existed
C:\Users\megha\OneDrive\Pictures\Samsung Gallery\DCIM\Books 2.0\Screenshot_20251028_212002_TikTok.jpg,,Already existed
C:\Users\megha\OneDrive\Pictures\Samsung Gallery\DCIM\Books 2.0\Screenshot_20251028_212007_TikTok.jpg,,Already existed
C:\Users\megha\OneDrive\Pictures\Samsung Gallery\DCIM\Books 2.0\Screenshot_20251028_212013_TikTok.jpg,,Already existed
C:\Users\megha\OneDrive\Pictures\Samsung Gallery\DCIM\Books 2.0\Screenshot_20251031_100343_Facebook.jpg,,Already existed
C:\Users\megha\OneDrive\Pictures\Samsung Gallery\DCIM\Books 2.0\Screenshot_20251031_100346_Facebook.jpg,,Already existed
C:\Users\megha\OneDrive\Pictures\Samsung Gallery\DCIM\Books 2.0\Screenshot_20251031_100350_Facebook.jpg,,Already existed
C:\Users\megha\OneDrive\Pictures\Samsung Gallery\DCIM\Books 2.0\Screenshot_20251102_103204_Facebook.jpg,,Already existed
C:\Users\megha\OneDrive\Pictures\Samsung Gallery\DCIM\Books 2.0\Screenshot_20251105_201301_TikTok.jpg,,Already existed
C:\Users\megha\OneDrive\Pictures\Samsung Gallery\DCIM\Books 2.0\Screenshot_20251106_202231_TikTok.jpg,,Already existed
C:\Users\megha\OneDrive\Pictures\Samsung Gallery\DCIM\Books 2.0\Screenshot_20251106_202234_TikTok.jpg,,Already existed
C:\Users\megha\OneDrive\Pictures\Samsung Gallery\DCIM\Books 2.0\Screenshot_20251106_202238_TikTok.jpg,,Already existed
C:\Users\megha\OneDrive\Pictures\Samsung Gallery\DCIM\Books 2.0\Screenshot_20251201_205109_TikTok.jpg,,Already existed
C:\Users\megha\OneDrive\Pictures\Samsung Gallery\DCIM\Books 2.0\Screenshot_20251226_135155_Facebook.jpg,,Already existed
C:\Users\megha\OneDrive\Pictures\Samsung Gallery\DCIM\Books 2.0\Screenshot_20251228_193420_TikTok.jpg,,Already existed
C:\Users\megha\OneDrive\Pictures\Samsung Gallery\DCIM\Books 2.0\Screenshot_20251228_193422_TikTok.jpg,,Already existed
C:\Users\megha\OneDrive\Pictures\Samsung Gallery\DCIM\Books 2.0\Screenshot_20251228_193425_TikTok.jpg,,Already existed
C:\Users\megha\OneDrive\Pictures\Samsung Gallery\DCIM\Books 2.0\Screenshot_20251228_193429_TikTok.jpg,,Already existed
C:\Users\megha\OneDrive\Pictures\Samsung Gallery\DCIM\Books 2.0\Screenshot_20251228_193431_TikTok.jpg,,Already existed
C:\Users\megha\OneDrive\Pictures\Samsung Gallery\DCIM\Books 2.0\Screenshot_20251228_193714_TikTok.jpg,,Already existed
C:\Users\megha\OneDrive\Pictures\Samsung Gallery\DCIM\Books 2.0\Screenshot_20251228_193724_TikTok.jpg,,Already existed
C:\Users\megha\OneDrive\Pictures\Samsung Gallery\DCIM\Books 2.0\Screenshot_20251228_193744_TikTok.jpg,,Already existed
C:\Users\megha\OneDrive\Pictures\Samsung Gallery\DCIM\Books 2.0\Screenshot_20251228_193747_TikTok.jpg,,Already existed
C:\Users\megha\OneDrive\Pictures\Samsung Gallery\DCIM\Books 2.0\Screenshot_20251228_193815_TikTok.jpg,,Already existed
C:\Users\megha\OneDrive\Pictures\Samsung Gallery\DCIM\Books 2.0\Screenshot_20260118_184620_TikTok.jpg,,Already existed
C:\Users\megha\OneDrive\Pictures\Samsung Gallery\DCIM\Books 2.0\Screenshot_20260118_184623_TikTok.jpg,,Already existed
C:\Users\megha\OneDrive\Pictures\Samsung Gallery\DCIM\Books 2.0\Screenshot_20260118_184627_TikTok.jpg,,Already existed
C:\Users\megha\OneDrive\Pictures\Samsung Gallery\DCIM\Books 2.0\Screenshot_20260118_184632_TikTok.jpg,,Already existed
C:\Users\megha\OneDrive\Pictures\Samsung Gallery\DCIM\Books 2.0\Screenshot_20260118_184636_TikTok.jpg,,Already existed
C:\Users\megha\OneDrive\Pictures\Samsung Gallery\DCIM\Books 2.0\Screenshot_20260118_184640_TikTok.jpg,,Already existed
C:\Users\megha\OneDrive\Pictures\Samsung Gallery\DCIM\Books 2.0\Screenshot_20260118_212950_TikTok.jpg,,Already existed
C:\Users\megha\OneDrive\Pictures\Samsung Gallery\DCIM\Books 2.0\Screenshot_20260305_215633_TikTok.jpg,,Already existed
C:\Users\megha\OneDrive\Pictures\Samsung Gallery\DCIM\Books 2.0\Screenshot_20260305_215640_TikTok.jpg,,Already existed
C:\Users\megha\OneDrive\Pictures\Samsung Gallery\DCIM\Books 2.0\Screenshot_20260305_215644_TikTok.jpg,,Already existed
