[20:04:45] StoryGraph To-Read Processor - Log started
[20:04:45] ============================================================
[20:04:45] StoryGraph To-Read Processor
[20:04:45] TEST_LIMIT=0 (no limit)
[20:04:45] TITLE_MATCH_THRESHOLD=0.6
[20:04:45] Excel: C:\Users\megha\OneDrive\Documents\Reading\books_output.xlsx
[20:04:45] ============================================================
[20:05:13] User confirmed login complete, proceeding...
[20:05:13] 
============================================================
[20:05:13] [1/418] The Dragon Guard: Books 1 thru 3 (The Dragon Guard Mini Series) | Julia Mills, Em Edits, Book Nook Nuts  (owned=YES)
[20:05:13] ============================================================
[20:05:13]     [PROCESS] Trying 4 queries: ['B07JF96GWH', 'The Dragon Guard: Books 1 thru 3 (The Dragon Guard Mini Series) Julia Mills, Em Edits, Book Nook Nuts', 'The Dragon Guard Julia Mills, Em Edits, Book Nook Nuts', 'The Dragon Guard: Books 1 thru 3 (The Dragon Guard Mini Series)']
[20:05:13]     [PROCESS] Query 1/4: 'B07JF96GWH'
[20:05:13]     [SEARCH] Searching for: 'B07JF96GWH'
[20:05:20]     [SEARCH] Search submitted, landed on: https://app.thestorygraph.com/browse?search_term=B07JF96GWH
[20:05:20]     [PICK] Looking for: title='The Dragon Guard: Books 1 thru 3 (The Dragon Guard Mini Series)', author='Julia Mills, Em Edits, Book Nook Nuts'
[20:05:20]     [PICK] Author last names to match: ['mills', 'edits', 'nuts']
[20:05:20]     [PICK] Current URL: https://app.thestorygraph.com/browse?search_term=B07JF96GWH
[20:05:20]     [PICK] Selector 'a[href*="/books/"]': 1 candidates found
[20:05:20]     [PICK] [0] score=0.196 author_ok=True | 'manually add a book to our database' | /books/new
[20:05:20]     [PICK] Selector 'main a[href*="/books/"]': 1 candidates found
[20:05:20]     [PICK] [0] score=0.196 author_ok=True | 'manually add a book to our database' | /books/new
[20:05:20]     [PICK] Selector '.book-pane a': 0 candidates found
[20:05:20]     [PICK] Selector '[class*="book"] a': 0 candidates found
[20:05:20]     [PICK] Selector 'a:has-text("The Dragon Guard: Books 1 thru")': 0 candidates found
[20:05:20]     [PICK] Found 2 total candidates
[20:05:20]     [PICK] Top candidates:
[20:05:20]     [PICK]   1. score=0.196 author_ok=True | 'manually add a book to our database'
[20:05:20]     [PICK]   2. score=0.196 author_ok=True | 'manually add a book to our database'
[20:05:20]     [PICK] ✗ No match >= 0.6 found
[20:05:20]     [PICK] Threshold: 0.6, Best score found: 0.000
[20:05:20]     [PROCESS] No result matched, trying next query
[20:05:20]     [PROCESS] Query 2/4: 'The Dragon Guard: Books 1 thru 3 (The Dragon Guard Mini Series) Julia Mills, Em Edits, Book Nook Nuts'
[20:05:20]     [SEARCH] Searching for: 'The Dragon Guard: Books 1 thru 3 (The Dragon Guard Mini Series) Julia Mills, Em Edits, Book Nook Nuts'
[20:05:25]     [SEARCH] Search submitted, landed on: https://app.thestorygraph.com/browse?search_term=The%20Dragon%20Guard:%20Books%201%20thru%203%20(The%20Dragon%20Guard%20Mini%20Series)%20Julia%20Mills,%20Em%20Edits,%20Book%20Nook%20Nuts
[20:05:25]     [PICK] Looking for: title='The Dragon Guard: Books 1 thru 3 (The Dragon Guard Mini Series)', author='Julia Mills, Em Edits, Book Nook Nuts'
[20:05:25]     [PICK] Author last names to match: ['mills', 'edits', 'nuts']
[20:05:25]     [PICK] Current URL: https://app.thestorygraph.com/browse?search_term=The%20Dragon%20Guard:%20Books%201%20thru%203%20(The%20Dragon%20Guard%20Mini%20Series)%20Julia%20Mills,%20Em%20Edits,%20Book%20Nook%20Nuts
[20:05:25]     [PICK] Selector 'a[href*="/books/"]': 1 candidates found
[20:05:25]     [PICK] [0] score=0.196 author_ok=True | 'manually add a book to our database' | /books/new
[20:05:25]     [PICK] Selector 'main a[href*="/books/"]': 1 candidates found
[20:05:25]     [PICK] [0] score=0.196 author_ok=True | 'manually add a book to our database' | /books/new
[20:05:25]     [PICK] Selector '.book-pane a': 0 candidates found
[20:05:25]     [PICK] Selector '[class*="book"] a': 0 candidates found
[20:05:25]     [PICK] Selector 'a:has-text("The Dragon Guard: Books 1 thru")': 0 candidates found
[20:05:25]     [PICK] Found 2 total candidates
[20:05:25]     [PICK] Top candidates:
[20:05:25]     [PICK]   1. score=0.196 author_ok=True | 'manually add a book to our database'
[20:05:25]     [PICK]   2. score=0.196 author_ok=True | 'manually add a book to our database'
[20:05:25]     [PICK] ✗ No match >= 0.6 found
[20:05:25]     [PICK] Threshold: 0.6, Best score found: 0.000
[20:05:25]     [PROCESS] No result matched, trying next query
[20:05:25]     [PROCESS] Query 3/4: 'The Dragon Guard Julia Mills, Em Edits, Book Nook Nuts'
[20:05:25]     [SEARCH] Searching for: 'The Dragon Guard Julia Mills, Em Edits, Book Nook Nuts'
[20:05:31]     [SEARCH] Search submitted, landed on: https://app.thestorygraph.com/browse?search_term=The%20Dragon%20Guard%20Julia%20Mills,%20Em%20Edits,%20Book%20Nook%20Nuts
[20:05:31]     [PICK] Looking for: title='The Dragon Guard: Books 1 thru 3 (The Dragon Guard Mini Series)', author='Julia Mills, Em Edits, Book Nook Nuts'
[20:05:31]     [PICK] Author last names to match: ['mills', 'edits', 'nuts']
[20:05:31]     [PICK] Current URL: https://app.thestorygraph.com/browse?search_term=The%20Dragon%20Guard%20Julia%20Mills,%20Em%20Edits,%20Book%20Nook%20Nuts
[20:05:31]     [PICK] Selector 'a[href*="/books/"]': 1 candidates found
[20:05:31]     [PICK] [0] score=0.196 author_ok=True | 'manually add a book to our database' | /books/new
[20:05:31]     [PICK] Selector 'main a[href*="/books/"]': 1 candidates found
[20:05:31]     [PICK] [0] score=0.196 author_ok=True | 'manually add a book to our database' | /books/new
[20:05:31]     [PICK] Selector '.book-pane a': 0 candidates found
[20:05:31]     [PICK] Selector '[class*="book"] a': 0 candidates found
[20:05:31]     [PICK] Selector 'a:has-text("The Dragon Guard: Books 1 thru")': 0 candidates found
[20:05:31]     [PICK] Found 2 total candidates
[20:05:31]     [PICK] Top candidates:
[20:05:31]     [PICK]   1. score=0.196 author_ok=True | 'manually add a book to our database'
[20:05:31]     [PICK]   2. score=0.196 author_ok=True | 'manually add a book to our database'
[20:05:31]     [PICK] ✗ No match >= 0.6 found
[20:05:31]     [PICK] Threshold: 0.6, Best score found: 0.000
[20:05:31]     [PROCESS] No result matched, trying next query
[20:05:31]     [PROCESS] Query 4/4: 'The Dragon Guard: Books 1 thru 3 (The Dragon Guard Mini Series)'
[20:05:31]     [SEARCH] Searching for: 'The Dragon Guard: Books 1 thru 3 (The Dragon Guard Mini Series)'
[20:05:36]     [SEARCH] Search submitted, landed on: https://app.thestorygraph.com/browse?search_term=The%20Dragon%20Guard:%20Books%201%20thru%203%20(The%20Dragon%20Guard%20Mini%20Series)
[20:05:36]     [PICK] Looking for: title='The Dragon Guard: Books 1 thru 3 (The Dragon Guard Mini Series)', author='Julia Mills, Em Edits, Book Nook Nuts'
[20:05:36]     [PICK] Author last names to match: ['mills', 'edits', 'nuts']
[20:05:36]     [PICK] Current URL: https://app.thestorygraph.com/browse?search_term=The%20Dragon%20Guard:%20Books%201%20thru%203%20(The%20Dragon%20Guard%20Mini%20Series)
[20:05:36]     [PICK] Selector 'a[href*="/books/"]': 1 candidates found
[20:05:36]     [PICK] [0] score=0.196 author_ok=True | 'manually add a book to our database' | /books/new
[20:05:36]     [PICK] Selector 'main a[href*="/books/"]': 1 candidates found
[20:05:36]     [PICK] [0] score=0.196 author_ok=True | 'manually add a book to our database' | /books/new
[20:05:36]     [PICK] Selector '.book-pane a': 0 candidates found
[20:05:36]     [PICK] Selector '[class*="book"] a': 0 candidates found
[20:05:36]     [PICK] Selector 'a:has-text("The Dragon Guard: Books 1 thru")': 0 candidates found
[20:05:36]     [PICK] Found 2 total candidates
[20:05:36]     [PICK] Top candidates:
[20:05:36]     [PICK]   1. score=0.196 author_ok=True | 'manually add a book to our database'
[20:05:36]     [PICK]   2. score=0.196 author_ok=True | 'manually add a book to our database'
[20:05:36]     [PICK] ✗ No match >= 0.6 found
[20:05:36]     [PICK] Threshold: 0.6, Best score found: 0.000
[20:05:36]     [PROCESS] No result matched, trying next query
[20:05:36]     [PROCESS] ✗ Not found after 4 queries
[20:05:36]  -> Not Found: No matching StoryGraph result after trying all queries
[20:05:45] 
============================================================
[20:05:45] [2/418] Auryn's Bears (Steamy Fairytale Fated Mates Book 6) | Nika Sams  (owned=YES)
[20:05:45] ============================================================
[20:05:45]     [PROCESS] Trying 3 queries: ['B0D9HF2444', "Auryn's Bears (Steamy Fairytale Fated Mates Book 6) Nika Sams", "Auryn's Bears (Steamy Fairytale Fated Mates Book 6)"]
[20:05:45]     [PROCESS] Query 1/3: 'B0D9HF2444'
[20:05:45]     [SEARCH] Searching for: 'B0D9HF2444'
[20:05:51]     [SEARCH] Search submitted, landed on: https://app.thestorygraph.com/browse?search_term=B0D9HF2444
[20:05:51]     [PICK] Looking for: title="Auryn's Bears (Steamy Fairytale Fated Mates Book 6)", author='Nika Sams'
[20:05:51]     [PICK] Author last names to match: ['sams']
[20:05:51]     [PICK] Current URL: https://app.thestorygraph.com/browse?search_term=B0D9HF2444
[20:05:51]     [PICK] Selector 'a[href*="/books/"]': 1 candidates found
[20:05:51]     [PICK] [0] score=0.250 author_ok=True | 'manually add a book to our database' | /books/new
[20:05:51]     [PICK] Selector 'main a[href*="/books/"]': 1 candidates found
[20:05:51]     [PICK] [0] score=0.250 author_ok=True | 'manually add a book to our database' | /books/new
[20:05:51]     [PICK] Selector '.book-pane a': 0 candidates found
[20:05:51]     [PICK] Selector '[class*="book"] a': 0 candidates found
[20:05:51]     [PICK] Selector 'a:has-text("Auryn's Bears (Steamy Fairytal")': 0 candidates found
[20:05:51]     [PICK] Found 2 total candidates
[20:05:51]     [PICK] Top candidates:
[20:05:51]     [PICK]   1. score=0.250 author_ok=True | 'manually add a book to our database'
[20:05:51]     [PICK]   2. score=0.250 author_ok=True | 'manually add a book to our database'
[20:05:51]     [PICK] ✗ No match >= 0.6 found
[20:05:51]     [PICK] Threshold: 0.6, Best score found: 0.000
[20:05:51]     [PROCESS] No result matched, trying next query
[20:05:51]     [PROCESS] Query 2/3: "Auryn's Bears (Steamy Fairytale Fated Mates Book 6) Nika Sams"
[20:05:51]     [SEARCH] Searching for: "Auryn's Bears (Steamy Fairytale Fated Mates Book 6) Nika Sams"
[20:05:57]     [SEARCH] Search submitted, landed on: https://app.thestorygraph.com/browse?search_term=Auryn%27s%20Bears%20(Steamy%20Fairytale%20Fated%20Mates%20Book%206)%20Nika%20Sams
[20:05:57]     [PICK] Looking for: title="Auryn's Bears (Steamy Fairytale Fated Mates Book 6)", author='Nika Sams'
[20:05:57]     [PICK] Author last names to match: ['sams']
[20:05:57]     [PICK] Current URL: https://app.thestorygraph.com/browse?search_term=Auryn%27s%20Bears%20(Steamy%20Fairytale%20Fated%20Mates%20Book%206)%20Nika%20Sams
[20:05:57]     [PICK] Selector 'a[href*="/books/"]': 1 candidates found
[20:05:57]     [PICK] [0] score=0.250 author_ok=True | 'manually add a book to our database' | /books/new
[20:05:57]     [PICK] Selector 'main a[href*="/books/"]': 1 candidates found
[20:05:57]     [PICK] [0] score=0.250 author_ok=True | 'manually add a book to our database' | /books/new
[20:05:57]     [PICK] Selector '.book-pane a': 0 candidates found
[20:05:57]     [PICK] Selector '[class*="book"] a': 0 candidates found
[20:05:57]     [PICK] Selector 'a:has-text("Auryn's Bears (Steamy Fairytal")': 0 candidates found
[20:05:57]     [PICK] Found 2 total candidates
[20:05:57]     [PICK] Top candidates:
[20:05:57]     [PICK]   1. score=0.250 author_ok=True | 'manually add a book to our database'
[20:05:57]     [PICK]   2. score=0.250 author_ok=True | 'manually add a book to our database'
[20:05:57]     [PICK] ✗ No match >= 0.6 found
[20:05:57]     [PICK] Threshold: 0.6, Best score found: 0.000
[20:05:57]     [PROCESS] No result matched, trying next query
[20:05:57]     [PROCESS] Query 3/3: "Auryn's Bears (Steamy Fairytale Fated Mates Book 6)"
[20:05:57]     [SEARCH] Searching for: "Auryn's Bears (Steamy Fairytale Fated Mates Book 6)"
[20:06:02]     [SEARCH] Search submitted, landed on: https://app.thestorygraph.com/browse?search_term=Auryn%27s%20Bears%20(Steamy%20Fairytale%20Fated%20Mates%20Book%206)
[20:06:02]     [PICK] Looking for: title="Auryn's Bears (Steamy Fairytale Fated Mates Book 6)", author='Nika Sams'
[20:06:02]     [PICK] Author last names to match: ['sams']
[20:06:02]     [PICK] Current URL: https://app.thestorygraph.com/browse?search_term=Auryn%27s%20Bears%20(Steamy%20Fairytale%20Fated%20Mates%20Book%206)
[20:06:02]     [PICK] Selector 'a[href*="/books/"]': 1 candidates found
[20:06:02]     [PICK] [0] score=0.250 author_ok=True | 'manually add a book to our database' | /books/new
[20:06:02]     [PICK] Selector 'main a[href*="/books/"]': 1 candidates found
[20:06:02]     [PICK] [0] score=0.250 author_ok=True | 'manually add a book to our database' | /books/new
[20:06:02]     [PICK] Selector '.book-pane a': 0 candidates found
[20:06:02]     [PICK] Selector '[class*="book"] a': 0 candidates found
[20:06:02]     [PICK] Selector 'a:has-text("Auryn's Bears (Steamy Fairytal")': 0 candidates found
[20:06:02]     [PICK] Found 2 total candidates
[20:06:02]     [PICK] Top candidates:
[20:06:02]     [PICK]   1. score=0.250 author_ok=True | 'manually add a book to our database'
[20:06:02]     [PICK]   2. score=0.250 author_ok=True | 'manually add a book to our database'
[20:06:02]     [PICK] ✗ No match >= 0.6 found
[20:06:02]     [PICK] Threshold: 0.6, Best score found: 0.000
[20:06:02]     [PROCESS] No result matched, trying next query
[20:06:02]     [PROCESS] ✗ Not found after 3 queries
[20:06:02]  -> Not Found: No matching StoryGraph result after trying all queries
[20:06:09] 
============================================================
[20:06:09] [3/418] You Can't Stop Loving Me (Book 1 of Difficult love) | A. W.  (owned=YES)
[20:06:09] ============================================================
[20:06:09]     [PROCESS] Trying 3 queries: ['B0DPRN3MFC', "You Can't Stop Loving Me (Book 1 of Difficult love) A. W.", "You Can't Stop Loving Me (Book 1 of Difficult love)"]
[20:06:09]     [PROCESS] Query 1/3: 'B0DPRN3MFC'
[20:06:09]     [SEARCH] Searching for: 'B0DPRN3MFC'
[20:06:15]     [SEARCH] Search submitted, landed on: https://app.thestorygraph.com/browse?search_term=B0DPRN3MFC
[20:06:15]     [PICK] Looking for: title="You Can't Stop Loving Me (Book 1 of Difficult love)", author='A. W.'
[20:06:15]     [PICK] Author last names to match: ['w.']
[20:06:15]     [PICK] Current URL: https://app.thestorygraph.com/browse?search_term=B0DPRN3MFC
[20:06:15]     [PICK] Selector 'a[href*="/books/"]': 7 candidates found
[20:06:15]     [PICK] [0] score=0.235 author_ok=True | 'Add a book' | /books/new
[20:06:15]     [PICK] [1] score=0.000 author_ok=True | '' | /books/7f6e5e1a-3be1-47b4-a362-c0b987f169bc
[20:06:15]     [PICK] [2] Parent text: "You can't stop loving me"
[20:06:15]     [PICK] [2] Found 0 author links on page
[20:06:15]     [PICK] [2] Sibling text: '  '
[20:06:15]     [PICK] [2] ✗ None of ['w.'] found anywhere
[20:06:15]     [PICK] [2] score=1.000 author_ok=False | "You can't stop loving me" | /books/7f6e5e1a-3be1-47b4-a362-c0b987f169bc
[20:06:15]     [PICK] [3] score=0.121 author_ok=True | '1 edition' | /books/7f6e5e1a-3be1-47b4-a362-c0b987f169bc/editions
[20:06:15]     [PICK] [4] score=0.000 author_ok=True | '' | /books/7f6e5e1a-3be1-47b4-a362-c0b987f169bc
[20:06:15]     [PICK] [5] Parent text: "You can't stop loving me"
[20:06:15]     [PICK] [5] Found 0 author links on page
[20:07:15]     [PICK] [5] ✗ None of ['w.'] found anywhere
[20:07:15]     [PICK] [5] score=1.000 author_ok=False | "You can't stop loving me" | /books/7f6e5e1a-3be1-47b4-a362-c0b987f169bc
[20:07:15]     [PICK] [6] score=0.121 author_ok=True | '1 edition' | /books/7f6e5e1a-3be1-47b4-a362-c0b987f169bc/editions
[20:07:15]     [PICK] Selector 'main a[href*="/books/"]': 7 candidates found
[20:07:15]     [PICK] [0] score=0.235 author_ok=True | 'Add a book' | /books/new
[20:07:15]     [PICK] [1] score=0.000 author_ok=True | '' | /books/7f6e5e1a-3be1-47b4-a362-c0b987f169bc
[20:07:15]     [PICK] [2] Parent text: "You can't stop loving me"
[20:07:15]     [PICK] [2] Found 0 author links on page
[20:07:15]     [PICK] [2] Sibling text: '  '
[20:07:15]     [PICK] [2] ✗ None of ['w.'] found anywhere
[20:07:15]     [PICK] [2] score=1.000 author_ok=False | "You can't stop loving me" | /books/7f6e5e1a-3be1-47b4-a362-c0b987f169bc
[20:07:15]     [PICK] [3] score=0.121 author_ok=True | '1 edition' | /books/7f6e5e1a-3be1-47b4-a362-c0b987f169bc/editions
[20:07:15]     [PICK] [4] score=0.000 author_ok=True | '' | /books/7f6e5e1a-3be1-47b4-a362-c0b987f169bc
[20:07:16]     [PICK] [5] Parent text: "You can't stop loving me"
[20:07:16]     [PICK] [5] Found 0 author links on page
[20:08:16]     [PICK] [5] ✗ None of ['w.'] found anywhere
[20:08:16]     [PICK] [5] score=1.000 author_ok=False | "You can't stop loving me" | /books/7f6e5e1a-3be1-47b4-a362-c0b987f169bc
[20:08:16]     [PICK] [6] score=0.121 author_ok=True | '1 edition' | /books/7f6e5e1a-3be1-47b4-a362-c0b987f169bc/editions
[20:08:16]     [PICK] Selector '.book-pane a': 12 candidates found
[20:08:16]     [PICK] [0] score=0.000 author_ok=True | '' | /books/7f6e5e1a-3be1-47b4-a362-c0b987f169bc
[20:08:16]     [PICK] [3] Parent text: "You can't stop loving me"
[20:08:16]     [PICK] [3] Found 0 author links on page
[20:08:16]     [PICK] [3] Sibling text: '  '
[20:08:16]     [PICK] [3] ✗ None of ['w.'] found anywhere
[20:08:16]     [PICK] [3] score=1.000 author_ok=False | "You can't stop loving me" | /books/7f6e5e1a-3be1-47b4-a362-c0b987f169bc
[20:08:16]     [PICK] [4] score=0.121 author_ok=True | '1 edition' | /books/7f6e5e1a-3be1-47b4-a362-c0b987f169bc/editions
[20:08:16]     [PICK] [5] score=0.108 author_ok=True | 'mark as owned' | /mark-as-owned-find-a-book?book_id=7f6e5e1a-3be1-47b4-a362-c0b987f169bc
[20:08:16]     [PICK] [6] score=0.000 author_ok=True | '' | /books/7f6e5e1a-3be1-47b4-a362-c0b987f169bc
[20:08:16]     [PICK] [9] Parent text: "You can't stop loving me"
[20:08:16]     [PICK] [9] Found 0 author links on page
[20:09:16]     [PICK] [9] ✗ None of ['w.'] found anywhere
[20:09:16]     [PICK] [9] score=1.000 author_ok=False | "You can't stop loving me" | /books/7f6e5e1a-3be1-47b4-a362-c0b987f169bc
[20:09:16]     [PICK] [10] score=0.121 author_ok=True | '1 edition' | /books/7f6e5e1a-3be1-47b4-a362-c0b987f169bc/editions
[20:09:16]     [PICK] [11] score=0.108 author_ok=True | 'mark as owned' | /mark-as-owned-find-a-book?book_id=7f6e5e1a-3be1-47b4-a362-c0b987f169bc
[20:09:16]     [PICK] Selector '[class*="book"] a': 12 candidates found
[20:09:17]     [PICK] [0] score=0.000 author_ok=True | '' | /books/7f6e5e1a-3be1-47b4-a362-c0b987f169bc
[20:09:17]     [PICK] [3] Parent text: "You can't stop loving me"
[20:09:17]     [PICK] [3] Found 0 author links on page
[20:09:17]     [PICK] [3] Sibling text: '  '
[20:09:17]     [PICK] [3] ✗ None of ['w.'] found anywhere
[20:09:17]     [PICK] [3] score=1.000 author_ok=False | "You can't stop loving me" | /books/7f6e5e1a-3be1-47b4-a362-c0b987f169bc
[20:09:17]     [PICK] [4] score=0.121 author_ok=True | '1 edition' | /books/7f6e5e1a-3be1-47b4-a362-c0b987f169bc/editions
[20:09:17]     [PICK] [5] score=0.108 author_ok=True | 'mark as owned' | /mark-as-owned-find-a-book?book_id=7f6e5e1a-3be1-47b4-a362-c0b987f169bc
[20:09:17]     [PICK] [6] score=0.000 author_ok=True | '' | /books/7f6e5e1a-3be1-47b4-a362-c0b987f169bc
[20:09:17]     [PICK] [9] Parent text: "You can't stop loving me"
[20:09:17]     [PICK] [9] Found 0 author links on page
[20:10:17]     [PICK] [9] ✗ None of ['w.'] found anywhere
[20:10:17]     [PICK] [9] score=1.000 author_ok=False | "You can't stop loving me" | /books/7f6e5e1a-3be1-47b4-a362-c0b987f169bc
[20:10:17]     [PICK] [10] score=0.121 author_ok=True | '1 edition' | /books/7f6e5e1a-3be1-47b4-a362-c0b987f169bc/editions
[20:10:17]     [PICK] [11] score=0.108 author_ok=True | 'mark as owned' | /mark-as-owned-find-a-book?book_id=7f6e5e1a-3be1-47b4-a362-c0b987f169bc
[20:10:17]     [PICK] Selector 'a:has-text("You Can't Stop Loving Me (Book")': 0 candidates found
[20:10:17]     [PICK] Found 30 total candidates
[20:10:17]     [PICK] Top candidates:
[20:10:17]     [PICK]   1. score=1.000 author_ok=False | "You can't stop loving me"
[20:10:17]     [PICK]   2. score=1.000 author_ok=False | "You can't stop loving me"
[20:10:17]     [PICK]   3. score=1.000 author_ok=False | "You can't stop loving me"
[20:10:17]     [PICK]   4. score=1.000 author_ok=False | "You can't stop loving me"
[20:10:17]     [PICK]   5. score=1.000 author_ok=False | "You can't stop loving me"
[20:10:17]     [PICK] ✗ No match >= 0.6 found
[20:10:17]     [PICK] Threshold: 0.6, Best score found: 0.000
[20:10:17]     [PROCESS] No result matched, trying next query
[20:10:17]     [PROCESS] Query 2/3: "You Can't Stop Loving Me (Book 1 of Difficult love) A. W."
[20:10:17]     [SEARCH] Searching for: "You Can't Stop Loving Me (Book 1 of Difficult love) A. W."
[20:10:24]     [SEARCH] Search submitted, landed on: https://app.thestorygraph.com/browse?search_term=You%20Can%27t%20Stop%20Loving%20Me%20(Book%201%20of%20Difficult%20love)%20A.%20W.
[20:10:24]     [PICK] Looking for: title="You Can't Stop Loving Me (Book 1 of Difficult love)", author='A. W.'
[20:10:24]     [PICK] Author last names to match: ['w.']
[20:10:24]     [PICK] Current URL: https://app.thestorygraph.com/browse?search_term=You%20Can%27t%20Stop%20Loving%20Me%20(Book%201%20of%20Difficult%20love)%20A.%20W.
[20:10:24]     [PICK] Selector 'a[href*="/books/"]': 1 candidates found
[20:10:24]     [PICK] [0] score=0.305 author_ok=True | 'manually add a book to our database' | /books/new
[20:10:24]     [PICK] Selector 'main a[href*="/books/"]': 1 candidates found
[20:10:24]     [PICK] [0] score=0.305 author_ok=True | 'manually add a book to our database' | /books/new
[20:10:24]     [PICK] Selector '.book-pane a': 0 candidates found
[20:10:24]     [PICK] Selector '[class*="book"] a': 0 candidates found
[20:10:24]     [PICK] Selector 'a:has-text("You Can't Stop Loving Me (Book")': 0 candidates found
[20:10:24]     [PICK] Found 2 total candidates
[20:10:24]     [PICK] Top candidates:
[20:10:24]     [PICK]   1. score=0.305 author_ok=True | 'manually add a book to our database'
[20:10:24]     [PICK]   2. score=0.305 author_ok=True | 'manually add a book to our database'
[20:10:24]     [PICK] ✗ No match >= 0.6 found
[20:10:24]     [PICK] Threshold: 0.6, Best score found: 0.000
[20:10:24]     [PROCESS] No result matched, trying next query
[20:10:24]     [PROCESS] Query 3/3: "You Can't Stop Loving Me (Book 1 of Difficult love)"
[20:10:24]     [SEARCH] Searching for: "You Can't Stop Loving Me (Book 1 of Difficult love)"
[20:10:30]     [SEARCH] Search submitted, landed on: https://app.thestorygraph.com/browse?search_term=You%20Can%27t%20Stop%20Loving%20Me%20(Book%201%20of%20Difficult%20love)
[20:10:30]     [PICK] Looking for: title="You Can't Stop Loving Me (Book 1 of Difficult love)", author='A. W.'
[20:10:30]     [PICK] Author last names to match: ['w.']
[20:10:30]     [PICK] Current URL: https://app.thestorygraph.com/browse?search_term=You%20Can%27t%20Stop%20Loving%20Me%20(Book%201%20of%20Difficult%20love)
[20:10:30]     [PICK] Selector 'a[href*="/books/"]': 1 candidates found
[20:10:30]     [PICK] [0] score=0.305 author_ok=True | 'manually add a book to our database' | /books/new
[20:10:30]     [PICK] Selector 'main a[href*="/books/"]': 1 candidates found
[20:10:30]     [PICK] [0] score=0.305 author_ok=True | 'manually add a book to our database' | /books/new
[20:10:30]     [PICK] Selector '.book-pane a': 0 candidates found
[20:10:30]     [PICK] Selector '[class*="book"] a': 0 candidates found
[20:10:30]     [PICK] Selector 'a:has-text("You Can't Stop Loving Me (Book")': 0 candidates found
[20:10:30]     [PICK] Found 2 total candidates
[20:10:30]     [PICK] Top candidates:
[20:10:30]     [PICK]   1. score=0.305 author_ok=True | 'manually add a book to our database'
[20:10:30]     [PICK]   2. score=0.305 author_ok=True | 'manually add a book to our database'
[20:10:30]     [PICK] ✗ No match >= 0.6 found
[20:10:30]     [PICK] Threshold: 0.6, Best score found: 0.000
[20:10:30]     [PROCESS] No result matched, trying next query
[20:10:30]     [PROCESS] ✗ Not found after 3 queries
[20:10:30]  -> Not Found: No matching StoryGraph result after trying all queries
[20:10:37] 
============================================================
[20:10:37] [4/418] Booker: Bluff Creek Brotherhood MC: Nomads | Nat Logan, Shelby Limon  (owned=YES)
[20:10:37] ============================================================
[20:10:37]     [PROCESS] Trying 4 queries: ['B0DL7S1H2V', 'Booker: Bluff Creek Brotherhood MC: Nomads Nat Logan, Shelby Limon', 'Booker Nat Logan, Shelby Limon', 'Booker: Bluff Creek Brotherhood MC: Nomads']
[20:10:37]     [PROCESS] Query 1/4: 'B0DL7S1H2V'
[20:10:37]     [SEARCH] Searching for: 'B0DL7S1H2V'
[20:10:43]     [SEARCH] Search submitted, landed on: https://app.thestorygraph.com/browse?search_term=B0DL7S1H2V
[20:10:43]     [PICK] Looking for: title='Booker: Bluff Creek Brotherhood MC: Nomads', author='Nat Logan, Shelby Limon'
[20:10:43]     [PICK] Author last names to match: ['logan', 'limon']
[20:10:43]     [PICK] Current URL: https://app.thestorygraph.com/browse?search_term=B0DL7S1H2V
[20:10:43]     [PICK] Selector 'a[href*="/books/"]': 1 candidates found
[20:10:43]     [PICK] [0] score=0.244 author_ok=True | 'manually add a book to our database' | /books/new
[20:10:43]     [PICK] Selector 'main a[href*="/books/"]': 1 candidates found
[20:10:43]     [PICK] [0] score=0.244 author_ok=True | 'manually add a book to our database' | /books/new
[20:10:43]     [PICK] Selector '.book-pane a': 0 candidates found
[20:10:43]     [PICK] Selector '[class*="book"] a': 0 candidates found
[20:10:43]     [PICK] Selector 'a:has-text("Booker: Bluff Creek Brotherhoo")': 0 candidates found
[20:10:43]     [PICK] Found 2 total candidates
[20:10:43]     [PICK] Top candidates:
[20:10:43]     [PICK]   1. score=0.244 author_ok=True | 'manually add a book to our database'
[20:10:43]     [PICK]   2. score=0.244 author_ok=True | 'manually add a book to our database'
[20:10:43]     [PICK] ✗ No match >= 0.6 found
[20:10:43]     [PICK] Threshold: 0.6, Best score found: 0.000
[20:10:43]     [PROCESS] No result matched, trying next query
[20:10:43]     [PROCESS] Query 2/4: 'Booker: Bluff Creek Brotherhood MC: Nomads Nat Logan, Shelby Limon'
[20:10:43]     [SEARCH] Searching for: 'Booker: Bluff Creek Brotherhood MC: Nomads Nat Logan, Shelby Limon'
[20:10:48]     [SEARCH] Search submitted, landed on: https://app.thestorygraph.com/browse?search_term=Booker:%20Bluff%20Creek%20Brotherhood%20MC:%20Nomads%20Nat%20Logan,%20Shelby%20Limon
[20:10:48]     [PICK] Looking for: title='Booker: Bluff Creek Brotherhood MC: Nomads', author='Nat Logan, Shelby Limon'
[20:10:48]     [PICK] Author last names to match: ['logan', 'limon']
[20:10:48]     [PICK] Current URL: https://app.thestorygraph.com/browse?search_term=Booker:%20Bluff%20Creek%20Brotherhood%20MC:%20Nomads%20Nat%20Logan,%20Shelby%20Limon
[20:10:48]     [PICK] Selector 'a[href*="/books/"]': 1 candidates found
[20:10:48]     [PICK] [0] score=0.244 author_ok=True | 'manually add a book to our database' | /books/new
[20:10:48]     [PICK] Selector 'main a[href*="/books/"]': 1 candidates found
[20:10:48]     [PICK] [0] score=0.244 author_ok=True | 'manually add a book to our database' | /books/new
[20:10:48]     [PICK] Selector '.book-pane a': 0 candidates found
[20:10:48]     [PICK] Selector '[class*="book"] a': 0 candidates found
[20:10:48]     [PICK] Selector 'a:has-text("Booker: Bluff Creek Brotherhoo")': 0 candidates found
[20:10:48]     [PICK] Found 2 total candidates
[20:10:48]     [PICK] Top candidates:
[20:10:48]     [PICK]   1. score=0.244 author_ok=True | 'manually add a book to our database'
[20:10:48]     [PICK]   2. score=0.244 author_ok=True | 'manually add a book to our database'
[20:10:48]     [PICK] ✗ No match >= 0.6 found
[20:10:48]     [PICK] Threshold: 0.6, Best score found: 0.000
[20:10:48]     [PROCESS] No result matched, trying next query
[20:10:48]     [PROCESS] Query 3/4: 'Booker Nat Logan, Shelby Limon'
[20:10:48]     [SEARCH] Searching for: 'Booker Nat Logan, Shelby Limon'
[20:10:54]     [SEARCH] Search submitted, landed on: https://app.thestorygraph.com/browse?search_term=Booker%20Nat%20Logan,%20Shelby%20Limon
[20:10:54]     [PICK] Looking for: title='Booker: Bluff Creek Brotherhood MC: Nomads', author='Nat Logan, Shelby Limon'
[20:10:54]     [PICK] Author last names to match: ['logan', 'limon']
[20:10:54]     [PICK] Current URL: https://app.thestorygraph.com/browse?search_term=Booker%20Nat%20Logan,%20Shelby%20Limon
[20:10:54]     [PICK] Selector 'a[href*="/books/"]': 1 candidates found
[20:10:54]     [PICK] [0] score=0.244 author_ok=True | 'manually add a book to our database' | /books/new
[20:10:54]     [PICK] Selector 'main a[href*="/books/"]': 1 candidates found
[20:10:54]     [PICK] [0] score=0.244 author_ok=True | 'manually add a book to our database' | /books/new
[20:10:54]     [PICK] Selector '.book-pane a': 0 candidates found
[20:10:54]     [PICK] Selector '[class*="book"] a': 0 candidates found
[20:10:54]     [PICK] Selector 'a:has-text("Booker: Bluff Creek Brotherhoo")': 0 candidates found
[20:10:54]     [PICK] Found 2 total candidates
[20:10:54]     [PICK] Top candidates:
[20:10:54]     [PICK]   1. score=0.244 author_ok=True | 'manually add a book to our database'
[20:10:54]     [PICK]   2. score=0.244 author_ok=True | 'manually add a book to our database'
[20:10:54]     [PICK] ✗ No match >= 0.6 found
[20:10:54]     [PICK] Threshold: 0.6, Best score found: 0.000
[20:10:54]     [PROCESS] No result matched, trying next query
[20:10:54]     [PROCESS] Query 4/4: 'Booker: Bluff Creek Brotherhood MC: Nomads'
[20:10:54]     [SEARCH] Searching for: 'Booker: Bluff Creek Brotherhood MC: Nomads'
[20:10:59]     [SEARCH] Search submitted, landed on: https://app.thestorygraph.com/browse?search_term=Booker:%20Bluff%20Creek%20Brotherhood%20MC:%20Nomads
[20:10:59]     [PICK] Looking for: title='Booker: Bluff Creek Brotherhood MC: Nomads', author='Nat Logan, Shelby Limon'
[20:10:59]     [PICK] Author last names to match: ['logan', 'limon']
[20:10:59]     [PICK] Current URL: https://app.thestorygraph.com/browse?search_term=Booker:%20Bluff%20Creek%20Brotherhood%20MC:%20Nomads
[20:10:59]     [PICK] Selector 'a[href*="/books/"]': 7 candidates found
[20:10:59]     [PICK] [0] Parent text: "Search results for 'Booker: Bluff Creek Brotherhood MC: Nomads'\nAdd a book"
[20:10:59]     [PICK] [0] Found 2 author links on page
[20:10:59]     [PICK] [0] ✓ Author 'logan' found in link: 'Nat Logan'
[20:10:59]     [PICK] [0] score=0.500 author_ok=True | 'Add a book' | /books/new
[20:10:59]     [PICK] [1] score=0.000 author_ok=True | '' | /books/85bba1c4-5669-4bd1-ab7d-c52efd4b3f6b
[20:10:59]     [PICK] [2] Parent text: 'Booker: Bluff Creek Brotherhood MC: Nomads\n\nNat Logan'
[20:10:59]     [PICK] [2] ✓ Author 'logan' found in parent
[20:11:00]     [PICK] [2] score=1.000 author_ok=True | 'Booker: Bluff Creek Brotherhood MC: Nomads' | /books/85bba1c4-5669-4bd1-ab7d-c52efd4b3f6b
[20:11:00]     [PICK] [3] score=0.133 author_ok=True | '1 edition' | /books/85bba1c4-5669-4bd1-ab7d-c52efd4b3f6b/editions
[20:11:00]     [PICK] [4] score=0.000 author_ok=True | '' | /books/85bba1c4-5669-4bd1-ab7d-c52efd4b3f6b
[20:11:00]     [PICK] [5] Parent text: 'Booker: Bluff Creek Brotherhood MC: Nomads'
[20:11:00]     [PICK] [5] Found 2 author links on page
[20:11:00]     [PICK] [5] ✓ Author 'logan' found in link: 'Nat Logan'
[20:11:00]     [PICK] [5] score=1.000 author_ok=True | 'Booker: Bluff Creek Brotherhood MC: Nomads' | /books/85bba1c4-5669-4bd1-ab7d-c52efd4b3f6b
[20:11:00]     [PICK] [6] score=0.133 author_ok=True | '1 edition' | /books/85bba1c4-5669-4bd1-ab7d-c52efd4b3f6b/editions
[20:11:00]     [PICK] Selector 'main a[href*="/books/"]': 7 candidates found
[20:11:00]     [PICK] [0] Parent text: "Search results for 'Booker: Bluff Creek Brotherhood MC: Nomads'\nAdd a book"
[20:11:00]     [PICK] [0] Found 2 author links on page
[20:11:00]     [PICK] [0] ✓ Author 'logan' found in link: 'Nat Logan'
[20:11:00]     [PICK] [0] score=0.500 author_ok=True | 'Add a book' | /books/new
[20:11:00]     [PICK] [1] score=0.000 author_ok=True | '' | /books/85bba1c4-5669-4bd1-ab7d-c52efd4b3f6b
[20:11:00]     [PICK] [2] Parent text: 'Booker: Bluff Creek Brotherhood MC: Nomads\n\nNat Logan'
[20:11:00]     [PICK] [2] ✓ Author 'logan' found in parent
[20:11:00]     [PICK] [2] score=1.000 author_ok=True | 'Booker: Bluff Creek Brotherhood MC: Nomads' | /books/85bba1c4-5669-4bd1-ab7d-c52efd4b3f6b
[20:11:00]     [PICK] [3] score=0.133 author_ok=True | '1 edition' | /books/85bba1c4-5669-4bd1-ab7d-c52efd4b3f6b/editions
[20:11:00]     [PICK] [4] score=0.000 author_ok=True | '' | /books/85bba1c4-5669-4bd1-ab7d-c52efd4b3f6b
[20:11:00]     [PICK] [5] Parent text: 'Booker: Bluff Creek Brotherhood MC: Nomads'
[20:11:00]     [PICK] [5] Found 2 author links on page
[20:11:00]     [PICK] [5] ✓ Author 'logan' found in link: 'Nat Logan'
[20:11:00]     [PICK] [5] score=1.000 author_ok=True | 'Booker: Bluff Creek Brotherhood MC: Nomads' | /books/85bba1c4-5669-4bd1-ab7d-c52efd4b3f6b
[20:11:00]     [PICK] [6] score=0.133 author_ok=True | '1 edition' | /books/85bba1c4-5669-4bd1-ab7d-c52efd4b3f6b/editions
[20:11:00]     [PICK] Selector '.book-pane a': 12 candidates found
[20:11:00]     [PICK] [0] score=0.000 author_ok=True | '' | /books/85bba1c4-5669-4bd1-ab7d-c52efd4b3f6b
[20:11:00]     [PICK] [2] Parent text: 'Booker: Bluff Creek Brotherhood MC: Nomads\n\nNat Logan'
[20:11:00]     [PICK] [2] ✓ Author 'logan' found in parent
[20:11:00]     [PICK] [2] score=1.000 author_ok=True | 'Booker: Bluff Creek Brotherhood MC: Nomads' | /books/85bba1c4-5669-4bd1-ab7d-c52efd4b3f6b
[20:11:00]     [PICK] [4] score=0.133 author_ok=True | '1 edition' | /books/85bba1c4-5669-4bd1-ab7d-c52efd4b3f6b/editions
[20:11:00]     [PICK] [5] score=0.105 author_ok=True | 'mark as owned' | /mark-as-owned-find-a-book?book_id=85bba1c4-5669-4bd1-ab7d-c52efd4b3f6b
[20:11:01]     [PICK] [6] score=0.000 author_ok=True | '' | /books/85bba1c4-5669-4bd1-ab7d-c52efd4b3f6b
[20:11:01]     [PICK] [8] Parent text: 'Booker: Bluff Creek Brotherhood MC: Nomads'
[20:11:01]     [PICK] [8] Found 2 author links on page
[20:11:01]     [PICK] [8] ✓ Author 'logan' found in link: 'Nat Logan'
[20:11:01]     [PICK] [8] score=1.000 author_ok=True | 'Booker: Bluff Creek Brotherhood MC: Nomads' | /books/85bba1c4-5669-4bd1-ab7d-c52efd4b3f6b
[20:11:01]     [PICK] [10] score=0.133 author_ok=True | '1 edition' | /books/85bba1c4-5669-4bd1-ab7d-c52efd4b3f6b/editions
[20:11:01]     [PICK] [11] score=0.105 author_ok=True | 'mark as owned' | /mark-as-owned-find-a-book?book_id=85bba1c4-5669-4bd1-ab7d-c52efd4b3f6b
[20:11:01]     [PICK] Selector '[class*="book"] a': 12 candidates found
[20:11:01]     [PICK] [0] score=0.000 author_ok=True | '' | /books/85bba1c4-5669-4bd1-ab7d-c52efd4b3f6b
[20:11:01]     [PICK] [2] Parent text: 'Booker: Bluff Creek Brotherhood MC: Nomads\n\nNat Logan'
[20:11:01]     [PICK] [2] ✓ Author 'logan' found in parent
[20:11:01]     [PICK] [2] score=1.000 author_ok=True | 'Booker: Bluff Creek Brotherhood MC: Nomads' | /books/85bba1c4-5669-4bd1-ab7d-c52efd4b3f6b
[20:11:01]     [PICK] [4] score=0.133 author_ok=True | '1 edition' | /books/85bba1c4-5669-4bd1-ab7d-c52efd4b3f6b/editions
[20:11:01]     [PICK] [5] score=0.105 author_ok=True | 'mark as owned' | /mark-as-owned-find-a-book?book_id=85bba1c4-5669-4bd1-ab7d-c52efd4b3f6b
[20:11:01]     [PICK] [6] score=0.000 author_ok=True | '' | /books/85bba1c4-5669-4bd1-ab7d-c52efd4b3f6b
[20:11:01]     [PICK] [8] Parent text: 'Booker: Bluff Creek Brotherhood MC: Nomads'
[20:11:01]     [PICK] [8] Found 2 author links on page
[20:11:01]     [PICK] [8] ✓ Author 'logan' found in link: 'Nat Logan'
[20:11:01]     [PICK] [8] score=1.000 author_ok=True | 'Booker: Bluff Creek Brotherhood MC: Nomads' | /books/85bba1c4-5669-4bd1-ab7d-c52efd4b3f6b
[20:11:01]     [PICK] [10] score=0.133 author_ok=True | '1 edition' | /books/85bba1c4-5669-4bd1-ab7d-c52efd4b3f6b/editions
[20:11:01]     [PICK] [11] score=0.105 author_ok=True | 'mark as owned' | /mark-as-owned-find-a-book?book_id=85bba1c4-5669-4bd1-ab7d-c52efd4b3f6b
[20:11:01]     [PICK] Selector 'a:has-text("Booker: Bluff Creek Brotherhoo")': 2 candidates found
[20:11:01]     [PICK] [0] Parent text: 'Booker: Bluff Creek Brotherhood MC: Nomads\n\nNat Logan'
[20:11:01]     [PICK] [0] ✓ Author 'logan' found in parent
[20:11:01]     [PICK] [0] score=1.000 author_ok=True | 'Booker: Bluff Creek Brotherhood MC: Nomads' | /books/85bba1c4-5669-4bd1-ab7d-c52efd4b3f6b
[20:11:01]     [PICK] [1] Parent text: 'Booker: Bluff Creek Brotherhood MC: Nomads'
[20:11:01]     [PICK] [1] Found 2 author links on page
[20:11:01]     [PICK] [1] ✓ Author 'logan' found in link: 'Nat Logan'
[20:11:01]     [PICK] [1] score=1.000 author_ok=True | 'Booker: Bluff Creek Brotherhood MC: Nomads' | /books/85bba1c4-5669-4bd1-ab7d-c52efd4b3f6b
[20:11:01]     [PICK] Found 32 total candidates
[20:11:01]     [PICK] Top candidates:
[20:11:01]     [PICK]   1. score=1.000 author_ok=True | 'Booker: Bluff Creek Brotherhood MC: Nomads'
[20:11:01]     [PICK]   2. score=1.000 author_ok=True | 'Booker: Bluff Creek Brotherhood MC: Nomads'
[20:11:01]     [PICK]   3. score=1.000 author_ok=True | 'Booker: Bluff Creek Brotherhood MC: Nomads'
[20:11:01]     [PICK]   4. score=1.000 author_ok=True | 'Booker: Bluff Creek Brotherhood MC: Nomads'
[20:11:01]     [PICK]   5. score=1.000 author_ok=True | 'Booker: Bluff Creek Brotherhood MC: Nomads'
[20:11:01]     [PICK] ✓ Best match (score=1.000): 'Booker: Bluff Creek Brotherhood MC: Nomads'
[20:11:01]     [PICK] Clicking: /books/85bba1c4-5669-4bd1-ab7d-c52efd4b3f6b
[20:11:04]     [PICK] ✓ Landed on: https://app.thestorygraph.com/books/85bba1c4-5669-4bd1-ab7d-c52efd4b3f6b
[20:11:04]     [PROCESS] Processing book page: https://app.thestorygraph.com/books/85bba1c4-5669-4bd1-ab7d-c52efd4b3f6b
[20:11:04]     [TO-READ] Not marked yet (will click button)
[20:11:04]     [TO-READ] Clicking button (found: button.read-status-button[title="Add to your To-Read Pile"])
[20:11:06]     [OWNED] Not owned yet (will click mark as owned)
[20:11:06]     [OWNED] Clicking Mark as Owned (found: a.mark-as-owned-link[title="Mark as owned"])
[20:11:07]  -> Added: Clicked To Read | Clicked Mark as Owned | SG Owned: Marked Owned
[20:11:15] 
============================================================
[20:11:15] [5/418] Starstruck (Written in the Stars Book 1) | McKenzie Burns  (owned=YES)
[20:11:15] ============================================================
[20:11:15]     [PROCESS] Trying 3 queries: ['B0CZYQPTRB', 'Starstruck (Written in the Stars Book 1) McKenzie Burns', 'Starstruck (Written in the Stars Book 1)']
[20:11:15]     [PROCESS] Query 1/3: 'B0CZYQPTRB'
[20:11:15]     [SEARCH] Searching for: 'B0CZYQPTRB'
[20:11:22]     [SEARCH] Search submitted, landed on: https://app.thestorygraph.com/browse?search_term=B0CZYQPTRB
[20:11:22]     [PICK] Looking for: title='Starstruck (Written in the Stars Book 1)', author='McKenzie Burns'
[20:11:22]     [PICK] Author last names to match: ['burns']
[20:11:22]     [PICK] Current URL: https://app.thestorygraph.com/browse?search_term=B0CZYQPTRB
[20:11:22]     [PICK] Selector 'a[href*="/books/"]': 1 candidates found
[20:11:22]     [PICK] [0] score=0.133 author_ok=True | 'manually add a book to our database' | /books/new
[20:11:22]     [PICK] Selector 'main a[href*="/books/"]': 1 candidates found
[20:11:22]     [PICK] [0] score=0.133 author_ok=True | 'manually add a book to our database' | /books/new
[20:11:22]     [PICK] Selector '.book-pane a': 0 candidates found
[20:11:22]     [PICK] Selector '[class*="book"] a': 0 candidates found
[20:11:22]     [PICK] Selector 'a:has-text("Starstruck (Written in the Sta")': 0 candidates found
[20:11:22]     [PICK] Found 2 total candidates
[20:11:22]     [PICK] Top candidates:
[20:11:22]     [PICK]   1. score=0.133 author_ok=True | 'manually add a book to our database'
[20:11:22]     [PICK]   2. score=0.133 author_ok=True | 'manually add a book to our database'
[20:11:22]     [PICK] ✗ No match >= 0.6 found
[20:11:22]     [PICK] Threshold: 0.6, Best score found: 0.000
[20:11:22]     [PROCESS] No result matched, trying next query
[20:11:22]     [PROCESS] Query 2/3: 'Starstruck (Written in the Stars Book 1) McKenzie Burns'
[20:11:22]     [SEARCH] Searching for: 'Starstruck (Written in the Stars Book 1) McKenzie Burns'
[20:11:28]     [SEARCH] Search submitted, landed on: https://app.thestorygraph.com/browse?search_term=Starstruck%20(Written%20in%20the%20Stars%20Book%201)%20McKenzie%20Burns
[20:11:28]     [PICK] Looking for: title='Starstruck (Written in the Stars Book 1)', author='McKenzie Burns'
[20:11:28]     [PICK] Author last names to match: ['burns']
[20:11:28]     [PICK] Current URL: https://app.thestorygraph.com/browse?search_term=Starstruck%20(Written%20in%20the%20Stars%20Book%201)%20McKenzie%20Burns
[20:11:28]     [PICK] Selector 'a[href*="/books/"]': 1 candidates found
[20:11:28]     [PICK] [0] score=0.133 author_ok=True | 'manually add a book to our database' | /books/new
[20:11:28]     [PICK] Selector 'main a[href*="/books/"]': 1 candidates found
[20:11:28]     [PICK] [0] score=0.133 author_ok=True | 'manually add a book to our database' | /books/new
[20:11:28]     [PICK] Selector '.book-pane a': 0 candidates found
[20:11:28]     [PICK] Selector '[class*="book"] a': 0 candidates found
[20:11:28]     [PICK] Selector 'a:has-text("Starstruck (Written in the Sta")': 0 candidates found
[20:11:28]     [PICK] Found 2 total candidates
[20:11:28]     [PICK] Top candidates:
[20:11:28]     [PICK]   1. score=0.133 author_ok=True | 'manually add a book to our database'
[20:11:28]     [PICK]   2. score=0.133 author_ok=True | 'manually add a book to our database'
[20:11:28]     [PICK] ✗ No match >= 0.6 found
[20:11:28]     [PICK] Threshold: 0.6, Best score found: 0.000
[20:11:28]     [PROCESS] No result matched, trying next query
[20:11:28]     [PROCESS] Query 3/3: 'Starstruck (Written in the Stars Book 1)'
[20:11:28]     [SEARCH] Searching for: 'Starstruck (Written in the Stars Book 1)'
[20:11:34]     [SEARCH] Search submitted, landed on: https://app.thestorygraph.com/browse?search_term=Starstruck%20(Written%20in%20the%20Stars%20Book%201)
[20:11:34]     [PICK] Looking for: title='Starstruck (Written in the Stars Book 1)', author='McKenzie Burns'
[20:11:34]     [PICK] Author last names to match: ['burns']
[20:11:34]     [PICK] Current URL: https://app.thestorygraph.com/browse?search_term=Starstruck%20(Written%20in%20the%20Stars%20Book%201)
[20:11:34]     [PICK] Selector 'a[href*="/books/"]': 1 candidates found
[20:11:34]     [PICK] [0] score=0.133 author_ok=True | 'manually add a book to our database' | /books/new
[20:11:34]     [PICK] Selector 'main a[href*="/books/"]': 1 candidates found
[20:11:34]     [PICK] [0] score=0.133 author_ok=True | 'manually add a book to our database' | /books/new
[20:11:34]     [PICK] Selector '.book-pane a': 0 candidates found
[20:11:34]     [PICK] Selector '[class*="book"] a': 0 candidates found
[20:11:34]     [PICK] Selector 'a:has-text("Starstruck (Written in the Sta")': 0 candidates found
[20:11:34]     [PICK] Found 2 total candidates
[20:11:34]     [PICK] Top candidates:
[20:11:34]     [PICK]   1. score=0.133 author_ok=True | 'manually add a book to our database'
[20:11:34]     [PICK]   2. score=0.133 author_ok=True | 'manually add a book to our database'
[20:11:34]     [PICK] ✗ No match >= 0.6 found
[20:11:34]     [PICK] Threshold: 0.6, Best score found: 0.000
[20:11:34]     [PROCESS] No result matched, trying next query
[20:11:34]     [PROCESS] ✗ Not found after 3 queries
[20:11:34]  -> Not Found: No matching StoryGraph result after trying all queries
[20:11:43] 
============================================================
[20:11:43] [6/418] Corruption (Book 2 in Dark Revenge) | A. W.  (owned=YES)
[20:11:43] ============================================================
[20:11:43]     [PROCESS] Trying 3 queries: ['B0CLZ11GYR', 'Corruption (Book 2 in Dark Revenge) A. W.', 'Corruption (Book 2 in Dark Revenge)']
[20:11:43]     [PROCESS] Query 1/3: 'B0CLZ11GYR'
[20:11:43]     [SEARCH] Searching for: 'B0CLZ11GYR'
[20:11:49]     [SEARCH] Search submitted, landed on: https://app.thestorygraph.com/browse?search_term=B0CLZ11GYR
[20:11:49]     [PICK] Looking for: title='Corruption (Book 2 in Dark Revenge)', author='A. W.'
[20:11:49]     [PICK] Author last names to match: ['w.']
[20:11:49]     [PICK] Current URL: https://app.thestorygraph.com/browse?search_term=B0CLZ11GYR
[20:11:49]     [PICK] Selector 'a[href*="/books/"]': 1 candidates found
[20:11:49]     [PICK] [0] score=0.044 author_ok=True | 'manually add a book to our database' | /books/new
[20:11:49]     [PICK] Selector 'main a[href*="/books/"]': 1 candidates found
[20:11:49]     [PICK] [0] score=0.044 author_ok=True | 'manually add a book to our database' | /books/new
[20:11:49]     [PICK] Selector '.book-pane a': 0 candidates found
[20:11:49]     [PICK] Selector '[class*="book"] a': 0 candidates found
[20:11:49]     [PICK] Selector 'a:has-text("Corruption (Book 2 in Dark Rev")': 0 candidates found
[20:11:49]     [PICK] Found 2 total candidates
[20:11:49]     [PICK] Top candidates:
[20:11:49]     [PICK]   1. score=0.044 author_ok=True | 'manually add a book to our database'
[20:11:49]     [PICK]   2. score=0.044 author_ok=True | 'manually add a book to our database'
[20:11:49]     [PICK] ✗ No match >= 0.6 found
[20:11:49]     [PICK] Threshold: 0.6, Best score found: 0.000
[20:11:49]     [PROCESS] No result matched, trying next query
[20:11:49]     [PROCESS] Query 2/3: 'Corruption (Book 2 in Dark Revenge) A. W.'
[20:11:49]     [SEARCH] Searching for: 'Corruption (Book 2 in Dark Revenge) A. W.'
[20:11:55]     [SEARCH] Search submitted, landed on: https://app.thestorygraph.com/browse?search_term=Corruption%20(Book%202%20in%20Dark%20Revenge)%20A.%20W.
[20:11:55]     [PICK] Looking for: title='Corruption (Book 2 in Dark Revenge)', author='A. W.'
[20:11:55]     [PICK] Author last names to match: ['w.']
[20:11:55]     [PICK] Current URL: https://app.thestorygraph.com/browse?search_term=Corruption%20(Book%202%20in%20Dark%20Revenge)%20A.%20W.
[20:11:55]     [PICK] Selector 'a[href*="/books/"]': 1 candidates found
[20:11:56]     [PICK] [0] score=0.044 author_ok=True | 'manually add a book to our database' | /books/new
[20:11:56]     [PICK] Selector 'main a[href*="/books/"]': 1 candidates found
[20:11:56]     [PICK] [0] score=0.044 author_ok=True | 'manually add a book to our database' | /books/new
[20:11:56]     [PICK] Selector '.book-pane a': 0 candidates found
[20:11:56]     [PICK] Selector '[class*="book"] a': 0 candidates found
[20:11:56]     [PICK] Selector 'a:has-text("Corruption (Book 2 in Dark Rev")': 0 candidates found
[20:11:56]     [PICK] Found 2 total candidates
[20:11:56]     [PICK] Top candidates:
[20:11:56]     [PICK]   1. score=0.044 author_ok=True | 'manually add a book to our database'
[20:11:56]     [PICK]   2. score=0.044 author_ok=True | 'manually add a book to our database'
[20:11:56]     [PICK] ✗ No match >= 0.6 found
[20:11:56]     [PICK] Threshold: 0.6, Best score found: 0.000
[20:11:56]     [PROCESS] No result matched, trying next query
[20:11:56]     [PROCESS] Query 3/3: 'Corruption (Book 2 in Dark Revenge)'
[20:11:56]     [SEARCH] Searching for: 'Corruption (Book 2 in Dark Revenge)'
[20:12:02]     [SEARCH] Search submitted, landed on: https://app.thestorygraph.com/browse?search_term=Corruption%20(Book%202%20in%20Dark%20Revenge)
[20:12:02]     [PICK] Looking for: title='Corruption (Book 2 in Dark Revenge)', author='A. W.'
[20:12:02]     [PICK] Author last names to match: ['w.']
[20:12:02]     [PICK] Current URL: https://app.thestorygraph.com/browse?search_term=Corruption%20(Book%202%20in%20Dark%20Revenge)
[20:12:02]     [PICK] Selector 'a[href*="/books/"]': 1 candidates found
[20:12:02]     [PICK] [0] score=0.044 author_ok=True | 'manually add a book to our database' | /books/new
[20:12:02]     [PICK] Selector 'main a[href*="/books/"]': 1 candidates found
[20:12:02]     [PICK] [0] score=0.044 author_ok=True | 'manually add a book to our database' | /books/new
[20:12:02]     [PICK] Selector '.book-pane a': 0 candidates found
[20:12:02]     [PICK] Selector '[class*="book"] a': 0 candidates found
[20:12:02]     [PICK] Selector 'a:has-text("Corruption (Book 2 in Dark Rev")': 0 candidates found
[20:12:02]     [PICK] Found 2 total candidates
[20:12:02]     [PICK] Top candidates:
[20:12:02]     [PICK]   1. score=0.044 author_ok=True | 'manually add a book to our database'
[20:12:02]     [PICK]   2. score=0.044 author_ok=True | 'manually add a book to our database'
[20:12:02]     [PICK] ✗ No match >= 0.6 found
[20:12:02]     [PICK] Threshold: 0.6, Best score found: 0.000
[20:12:02]     [PROCESS] No result matched, trying next query
[20:12:02]     [PROCESS] ✗ Not found after 3 queries
[20:12:02]  -> Not Found: No matching StoryGraph result after trying all queries
[20:12:10] 
============================================================
[20:12:10] [7/418] Ruthless Bonds: A Dark Reverse Harem Romance (The Dark Allegiance Series Book 1) | Emily Klepp, Jade Katzchen, Becky Griffiths, Heath Smith  (owned=YES)
[20:12:10] ============================================================
[20:12:10]     [PROCESS] Trying 4 queries: ['B0F7SN9KZV', 'Ruthless Bonds: A Dark Reverse Harem Romance (The Dark Allegiance Series Book 1) Emily Klepp, Jade Katzchen, Becky Griffiths, Heath Smith', 'Ruthless Bonds Emily Klepp, Jade Katzchen, Becky Griffiths, Heath Smith', 'Ruthless Bonds: A Dark Reverse Harem Romance (The Dark Allegiance Series Book 1)']
[20:12:10]     [PROCESS] Query 1/4: 'B0F7SN9KZV'
[20:12:10]     [SEARCH] Searching for: 'B0F7SN9KZV'
[20:12:16]     [SEARCH] Search submitted, landed on: https://app.thestorygraph.com/browse?search_term=B0F7SN9KZV
[20:12:16]     [PICK] Looking for: title='Ruthless Bonds: A Dark Reverse Harem Romance (The Dark Allegiance Series Book 1)', author='Emily Klepp, Jade Katzchen, Becky Griffiths, Heath Smith'
[20:12:16]     [PICK] Author last names to match: ['klepp', 'katzchen', 'griffiths', 'smith']
[20:12:16]     [PICK] Current URL: https://app.thestorygraph.com/browse?search_term=B0F7SN9KZV
[20:12:16]     [PICK] Selector 'a[href*="/books/"]': 7 candidates found
[20:12:17]     [PICK] [0] score=0.250 author_ok=True | 'Add a book' | /books/new
[20:12:17]     [PICK] [1] score=0.000 author_ok=True | '' | /books/f10b50b3-cde1-41ae-b423-bb67fb424ad4
[20:12:17]     [PICK] [2] Parent text: 'Ruthless Bonds\n\nEmily Klepp'
[20:12:17]     [PICK] [2] ✓ Author 'klepp' found in parent
[20:12:17]     [PICK] [2] score=1.000 author_ok=True | 'Ruthless Bonds' | /books/f10b50b3-cde1-41ae-b423-bb67fb424ad4
[20:12:17]     [PICK] [3] score=0.333 author_ok=True | '2 editions' | /books/f10b50b3-cde1-41ae-b423-bb67fb424ad4/editions
[20:12:17]     [PICK] [4] score=0.000 author_ok=True | '' | /books/f10b50b3-cde1-41ae-b423-bb67fb424ad4
[20:12:17]     [PICK] [5] Parent text: 'Ruthless Bonds'
[20:12:17]     [PICK] [5] Found 2 author links on page
[20:12:17]     [PICK] [5] ✓ Author 'klepp' found in link: 'Emily Klepp'
[20:12:17]     [PICK] [5] score=1.000 author_ok=True | 'Ruthless Bonds' | /books/f10b50b3-cde1-41ae-b423-bb67fb424ad4
[20:12:17]     [PICK] [6] score=0.333 author_ok=True | '2 editions' | /books/f10b50b3-cde1-41ae-b423-bb67fb424ad4/editions
[20:12:17]     [PICK] Selector 'main a[href*="/books/"]': 7 candidates found
[20:12:17]     [PICK] [0] score=0.250 author_ok=True | 'Add a book' | /books/new
[20:12:17]     [PICK] [1] score=0.000 author_ok=True | '' | /books/f10b50b3-cde1-41ae-b423-bb67fb424ad4
[20:12:17]     [PICK] [2] Parent text: 'Ruthless Bonds\n\nEmily Klepp'
[20:12:17]     [PICK] [2] ✓ Author 'klepp' found in parent
[20:12:17]     [PICK] [2] score=1.000 author_ok=True | 'Ruthless Bonds' | /books/f10b50b3-cde1-41ae-b423-bb67fb424ad4
[20:12:17]     [PICK] [3] score=0.333 author_ok=True | '2 editions' | /books/f10b50b3-cde1-41ae-b423-bb67fb424ad4/editions
[20:12:17]     [PICK] [4] score=0.000 author_ok=True | '' | /books/f10b50b3-cde1-41ae-b423-bb67fb424ad4
[20:12:17]     [PICK] [5] Parent text: 'Ruthless Bonds'
[20:12:17]     [PICK] [5] Found 2 author links on page
[20:12:17]     [PICK] [5] ✓ Author 'klepp' found in link: 'Emily Klepp'
[20:12:17]     [PICK] [5] score=1.000 author_ok=True | 'Ruthless Bonds' | /books/f10b50b3-cde1-41ae-b423-bb67fb424ad4
[20:12:17]     [PICK] [6] score=0.333 author_ok=True | '2 editions' | /books/f10b50b3-cde1-41ae-b423-bb67fb424ad4/editions
[20:12:17]     [PICK] Selector '.book-pane a': 14 candidates found
[20:12:17]     [PICK] [0] score=0.000 author_ok=True | '' | /books/f10b50b3-cde1-41ae-b423-bb67fb424ad4
[20:12:17]     [PICK] [3] Parent text: 'Ruthless Bonds\n\nEmily Klepp'
[20:12:17]     [PICK] [3] ✓ Author 'klepp' found in parent
[20:12:17]     [PICK] [3] score=1.000 author_ok=True | 'Ruthless Bonds' | /books/f10b50b3-cde1-41ae-b423-bb67fb424ad4
[20:12:17]     [PICK] [5] score=0.333 author_ok=True | '2 editions' | /books/f10b50b3-cde1-41ae-b423-bb67fb424ad4/editions
[20:12:17]     [PICK] [6] score=0.316 author_ok=True | 'owned' | /remove-owned-book-find-a-book?book_id=f10b50b3-cde1-41ae-b423-bb67fb424ad4
[20:12:17]     [PICK] [7] score=0.000 author_ok=True | '' | /books/f10b50b3-cde1-41ae-b423-bb67fb424ad4
[20:12:17]     [PICK] [10] Parent text: 'Ruthless Bonds'
[20:12:17]     [PICK] [10] Found 2 author links on page
[20:12:17]     [PICK] [10] ✓ Author 'klepp' found in link: 'Emily Klepp'
[20:12:17]     [PICK] [10] score=1.000 author_ok=True | 'Ruthless Bonds' | /books/f10b50b3-cde1-41ae-b423-bb67fb424ad4
[20:12:17]     [PICK] [12] score=0.333 author_ok=True | '2 editions' | /books/f10b50b3-cde1-41ae-b423-bb67fb424ad4/editions
[20:12:17]     [PICK] [13] score=0.316 author_ok=True | 'owned' | /remove-owned-book-find-a-book?book_id=f10b50b3-cde1-41ae-b423-bb67fb424ad4
[20:12:18]     [PICK] Selector '[class*="book"] a': 14 candidates found
[20:12:18]     [PICK] [0] score=0.000 author_ok=True | '' | /books/f10b50b3-cde1-41ae-b423-bb67fb424ad4
[20:12:18]     [PICK] [3] Parent text: 'Ruthless Bonds\n\nEmily Klepp'
[20:12:18]     [PICK] [3] ✓ Author 'klepp' found in parent
[20:12:18]     [PICK] [3] score=1.000 author_ok=True | 'Ruthless Bonds' | /books/f10b50b3-cde1-41ae-b423-bb67fb424ad4
[20:12:18]     [PICK] [5] score=0.333 author_ok=True | '2 editions' | /books/f10b50b3-cde1-41ae-b423-bb67fb424ad4/editions
[20:12:18]     [PICK] [6] score=0.316 author_ok=True | 'owned' | /remove-owned-book-find-a-book?book_id=f10b50b3-cde1-41ae-b423-bb67fb424ad4
[20:12:18]     [PICK] [7] score=0.000 author_ok=True | '' | /books/f10b50b3-cde1-41ae-b423-bb67fb424ad4
[20:12:18]     [PICK] [10] Parent text: 'Ruthless Bonds'
[20:12:18]     [PICK] [10] Found 2 author links on page
[20:12:18]     [PICK] [10] ✓ Author 'klepp' found in link: 'Emily Klepp'
[20:12:18]     [PICK] [10] score=1.000 author_ok=True | 'Ruthless Bonds' | /books/f10b50b3-cde1-41ae-b423-bb67fb424ad4
[20:12:18]     [PICK] [12] score=0.333 author_ok=True | '2 editions' | /books/f10b50b3-cde1-41ae-b423-bb67fb424ad4/editions
[20:12:18]     [PICK] [13] score=0.316 author_ok=True | 'owned' | /remove-owned-book-find-a-book?book_id=f10b50b3-cde1-41ae-b423-bb67fb424ad4
[20:12:18]     [PICK] Selector 'a:has-text("Ruthless Bonds: A Dark Reverse")': 0 candidates found
[20:12:18]     [PICK] Found 30 total candidates
[20:12:18]     [PICK] Top candidates:
[20:12:18]     [PICK]   1. score=1.000 author_ok=True | 'Ruthless Bonds'
[20:12:18]     [PICK]   2. score=1.000 author_ok=True | 'Ruthless Bonds'
[20:12:18]     [PICK]   3. score=1.000 author_ok=True | 'Ruthless Bonds'
[20:12:18]     [PICK]   4. score=1.000 author_ok=True | 'Ruthless Bonds'
[20:12:18]     [PICK]   5. score=1.000 author_ok=True | 'Ruthless Bonds'
[20:12:18]     [PICK] ✓ Best match (score=1.000): 'Ruthless Bonds'
[20:12:18]     [PICK] Clicking: /books/f10b50b3-cde1-41ae-b423-bb67fb424ad4
[20:12:20]     [PICK] ✓ Landed on: https://app.thestorygraph.com/books/f10b50b3-cde1-41ae-b423-bb67fb424ad4
[20:12:20]     [PROCESS] Processing book page: https://app.thestorygraph.com/books/f10b50b3-cde1-41ae-b423-bb67fb424ad4
[20:12:20]     [TO-READ] Already marked (found: button.read-status-label[title="Book marked as to read"])
[20:12:20]     [OWNED] Already owned (found: a.remove-from-owned-link)
[20:12:20]  -> Skipped: Already marked To Read | Already marked Owned on SG | SG Owned: Already Owned
[20:12:29] 
============================================================
[20:12:29] [8/418] Ryland: A Steamy Protector Romantic Suspense (Force Protection Delta Book 1) | Charissa Gracyk, Michelle Fewer  (owned=YES)
[20:12:29] ============================================================
[20:12:29]     [PROCESS] Trying 4 queries: ['B0CH77YVC4', 'Ryland: A Steamy Protector Romantic Suspense (Force Protection Delta Book 1) Charissa Gracyk, Michelle Fewer', 'Ryland Charissa Gracyk, Michelle Fewer', 'Ryland: A Steamy Protector Romantic Suspense (Force Protection Delta Book 1)']
[20:12:29]     [PROCESS] Query 1/4: 'B0CH77YVC4'
[20:12:29]     [SEARCH] Searching for: 'B0CH77YVC4'
[20:12:35]     [SEARCH] Search submitted, landed on: https://app.thestorygraph.com/browse?search_term=B0CH77YVC4
[20:12:35]     [PICK] Looking for: title='Ryland: A Steamy Protector Romantic Suspense (Force Protection Delta Book 1)', author='Charissa Gracyk, Michelle Fewer'
[20:12:35]     [PICK] Author last names to match: ['gracyk', 'fewer']
[20:12:35]     [PICK] Current URL: https://app.thestorygraph.com/browse?search_term=B0CH77YVC4
[20:12:35]     [PICK] Selector 'a[href*="/books/"]': 7 candidates found
[20:12:35]     [PICK] [0] score=0.250 author_ok=True | 'Add a book' | /books/new
[20:12:35]     [PICK] [1] score=0.000 author_ok=True | '' | /books/48f2586b-8148-48cd-8dfd-73c37e9ef55d
[20:12:35]     [PICK] [2] Parent text: 'Ryland\n\nCharissa Gracyk'
[20:12:35]     [PICK] [2] ✓ Author 'gracyk' found in parent
[20:12:35]     [PICK] [2] score=1.000 author_ok=True | 'Ryland' | /books/48f2586b-8148-48cd-8dfd-73c37e9ef55d
[20:12:35]     [PICK] [3] score=0.125 author_ok=True | '2 editions' | /books/48f2586b-8148-48cd-8dfd-73c37e9ef55d/editions
[20:12:35]     [PICK] [4] score=0.000 author_ok=True | '' | /books/48f2586b-8148-48cd-8dfd-73c37e9ef55d
[20:12:35]     [PICK] [5] Parent text: 'Ryland'
[20:12:35]     [PICK] [5] Found 2 author links on page
[20:12:35]     [PICK] [5] ✓ Author 'gracyk' found in link: 'Charissa Gracyk'
[20:12:35]     [PICK] [5] score=1.000 author_ok=True | 'Ryland' | /books/48f2586b-8148-48cd-8dfd-73c37e9ef55d
[20:12:35]     [PICK] [6] score=0.125 author_ok=True | '2 editions' | /books/48f2586b-8148-48cd-8dfd-73c37e9ef55d/editions
[20:12:35]     [PICK] Selector 'main a[href*="/books/"]': 7 candidates found
[20:12:35]     [PICK] [0] score=0.250 author_ok=True | 'Add a book' | /books/new
[20:12:35]     [PICK] [1] score=0.000 author_ok=True | '' | /books/48f2586b-8148-48cd-8dfd-73c37e9ef55d
[20:12:35]     [PICK] [2] Parent text: 'Ryland\n\nCharissa Gracyk'
[20:12:35]     [PICK] [2] ✓ Author 'gracyk' found in parent
[20:12:35]     [PICK] [2] score=1.000 author_ok=True | 'Ryland' | /books/48f2586b-8148-48cd-8dfd-73c37e9ef55d
[20:12:35]     [PICK] [3] score=0.125 author_ok=True | '2 editions' | /books/48f2586b-8148-48cd-8dfd-73c37e9ef55d/editions
[20:12:35]     [PICK] [4] score=0.000 author_ok=True | '' | /books/48f2586b-8148-48cd-8dfd-73c37e9ef55d
[20:12:35]     [PICK] [5] Parent text: 'Ryland'
[20:12:35]     [PICK] [5] Found 2 author links on page
[20:12:35]     [PICK] [5] ✓ Author 'gracyk' found in link: 'Charissa Gracyk'
[20:12:35]     [PICK] [5] score=1.000 author_ok=True | 'Ryland' | /books/48f2586b-8148-48cd-8dfd-73c37e9ef55d
[20:12:35]     [PICK] [6] score=0.125 author_ok=True | '2 editions' | /books/48f2586b-8148-48cd-8dfd-73c37e9ef55d/editions
[20:12:35]     [PICK] Selector '.book-pane a': 14 candidates found
[20:12:35]     [PICK] [0] score=0.000 author_ok=True | '' | /books/48f2586b-8148-48cd-8dfd-73c37e9ef55d
[20:12:35]     [PICK] [3] Parent text: 'Ryland\n\nCharissa Gracyk'
[20:12:35]     [PICK] [3] ✓ Author 'gracyk' found in parent
[20:12:35]     [PICK] [3] score=1.000 author_ok=True | 'Ryland' | /books/48f2586b-8148-48cd-8dfd-73c37e9ef55d
[20:12:35]     [PICK] [5] score=0.125 author_ok=True | '2 editions' | /books/48f2586b-8148-48cd-8dfd-73c37e9ef55d/editions
[20:12:35]     [PICK] [6] score=0.316 author_ok=True | 'mark as owned' | /mark-as-owned-find-a-book?book_id=48f2586b-8148-48cd-8dfd-73c37e9ef55d
[20:12:35]     [PICK] [7] score=0.000 author_ok=True | '' | /books/48f2586b-8148-48cd-8dfd-73c37e9ef55d
[20:12:35]     [PICK] [10] Parent text: 'Ryland'
[20:12:35]     [PICK] [10] Found 2 author links on page
[20:12:35]     [PICK] [10] ✓ Author 'gracyk' found in link: 'Charissa Gracyk'
[20:12:35]     [PICK] [10] score=1.000 author_ok=True | 'Ryland' | /books/48f2586b-8148-48cd-8dfd-73c37e9ef55d
[20:12:35]     [PICK] [12] score=0.125 author_ok=True | '2 editions' | /books/48f2586b-8148-48cd-8dfd-73c37e9ef55d/editions
[20:12:35]     [PICK] [13] score=0.316 author_ok=True | 'mark as owned' | /mark-as-owned-find-a-book?book_id=48f2586b-8148-48cd-8dfd-73c37e9ef55d
[20:12:35]     [PICK] Selector '[class*="book"] a': 14 candidates found
[20:12:35]     [PICK] [0] score=0.000 author_ok=True | '' | /books/48f2586b-8148-48cd-8dfd-73c37e9ef55d
[20:12:35]     [PICK] [3] Parent text: 'Ryland\n\nCharissa Gracyk'
[20:12:35]     [PICK] [3] ✓ Author 'gracyk' found in parent
[20:12:35]     [PICK] [3] score=1.000 author_ok=True | 'Ryland' | /books/48f2586b-8148-48cd-8dfd-73c37e9ef55d
[20:12:35]     [PICK] [5] score=0.125 author_ok=True | '2 editions' | /books/48f2586b-8148-48cd-8dfd-73c37e9ef55d/editions
[20:12:35]     [PICK] [6] score=0.316 author_ok=True | 'mark as owned' | /mark-as-owned-find-a-book?book_id=48f2586b-8148-48cd-8dfd-73c37e9ef55d
[20:12:35]     [PICK] [7] score=0.000 author_ok=True | '' | /books/48f2586b-8148-48cd-8dfd-73c37e9ef55d
[20:12:35]     [PICK] [10] Parent text: 'Ryland'
[20:12:35]     [PICK] [10] Found 2 author links on page
[20:12:36]     [PICK] [10] ✓ Author 'gracyk' found in link: 'Charissa Gracyk'
[20:12:36]     [PICK] [10] score=1.000 author_ok=True | 'Ryland' | /books/48f2586b-8148-48cd-8dfd-73c37e9ef55d
[20:12:36]     [PICK] [12] score=0.125 author_ok=True | '2 editions' | /books/48f2586b-8148-48cd-8dfd-73c37e9ef55d/editions
[20:12:36]     [PICK] [13] score=0.316 author_ok=True | 'mark as owned' | /mark-as-owned-find-a-book?book_id=48f2586b-8148-48cd-8dfd-73c37e9ef55d
[20:12:36]     [PICK] Selector 'a:has-text("Ryland: A Steamy Protector Rom")': 0 candidates found
[20:12:36]     [PICK] Found 30 total candidates
[20:12:36]     [PICK] Top candidates:
[20:12:36]     [PICK]   1. score=1.000 author_ok=True | 'Ryland'
[20:12:36]     [PICK]   2. score=1.000 author_ok=True | 'Ryland'
[20:12:36]     [PICK]   3. score=1.000 author_ok=True | 'Ryland'
[20:12:36]     [PICK]   4. score=1.000 author_ok=True | 'Ryland'
[20:12:36]     [PICK]   5. score=1.000 author_ok=True | 'Ryland'
[20:12:36]     [PICK] ✓ Best match (score=1.000): 'Ryland'
[20:12:36]     [PICK] Clicking: /books/48f2586b-8148-48cd-8dfd-73c37e9ef55d
[20:12:38]     [PICK] ✓ Landed on: https://app.thestorygraph.com/books/48f2586b-8148-48cd-8dfd-73c37e9ef55d
[20:12:38]     [PROCESS] Processing book page: https://app.thestorygraph.com/books/48f2586b-8148-48cd-8dfd-73c37e9ef55d
[20:12:38]     [TO-READ] Not marked yet (will click button)
[20:12:38]     [TO-READ] Clicking button (found: button.read-status-button[title="Add to your To-Read Pile"])
[20:12:39]     [OWNED] Not owned yet (will click mark as owned)
[20:12:39]     [OWNED] Clicking Mark as Owned (found: a.mark-as-owned-link[title="Mark as owned"])
[20:12:41]  -> Added: Clicked To Read | Clicked Mark as Owned | SG Owned: Marked Owned
[20:12:47] 
============================================================
[20:12:47] [9/418] Down the Road (Love in Millbrook Series Book 1) | Bella Perry  (owned=YES)
[20:12:47] ============================================================
[20:12:47]     [PROCESS] Trying 3 queries: ['B0DKQHWZJY', 'Down the Road (Love in Millbrook Series Book 1) Bella Perry', 'Down the Road (Love in Millbrook Series Book 1)']
[20:12:47]     [PROCESS] Query 1/3: 'B0DKQHWZJY'
[20:12:47]     [SEARCH] Searching for: 'B0DKQHWZJY'
[20:12:53]     [SEARCH] Search submitted, landed on: https://app.thestorygraph.com/browse?search_term=B0DKQHWZJY
[20:12:53]     [PICK] Looking for: title='Down the Road (Love in Millbrook Series Book 1)', author='Bella Perry'
[20:12:53]     [PICK] Author last names to match: ['perry']
[20:12:53]     [PICK] Current URL: https://app.thestorygraph.com/browse?search_term=B0DKQHWZJY
[20:12:53]     [PICK] Selector 'a[href*="/books/"]': 1 candidates found
[20:12:53]     [PICK] [0] score=0.167 author_ok=True | 'manually add a book to our database' | /books/new
[20:12:53]     [PICK] Selector 'main a[href*="/books/"]': 1 candidates found
[20:12:53]     [PICK] [0] score=0.167 author_ok=True | 'manually add a book to our database' | /books/new
[20:12:53]     [PICK] Selector '.book-pane a': 0 candidates found
[20:12:53]     [PICK] Selector '[class*="book"] a': 0 candidates found
[20:12:53]     [PICK] Selector 'a:has-text("Down the Road (Love in Millbro")': 0 candidates found
[20:12:53]     [PICK] Found 2 total candidates
[20:12:53]     [PICK] Top candidates:
[20:12:53]     [PICK]   1. score=0.167 author_ok=True | 'manually add a book to our database'
[20:12:53]     [PICK]   2. score=0.167 author_ok=True | 'manually add a book to our database'
[20:12:53]     [PICK] ✗ No match >= 0.6 found
[20:12:53]     [PICK] Threshold: 0.6, Best score found: 0.000
[20:12:53]     [PROCESS] No result matched, trying next query
[20:12:53]     [PROCESS] Query 2/3: 'Down the Road (Love in Millbrook Series Book 1) Bella Perry'
[20:12:53]     [SEARCH] Searching for: 'Down the Road (Love in Millbrook Series Book 1) Bella Perry'
[20:12:59]     [SEARCH] Search submitted, landed on: https://app.thestorygraph.com/browse?search_term=Down%20the%20Road%20(Love%20in%20Millbrook%20Series%20Book%201)%20Bella%20Perry
[20:12:59]     [PICK] Looking for: title='Down the Road (Love in Millbrook Series Book 1)', author='Bella Perry'
[20:12:59]     [PICK] Author last names to match: ['perry']
[20:12:59]     [PICK] Current URL: https://app.thestorygraph.com/browse?search_term=Down%20the%20Road%20(Love%20in%20Millbrook%20Series%20Book%201)%20Bella%20Perry
[20:12:59]     [PICK] Selector 'a[href*="/books/"]': 1 candidates found
[20:12:59]     [PICK] [0] score=0.167 author_ok=True | 'manually add a book to our database' | /books/new
[20:12:59]     [PICK] Selector 'main a[href*="/books/"]': 1 candidates found
[20:12:59]     [PICK] [0] score=0.167 author_ok=True | 'manually add a book to our database' | /books/new
[20:12:59]     [PICK] Selector '.book-pane a': 0 candidates found
[20:12:59]     [PICK] Selector '[class*="book"] a': 0 candidates found
[20:12:59]     [PICK] Selector 'a:has-text("Down the Road (Love in Millbro")': 0 candidates found
[20:12:59]     [PICK] Found 2 total candidates
[20:12:59]     [PICK] Top candidates:
[20:12:59]     [PICK]   1. score=0.167 author_ok=True | 'manually add a book to our database'
[20:12:59]     [PICK]   2. score=0.167 author_ok=True | 'manually add a book to our database'
[20:12:59]     [PICK] ✗ No match >= 0.6 found
[20:12:59]     [PICK] Threshold: 0.6, Best score found: 0.000
[20:12:59]     [PROCESS] No result matched, trying next query
[20:12:59]     [PROCESS] Query 3/3: 'Down the Road (Love in Millbrook Series Book 1)'
[20:12:59]     [SEARCH] Searching for: 'Down the Road (Love in Millbrook Series Book 1)'
[20:13:05]     [SEARCH] Search submitted, landed on: https://app.thestorygraph.com/browse?search_term=Down%20the%20Road%20(Love%20in%20Millbrook%20Series%20Book%201)
[20:13:05]     [PICK] Looking for: title='Down the Road (Love in Millbrook Series Book 1)', author='Bella Perry'
[20:13:05]     [PICK] Author last names to match: ['perry']
[20:13:05]     [PICK] Current URL: https://app.thestorygraph.com/browse?search_term=Down%20the%20Road%20(Love%20in%20Millbrook%20Series%20Book%201)
[20:13:05]     [PICK] Selector 'a[href*="/books/"]': 1 candidates found
[20:13:05]     [PICK] [0] score=0.167 author_ok=True | 'manually add a book to our database' | /books/new
[20:13:05]     [PICK] Selector 'main a[href*="/books/"]': 1 candidates found
[20:13:05]     [PICK] [0] score=0.167 author_ok=True | 'manually add a book to our database' | /books/new
[20:13:05]     [PICK] Selector '.book-pane a': 0 candidates found
[20:13:05]     [PICK] Selector '[class*="book"] a': 0 candidates found
[20:13:05]     [PICK] Selector 'a:has-text("Down the Road (Love in Millbro")': 0 candidates found
[20:13:05]     [PICK] Found 2 total candidates
[20:13:05]     [PICK] Top candidates:
[20:13:05]     [PICK]   1. score=0.167 author_ok=True | 'manually add a book to our database'
[20:13:05]     [PICK]   2. score=0.167 author_ok=True | 'manually add a book to our database'
[20:13:05]     [PICK] ✗ No match >= 0.6 found
[20:13:05]     [PICK] Threshold: 0.6, Best score found: 0.000
[20:13:05]     [PROCESS] No result matched, trying next query
[20:13:05]     [PROCESS] ✗ Not found after 3 queries
[20:13:05]  -> Not Found: No matching StoryGraph result after trying all queries
[20:13:13] 
============================================================
[20:13:13] [10/418] Saving His Girl (His Girl Series Book 3) | Kalli Dean  (owned=YES)
[20:13:13] ============================================================
[20:13:13]     [PROCESS] Trying 3 queries: ['B0DS8ZYYV6', 'Saving His Girl (His Girl Series Book 3) Kalli Dean', 'Saving His Girl (His Girl Series Book 3)']
[20:13:13]     [PROCESS] Query 1/3: 'B0DS8ZYYV6'
[20:13:13]     [SEARCH] Searching for: 'B0DS8ZYYV6'
[20:13:19]     [SEARCH] Search submitted, landed on: https://app.thestorygraph.com/browse?search_term=B0DS8ZYYV6
[20:13:19]     [PICK] Looking for: title='Saving His Girl (His Girl Series Book 3)', author='Kalli Dean'
[20:13:19]     [PICK] Author last names to match: ['dean']
[20:13:19]     [PICK] Current URL: https://app.thestorygraph.com/browse?search_term=B0DS8ZYYV6
[20:13:19]     [PICK] Selector 'a[href*="/books/"]': 1 candidates found
[20:13:19]     [PICK] [0] score=0.120 author_ok=True | 'manually add a book to our database' | /books/new
[20:13:19]     [PICK] Selector 'main a[href*="/books/"]': 1 candidates found
[20:13:19]     [PICK] [0] score=0.120 author_ok=True | 'manually add a book to our database' | /books/new
[20:13:19]     [PICK] Selector '.book-pane a': 0 candidates found
[20:13:19]     [PICK] Selector '[class*="book"] a': 0 candidates found
[20:13:19]     [PICK] Selector 'a:has-text("Saving His Girl (His Girl Seri")': 0 candidates found
[20:13:19]     [PICK] Found 2 total candidates
[20:13:19]     [PICK] Top candidates:
[20:13:19]     [PICK]   1. score=0.120 author_ok=True | 'manually add a book to our database'
[20:13:19]     [PICK]   2. score=0.120 author_ok=True | 'manually add a book to our database'
[20:13:19]     [PICK] ✗ No match >= 0.6 found
[20:13:19]     [PICK] Threshold: 0.6, Best score found: 0.000
[20:13:19]     [PROCESS] No result matched, trying next query
[20:13:19]     [PROCESS] Query 2/3: 'Saving His Girl (His Girl Series Book 3) Kalli Dean'
[20:13:19]     [SEARCH] Searching for: 'Saving His Girl (His Girl Series Book 3) Kalli Dean'
[20:13:25]     [SEARCH] Search submitted, landed on: https://app.thestorygraph.com/browse?search_term=Saving%20His%20Girl%20(His%20Girl%20Series%20Book%203)%20Kalli%20Dean
[20:13:25]     [PICK] Looking for: title='Saving His Girl (His Girl Series Book 3)', author='Kalli Dean'
[20:13:25]     [PICK] Author last names to match: ['dean']
[20:13:25]     [PICK] Current URL: https://app.thestorygraph.com/browse?search_term=Saving%20His%20Girl%20(His%20Girl%20Series%20Book%203)%20Kalli%20Dean
[20:13:25]     [PICK] Selector 'a[href*="/books/"]': 1 candidates found
[20:13:25]     [PICK] [0] score=0.120 author_ok=True | 'manually add a book to our database' | /books/new
[20:13:25]     [PICK] Selector 'main a[href*="/books/"]': 1 candidates found
[20:13:25]     [PICK] [0] score=0.120 author_ok=True | 'manually add a book to our database' | /books/new
[20:13:25]     [PICK] Selector '.book-pane a': 0 candidates found
[20:13:25]     [PICK] Selector '[class*="book"] a': 0 candidates found
[20:13:25]     [PICK] Selector 'a:has-text("Saving His Girl (His Girl Seri")': 0 candidates found
[20:13:25]     [PICK] Found 2 total candidates
[20:13:25]     [PICK] Top candidates:
[20:13:25]     [PICK]   1. score=0.120 author_ok=True | 'manually add a book to our database'
[20:13:25]     [PICK]   2. score=0.120 author_ok=True | 'manually add a book to our database'
[20:13:25]     [PICK] ✗ No match >= 0.6 found
[20:13:25]     [PICK] Threshold: 0.6, Best score found: 0.000
[20:13:25]     [PROCESS] No result matched, trying next query
[20:13:25]     [PROCESS] Query 3/3: 'Saving His Girl (His Girl Series Book 3)'
[20:13:25]     [SEARCH] Searching for: 'Saving His Girl (His Girl Series Book 3)'
[20:13:31]     [SEARCH] Search submitted, landed on: https://app.thestorygraph.com/browse?search_term=Saving%20His%20Girl%20(His%20Girl%20Series%20Book%203)
[20:13:31]     [PICK] Looking for: title='Saving His Girl (His Girl Series Book 3)', author='Kalli Dean'
[20:13:31]     [PICK] Author last names to match: ['dean']
[20:13:31]     [PICK] Current URL: https://app.thestorygraph.com/browse?search_term=Saving%20His%20Girl%20(His%20Girl%20Series%20Book%203)
[20:13:31]     [PICK] Selector 'a[href*="/books/"]': 1 candidates found
[20:13:31]     [PICK] [0] score=0.120 author_ok=True | 'manually add a book to our database' | /books/new
[20:13:31]     [PICK] Selector 'main a[href*="/books/"]': 1 candidates found
[20:13:31]     [PICK] [0] score=0.120 author_ok=True | 'manually add a book to our database' | /books/new
[20:13:31]     [PICK] Selector '.book-pane a': 0 candidates found
[20:13:31]     [PICK] Selector '[class*="book"] a': 0 candidates found
[20:13:31]     [PICK] Selector 'a:has-text("Saving His Girl (His Girl Seri")': 0 candidates found
[20:13:31]     [PICK] Found 2 total candidates
[20:13:31]     [PICK] Top candidates:
[20:13:31]     [PICK]   1. score=0.120 author_ok=True | 'manually add a book to our database'
[20:13:31]     [PICK]   2. score=0.120 author_ok=True | 'manually add a book to our database'
[20:13:31]     [PICK] ✗ No match >= 0.6 found
[20:13:31]     [PICK] Threshold: 0.6, Best score found: 0.000
[20:13:31]     [PROCESS] No result matched, trying next query
[20:13:31]     [PROCESS] ✗ Not found after 3 queries
[20:13:31]  -> Not Found: No matching StoryGraph result after trying all queries
[20:13:41] 
============================================================
[20:13:41] [11/418] Tempting Adam (Seattle Steam Book 2) | Shelli Stevens  (owned=YES)
[20:13:41] ============================================================
[20:13:41]     [PROCESS] Trying 3 queries: ['B0CDM5DMRN', 'Tempting Adam (Seattle Steam Book 2) Shelli Stevens', 'Tempting Adam (Seattle Steam Book 2)']
[20:13:41]     [PROCESS] Query 1/3: 'B0CDM5DMRN'
[20:13:41]     [SEARCH] Searching for: 'B0CDM5DMRN'
[20:13:47]     [SEARCH] Search submitted, landed on: https://app.thestorygraph.com/browse?search_term=B0CDM5DMRN
[20:13:47]     [PICK] Looking for: title='Tempting Adam (Seattle Steam Book 2)', author='Shelli Stevens'
[20:13:47]     [PICK] Author last names to match: ['stevens']
[20:13:47]     [PICK] Current URL: https://app.thestorygraph.com/browse?search_term=B0CDM5DMRN
[20:13:47]     [PICK] Selector 'a[href*="/books/"]': 1 candidates found
[20:13:47]     [PICK] [0] score=0.250 author_ok=True | 'manually add a book to our database' | /books/new
[20:13:47]     [PICK] Selector 'main a[href*="/books/"]': 1 candidates found
[20:13:47]     [PICK] [0] score=0.250 author_ok=True | 'manually add a book to our database' | /books/new
[20:13:47]     [PICK] Selector '.book-pane a': 0 candidates found
[20:13:47]     [PICK] Selector '[class*="book"] a': 0 candidates found
[20:13:47]     [PICK] Selector 'a:has-text("Tempting Adam (Seattle Steam B")': 0 candidates found
[20:13:47]     [PICK] Found 2 total candidates
[20:13:47]     [PICK] Top candidates:
[20:13:47]     [PICK]   1. score=0.250 author_ok=True | 'manually add a book to our database'
[20:13:47]     [PICK]   2. score=0.250 author_ok=True | 'manually add a book to our database'
[20:13:47]     [PICK] ✗ No match >= 0.6 found
[20:13:47]     [PICK] Threshold: 0.6, Best score found: 0.000
[20:13:47]     [PROCESS] No result matched, trying next query
[20:13:47]     [PROCESS] Query 2/3: 'Tempting Adam (Seattle Steam Book 2) Shelli Stevens'
[20:13:47]     [SEARCH] Searching for: 'Tempting Adam (Seattle Steam Book 2) Shelli Stevens'
[20:13:53]     [SEARCH] Search submitted, landed on: https://app.thestorygraph.com/browse?search_term=Tempting%20Adam%20(Seattle%20Steam%20Book%202)%20Shelli%20Stevens
[20:13:53]     [PICK] Looking for: title='Tempting Adam (Seattle Steam Book 2)', author='Shelli Stevens'
[20:13:53]     [PICK] Author last names to match: ['stevens']
[20:13:53]     [PICK] Current URL: https://app.thestorygraph.com/browse?search_term=Tempting%20Adam%20(Seattle%20Steam%20Book%202)%20Shelli%20Stevens
[20:13:53]     [PICK] Selector 'a[href*="/books/"]': 1 candidates found
[20:13:53]     [PICK] [0] score=0.250 author_ok=True | 'manually add a book to our database' | /books/new
[20:13:53]     [PICK] Selector 'main a[href*="/books/"]': 1 candidates found
[20:13:54]     [PICK] [0] score=0.250 author_ok=True | 'manually add a book to our database' | /books/new
[20:13:54]     [PICK] Selector '.book-pane a': 0 candidates found
[20:13:54]     [PICK] Selector '[class*="book"] a': 0 candidates found
[20:13:54]     [PICK] Selector 'a:has-text("Tempting Adam (Seattle Steam B")': 0 candidates found
[20:13:54]     [PICK] Found 2 total candidates
[20:13:54]     [PICK] Top candidates:
[20:13:54]     [PICK]   1. score=0.250 author_ok=True | 'manually add a book to our database'
[20:13:54]     [PICK]   2. score=0.250 author_ok=True | 'manually add a book to our database'
[20:13:54]     [PICK] ✗ No match >= 0.6 found
[20:13:54]     [PICK] Threshold: 0.6, Best score found: 0.000
[20:13:54]     [PROCESS] No result matched, trying next query
[20:13:54]     [PROCESS] Query 3/3: 'Tempting Adam (Seattle Steam Book 2)'
[20:13:54]     [SEARCH] Searching for: 'Tempting Adam (Seattle Steam Book 2)'
[20:14:00]     [SEARCH] Search submitted, landed on: https://app.thestorygraph.com/browse?search_term=Tempting%20Adam%20(Seattle%20Steam%20Book%202)
[20:14:00]     [PICK] Looking for: title='Tempting Adam (Seattle Steam Book 2)', author='Shelli Stevens'
[20:14:00]     [PICK] Author last names to match: ['stevens']
[20:14:00]     [PICK] Current URL: https://app.thestorygraph.com/browse?search_term=Tempting%20Adam%20(Seattle%20Steam%20Book%202)
[20:14:00]     [PICK] Selector 'a[href*="/books/"]': 1 candidates found
[20:14:00]     [PICK] [0] score=0.250 author_ok=True | 'manually add a book to our database' | /books/new
[20:14:00]     [PICK] Selector 'main a[href*="/books/"]': 1 candidates found
[20:14:00]     [PICK] [0] score=0.250 author_ok=True | 'manually add a book to our database' | /books/new
[20:14:00]     [PICK] Selector '.book-pane a': 0 candidates found
[20:14:00]     [PICK] Selector '[class*="book"] a': 0 candidates found
[20:14:00]     [PICK] Selector 'a:has-text("Tempting Adam (Seattle Steam B")': 0 candidates found
[20:14:00]     [PICK] Found 2 total candidates
[20:14:00]     [PICK] Top candidates:
[20:14:00]     [PICK]   1. score=0.250 author_ok=True | 'manually add a book to our database'
[20:14:00]     [PICK]   2. score=0.250 author_ok=True | 'manually add a book to our database'
[20:14:00]     [PICK] ✗ No match >= 0.6 found
[20:14:00]     [PICK] Threshold: 0.6, Best score found: 0.000
[20:14:00]     [PROCESS] No result matched, trying next query
[20:14:00]     [PROCESS] ✗ Not found after 3 queries
[20:14:00]  -> Not Found: No matching StoryGraph result after trying all queries
[20:14:09] 
============================================================
[20:14:09] [12/418] Falling Fast (The Lodge Series Novels Book 4) | J.H. Croix  (owned=YES)
[20:14:09] ============================================================
[20:14:09]     [PROCESS] Trying 3 queries: ['B01FQ4H75A', 'Falling Fast (The Lodge Series Novels Book 4) J.H. Croix', 'Falling Fast (The Lodge Series Novels Book 4)']
[20:14:09]     [PROCESS] Query 1/3: 'B01FQ4H75A'
[20:14:09]     [SEARCH] Searching for: 'B01FQ4H75A'
[20:14:15]     [SEARCH] Search submitted, landed on: https://app.thestorygraph.com/browse?search_term=B01FQ4H75A
[20:14:15]     [PICK] Looking for: title='Falling Fast (The Lodge Series Novels Book 4)', author='J.H. Croix'
[20:14:15]     [PICK] Author last names to match: ['croix']
[20:14:15]     [PICK] Current URL: https://app.thestorygraph.com/browse?search_term=B01FQ4H75A
[20:14:15]     [PICK] Selector 'a[href*="/books/"]': 1 candidates found
[20:14:16]     [PICK] [0] score=0.255 author_ok=True | 'manually add a book to our database' | /books/new
[20:14:16]     [PICK] Selector 'main a[href*="/books/"]': 1 candidates found
[20:14:16]     [PICK] [0] score=0.255 author_ok=True | 'manually add a book to our database' | /books/new
[20:14:16]     [PICK] Selector '.book-pane a': 0 candidates found
[20:14:16]     [PICK] Selector '[class*="book"] a': 0 candidates found
[20:14:16]     [PICK] Selector 'a:has-text("Falling Fast (The Lodge Series")': 0 candidates found
[20:14:16]     [PICK] Found 2 total candidates
[20:14:16]     [PICK] Top candidates:
[20:14:16]     [PICK]   1. score=0.255 author_ok=True | 'manually add a book to our database'
[20:14:16]     [PICK]   2. score=0.255 author_ok=True | 'manually add a book to our database'
[20:14:16]     [PICK] ✗ No match >= 0.6 found
[20:14:16]     [PICK] Threshold: 0.6, Best score found: 0.000
[20:14:16]     [PROCESS] No result matched, trying next query
[20:14:16]     [PROCESS] Query 2/3: 'Falling Fast (The Lodge Series Novels Book 4) J.H. Croix'
[20:14:16]     [SEARCH] Searching for: 'Falling Fast (The Lodge Series Novels Book 4) J.H. Croix'
[20:14:22]     [SEARCH] Search submitted, landed on: https://app.thestorygraph.com/browse?search_term=Falling%20Fast%20(The%20Lodge%20Series%20Novels%20Book%204)%20J.H.%20Croix
[20:14:22]     [PICK] Looking for: title='Falling Fast (The Lodge Series Novels Book 4)', author='J.H. Croix'
[20:14:22]     [PICK] Author last names to match: ['croix']
[20:14:22]     [PICK] Current URL: https://app.thestorygraph.com/browse?search_term=Falling%20Fast%20(The%20Lodge%20Series%20Novels%20Book%204)%20J.H.%20Croix
[20:14:22]     [PICK] Selector 'a[href*="/books/"]': 1 candidates found
[20:14:22]     [PICK] [0] score=0.255 author_ok=True | 'manually add a book to our database' | /books/new
[20:14:22]     [PICK] Selector 'main a[href*="/books/"]': 1 candidates found
[20:14:22]     [PICK] [0] score=0.255 author_ok=True | 'manually add a book to our database' | /books/new
[20:14:22]     [PICK] Selector '.book-pane a': 0 candidates found
[20:14:23]     [PICK] Selector '[class*="book"] a': 0 candidates found
[20:14:23]     [PICK] Selector 'a:has-text("Falling Fast (The Lodge Series")': 0 candidates found
[20:14:23]     [PICK] Found 2 total candidates
[20:14:23]     [PICK] Top candidates:
[20:14:23]     [PICK]   1. score=0.255 author_ok=True | 'manually add a book to our database'
[20:14:23]     [PICK]   2. score=0.255 author_ok=True | 'manually add a book to our database'
[20:14:23]     [PICK] ✗ No match >= 0.6 found
[20:14:23]     [PICK] Threshold: 0.6, Best score found: 0.000
[20:14:23]     [PROCESS] No result matched, trying next query
[20:14:23]     [PROCESS] Query 3/3: 'Falling Fast (The Lodge Series Novels Book 4)'
[20:14:23]     [SEARCH] Searching for: 'Falling Fast (The Lodge Series Novels Book 4)'
[20:14:29]     [SEARCH] Search submitted, landed on: https://app.thestorygraph.com/browse?search_term=Falling%20Fast%20(The%20Lodge%20Series%20Novels%20Book%204)
[20:14:29]     [PICK] Looking for: title='Falling Fast (The Lodge Series Novels Book 4)', author='J.H. Croix'
[20:14:29]     [PICK] Author last names to match: ['croix']
[20:14:29]     [PICK] Current URL: https://app.thestorygraph.com/browse?search_term=Falling%20Fast%20(The%20Lodge%20Series%20Novels%20Book%204)
[20:14:29]     [PICK] Selector 'a[href*="/books/"]': 1 candidates found
[20:14:29]     [PICK] [0] score=0.255 author_ok=True | 'manually add a book to our database' | /books/new
[20:14:29]     [PICK] Selector 'main a[href*="/books/"]': 1 candidates found
[20:14:29]     [PICK] [0] score=0.255 author_ok=True | 'manually add a book to our database' | /books/new
[20:14:29]     [PICK] Selector '.book-pane a': 0 candidates found
[20:14:29]     [PICK] Selector '[class*="book"] a': 0 candidates found
[20:14:29]     [PICK] Selector 'a:has-text("Falling Fast (The Lodge Series")': 0 candidates found
[20:14:29]     [PICK] Found 2 total candidates
[20:14:29]     [PICK] Top candidates:
[20:14:29]     [PICK]   1. score=0.255 author_ok=True | 'manually add a book to our database'
[20:14:29]     [PICK]   2. score=0.255 author_ok=True | 'manually add a book to our database'
[20:14:29]     [PICK] ✗ No match >= 0.6 found
[20:14:29]     [PICK] Threshold: 0.6, Best score found: 0.000
[20:14:29]     [PROCESS] No result matched, trying next query
[20:14:29]     [PROCESS] ✗ Not found after 3 queries
[20:14:29]  -> Not Found: No matching StoryGraph result after trying all queries
[20:14:38] 
============================================================
[20:14:38] [13/418] All That I Want (The Hesitant Husbands Book 2) | Grace Hartwell  (owned=YES)
[20:14:38] ============================================================
[20:14:38]     [PROCESS] Trying 3 queries: ['B0CYWJKWKL', 'All That I Want (The Hesitant Husbands Book 2) Grace Hartwell', 'All That I Want (The Hesitant Husbands Book 2)']
[20:14:38]     [PROCESS] Query 1/3: 'B0CYWJKWKL'
[20:14:38]     [SEARCH] Searching for: 'B0CYWJKWKL'
[20:14:43]     [SEARCH] Search submitted, landed on: https://app.thestorygraph.com/browse?search_term=B0CYWJKWKL
[20:14:43]     [PICK] Looking for: title='All That I Want (The Hesitant Husbands Book 2)', author='Grace Hartwell'
[20:14:43]     [PICK] Author last names to match: ['hartwell']
[20:14:43]     [PICK] Current URL: https://app.thestorygraph.com/browse?search_term=B0CYWJKWKL
[20:14:43]     [PICK] Selector 'a[href*="/books/"]': 1 candidates found
[20:14:43]     [PICK] [0] score=0.320 author_ok=True | 'manually add a book to our database' | /books/new
[20:14:43]     [PICK] Selector 'main a[href*="/books/"]': 1 candidates found
[20:14:43]     [PICK] [0] score=0.320 author_ok=True | 'manually add a book to our database' | /books/new
[20:14:43]     [PICK] Selector '.book-pane a': 0 candidates found
[20:14:43]     [PICK] Selector '[class*="book"] a': 0 candidates found
[20:14:43]     [PICK] Selector 'a:has-text("All That I Want (The Hesitant ")': 0 candidates found
[20:14:43]     [PICK] Found 2 total candidates
[20:14:43]     [PICK] Top candidates:
[20:14:43]     [PICK]   1. score=0.320 author_ok=True | 'manually add a book to our database'
[20:14:43]     [PICK]   2. score=0.320 author_ok=True | 'manually add a book to our database'
[20:14:43]     [PICK] ✗ No match >= 0.6 found
[20:14:43]     [PICK] Threshold: 0.6, Best score found: 0.000
[20:14:43]     [PROCESS] No result matched, trying next query
[20:14:43]     [PROCESS] Query 2/3: 'All That I Want (The Hesitant Husbands Book 2) Grace Hartwell'
[20:14:43]     [SEARCH] Searching for: 'All That I Want (The Hesitant Husbands Book 2) Grace Hartwell'
[20:14:49]     [SEARCH] Search submitted, landed on: https://app.thestorygraph.com/browse?search_term=All%20That%20I%20Want%20(The%20Hesitant%20Husbands%20Book%202)%20Grace%20Hartwell
[20:14:49]     [PICK] Looking for: title='All That I Want (The Hesitant Husbands Book 2)', author='Grace Hartwell'
[20:14:49]     [PICK] Author last names to match: ['hartwell']
[20:14:49]     [PICK] Current URL: https://app.thestorygraph.com/browse?search_term=All%20That%20I%20Want%20(The%20Hesitant%20Husbands%20Book%202)%20Grace%20Hartwell
[20:14:49]     [PICK] Selector 'a[href*="/books/"]': 1 candidates found
[20:14:49]     [PICK] [0] score=0.320 author_ok=True | 'manually add a book to our database' | /books/new
[20:14:49]     [PICK] Selector 'main a[href*="/books/"]': 1 candidates found
[20:14:49]     [PICK] [0] score=0.320 author_ok=True | 'manually add a book to our database' | /books/new
[20:14:49]     [PICK] Selector '.book-pane a': 0 candidates found
[20:14:49]     [PICK] Selector '[class*="book"] a': 0 candidates found
[20:14:49]     [PICK] Selector 'a:has-text("All That I Want (The Hesitant ")': 0 candidates found
[20:14:49]     [PICK] Found 2 total candidates
[20:14:49]     [PICK] Top candidates:
[20:14:49]     [PICK]   1. score=0.320 author_ok=True | 'manually add a book to our database'
[20:14:49]     [PICK]   2. score=0.320 author_ok=True | 'manually add a book to our database'
[20:14:49]     [PICK] ✗ No match >= 0.6 found
[20:14:49]     [PICK] Threshold: 0.6, Best score found: 0.000
[20:14:49]     [PROCESS] No result matched, trying next query
[20:14:49]     [PROCESS] Query 3/3: 'All That I Want (The Hesitant Husbands Book 2)'
[20:14:49]     [SEARCH] Searching for: 'All That I Want (The Hesitant Husbands Book 2)'
[20:14:55]     [SEARCH] Search submitted, landed on: https://app.thestorygraph.com/browse?search_term=All%20That%20I%20Want%20(The%20Hesitant%20Husbands%20Book%202)
[20:14:55]     [PICK] Looking for: title='All That I Want (The Hesitant Husbands Book 2)', author='Grace Hartwell'
[20:14:55]     [PICK] Author last names to match: ['hartwell']
[20:14:55]     [PICK] Current URL: https://app.thestorygraph.com/browse?search_term=All%20That%20I%20Want%20(The%20Hesitant%20Husbands%20Book%202)
[20:14:55]     [PICK] Selector 'a[href*="/books/"]': 1 candidates found
[20:14:55]     [PICK] [0] score=0.320 author_ok=True | 'manually add a book to our database' | /books/new
[20:14:55]     [PICK] Selector 'main a[href*="/books/"]': 1 candidates found
[20:14:55]     [PICK] [0] score=0.320 author_ok=True | 'manually add a book to our database' | /books/new
[20:14:55]     [PICK] Selector '.book-pane a': 0 candidates found
[20:14:55]     [PICK] Selector '[class*="book"] a': 0 candidates found
[20:14:55]     [PICK] Selector 'a:has-text("All That I Want (The Hesitant ")': 0 candidates found
[20:14:55]     [PICK] Found 2 total candidates
[20:14:55]     [PICK] Top candidates:
[20:14:55]     [PICK]   1. score=0.320 author_ok=True | 'manually add a book to our database'
[20:14:55]     [PICK]   2. score=0.320 author_ok=True | 'manually add a book to our database'
[20:14:55]     [PICK] ✗ No match >= 0.6 found
[20:14:55]     [PICK] Threshold: 0.6, Best score found: 0.000
[20:14:55]     [PROCESS] No result matched, trying next query
[20:14:55]     [PROCESS] ✗ Not found after 3 queries
[20:14:55]  -> Not Found: No matching StoryGraph result after trying all queries
[20:15:03] 
============================================================
[20:15:03] [14/418] Barefoot in Hyde Park (The Hellion Club Book 2) | Chasity Bowlin  (owned=YES)
[20:15:03] ============================================================
[20:15:03]     [PROCESS] Trying 3 queries: ['B083JM35FJ', 'Barefoot in Hyde Park (The Hellion Club Book 2) Chasity Bowlin', 'Barefoot in Hyde Park (The Hellion Club Book 2)']
[20:15:03]     [PROCESS] Query 1/3: 'B083JM35FJ'
[20:15:03]     [SEARCH] Searching for: 'B083JM35FJ'
[20:15:09]     [SEARCH] Search submitted, landed on: https://app.thestorygraph.com/browse?search_term=B083JM35FJ
[20:15:09]     [PICK] Looking for: title='Barefoot in Hyde Park (The Hellion Club Book 2)', author='Chasity Bowlin'
[20:15:09]     [PICK] Author last names to match: ['bowlin']
[20:15:09]     [PICK] Current URL: https://app.thestorygraph.com/browse?search_term=B083JM35FJ
[20:15:09]     [PICK] Selector 'a[href*="/books/"]': 1 candidates found
[20:15:09]     [PICK] [0] score=0.143 author_ok=True | 'manually add a book to our database' | /books/new
[20:15:09]     [PICK] Selector 'main a[href*="/books/"]': 1 candidates found
[20:15:09]     [PICK] [0] score=0.143 author_ok=True | 'manually add a book to our database' | /books/new
[20:15:09]     [PICK] Selector '.book-pane a': 0 candidates found
[20:15:09]     [PICK] Selector '[class*="book"] a': 0 candidates found
[20:15:09]     [PICK] Selector 'a:has-text("Barefoot in Hyde Park (The Hel")': 0 candidates found
[20:15:09]     [PICK] Found 2 total candidates
[20:15:09]     [PICK] Top candidates:
[20:15:09]     [PICK]   1. score=0.143 author_ok=True | 'manually add a book to our database'
[20:15:09]     [PICK]   2. score=0.143 author_ok=True | 'manually add a book to our database'
[20:15:10]     [PICK] ✗ No match >= 0.6 found
[20:15:10]     [PICK] Threshold: 0.6, Best score found: 0.000
[20:15:10]     [PROCESS] No result matched, trying next query
[20:15:10]     [PROCESS] Query 2/3: 'Barefoot in Hyde Park (The Hellion Club Book 2) Chasity Bowlin'
[20:15:10]     [SEARCH] Searching for: 'Barefoot in Hyde Park (The Hellion Club Book 2) Chasity Bowlin'
[20:15:15]     [SEARCH] Search submitted, landed on: https://app.thestorygraph.com/browse?search_term=Barefoot%20in%20Hyde%20Park%20(The%20Hellion%20Club%20Book%202)%20Chasity%20Bowlin
[20:15:15]     [PICK] Looking for: title='Barefoot in Hyde Park (The Hellion Club Book 2)', author='Chasity Bowlin'
[20:15:15]     [PICK] Author last names to match: ['bowlin']
[20:15:15]     [PICK] Current URL: https://app.thestorygraph.com/browse?search_term=Barefoot%20in%20Hyde%20Park%20(The%20Hellion%20Club%20Book%202)%20Chasity%20Bowlin
[20:15:15]     [PICK] Selector 'a[href*="/books/"]': 1 candidates found
[20:15:15]     [PICK] [0] score=0.143 author_ok=True | 'manually add a book to our database' | /books/new
[20:15:15]     [PICK] Selector 'main a[href*="/books/"]': 1 candidates found
[20:15:15]     [PICK] [0] score=0.143 author_ok=True | 'manually add a book to our database' | /books/new
[20:15:15]     [PICK] Selector '.book-pane a': 0 candidates found
[20:15:15]     [PICK] Selector '[class*="book"] a': 0 candidates found
[20:15:15]     [PICK] Selector 'a:has-text("Barefoot in Hyde Park (The Hel")': 0 candidates found
[20:15:15]     [PICK] Found 2 total candidates
[20:15:15]     [PICK] Top candidates:
[20:15:15]     [PICK]   1. score=0.143 author_ok=True | 'manually add a book to our database'
[20:15:15]     [PICK]   2. score=0.143 author_ok=True | 'manually add a book to our database'
[20:15:15]     [PICK] ✗ No match >= 0.6 found
[20:15:15]     [PICK] Threshold: 0.6, Best score found: 0.000
[20:15:15]     [PROCESS] No result matched, trying next query
[20:15:16]     [PROCESS] Query 3/3: 'Barefoot in Hyde Park (The Hellion Club Book 2)'
[20:15:16]     [SEARCH] Searching for: 'Barefoot in Hyde Park (The Hellion Club Book 2)'
[20:15:22]     [SEARCH] Search submitted, landed on: https://app.thestorygraph.com/browse?search_term=Barefoot%20in%20Hyde%20Park%20(The%20Hellion%20Club%20Book%202)
[20:15:22]     [PICK] Looking for: title='Barefoot in Hyde Park (The Hellion Club Book 2)', author='Chasity Bowlin'
[20:15:22]     [PICK] Author last names to match: ['bowlin']
[20:15:22]     [PICK] Current URL: https://app.thestorygraph.com/browse?search_term=Barefoot%20in%20Hyde%20Park%20(The%20Hellion%20Club%20Book%202)
[20:15:22]     [PICK] Selector 'a[href*="/books/"]': 1 candidates found
[20:15:22]     [PICK] [0] score=0.143 author_ok=True | 'manually add a book to our database' | /books/new
[20:15:22]     [PICK] Selector 'main a[href*="/books/"]': 1 candidates found
[20:15:22]     [PICK] [0] score=0.143 author_ok=True | 'manually add a book to our database' | /books/new
[20:15:22]     [PICK] Selector '.book-pane a': 0 candidates found
[20:15:22]     [PICK] Selector '[class*="book"] a': 0 candidates found
[20:15:22]     [PICK] Selector 'a:has-text("Barefoot in Hyde Park (The Hel")': 0 candidates found
[20:15:22]     [PICK] Found 2 total candidates
[20:15:22]     [PICK] Top candidates:
[20:15:22]     [PICK]   1. score=0.143 author_ok=True | 'manually add a book to our database'
[20:15:22]     [PICK]   2. score=0.143 author_ok=True | 'manually add a book to our database'
[20:15:22]     [PICK] ✗ No match >= 0.6 found
[20:15:22]     [PICK] Threshold: 0.6, Best score found: 0.000
[20:15:22]     [PROCESS] No result matched, trying next query
[20:15:22]     [PROCESS] ✗ Not found after 3 queries
[20:15:22]  -> Not Found: No matching StoryGraph result after trying all queries
[20:15:29] 
============================================================
[20:15:29] [15/418] Sandor (Royal Protectors Book 1) | Kat Mizera  (owned=YES)
[20:15:29] ============================================================
[20:15:29]     [PROCESS] Trying 3 queries: ['B083RRCHBB', 'Sandor (Royal Protectors Book 1) Kat Mizera', 'Sandor (Royal Protectors Book 1)']
[20:15:29]     [PROCESS] Query 1/3: 'B083RRCHBB'
[20:15:29]     [SEARCH] Searching for: 'B083RRCHBB'
[20:15:35]     [SEARCH] Search submitted, landed on: https://app.thestorygraph.com/browse?search_term=B083RRCHBB
[20:15:35]     [PICK] Looking for: title='Sandor (Royal Protectors Book 1)', author='Kat Mizera'
[20:15:35]     [PICK] Author last names to match: ['mizera']
[20:15:35]     [PICK] Current URL: https://app.thestorygraph.com/browse?search_term=B083RRCHBB
[20:15:35]     [PICK] Selector 'a[href*="/books/"]': 1 candidates found
[20:15:35]     [PICK] [0] score=0.244 author_ok=True | 'manually add a book to our database' | /books/new
[20:15:35]     [PICK] Selector 'main a[href*="/books/"]': 1 candidates found
[20:15:35]     [PICK] [0] score=0.244 author_ok=True | 'manually add a book to our database' | /books/new
[20:15:35]     [PICK] Selector '.book-pane a': 0 candidates found
[20:15:35]     [PICK] Selector '[class*="book"] a': 0 candidates found
[20:15:35]     [PICK] Selector 'a:has-text("Sandor (Royal Protectors Book ")': 0 candidates found
[20:15:35]     [PICK] Found 2 total candidates
[20:15:35]     [PICK] Top candidates:
[20:15:35]     [PICK]   1. score=0.244 author_ok=True | 'manually add a book to our database'
[20:15:35]     [PICK]   2. score=0.244 author_ok=True | 'manually add a book to our database'
[20:15:35]     [PICK] ✗ No match >= 0.6 found
[20:15:35]     [PICK] Threshold: 0.6, Best score found: 0.000
[20:15:35]     [PROCESS] No result matched, trying next query
[20:15:35]     [PROCESS] Query 2/3: 'Sandor (Royal Protectors Book 1) Kat Mizera'
[20:15:35]     [SEARCH] Searching for: 'Sandor (Royal Protectors Book 1) Kat Mizera'
[20:15:41]     [SEARCH] Search submitted, landed on: https://app.thestorygraph.com/browse?search_term=Sandor%20(Royal%20Protectors%20Book%201)%20Kat%20Mizera
[20:15:41]     [PICK] Looking for: title='Sandor (Royal Protectors Book 1)', author='Kat Mizera'
[20:15:41]     [PICK] Author last names to match: ['mizera']
[20:15:41]     [PICK] Current URL: https://app.thestorygraph.com/browse?search_term=Sandor%20(Royal%20Protectors%20Book%201)%20Kat%20Mizera
[20:15:41]     [PICK] Selector 'a[href*="/books/"]': 1 candidates found
[20:15:41]     [PICK] [0] score=0.244 author_ok=True | 'manually add a book to our database' | /books/new
[20:15:41]     [PICK] Selector 'main a[href*="/books/"]': 1 candidates found
[20:15:41]     [PICK] [0] score=0.244 author_ok=True | 'manually add a book to our database' | /books/new
[20:15:41]     [PICK] Selector '.book-pane a': 0 candidates found
[20:15:41]     [PICK] Selector '[class*="book"] a': 0 candidates found
[20:15:41]     [PICK] Selector 'a:has-text("Sandor (Royal Protectors Book ")': 0 candidates found
[20:15:41]     [PICK] Found 2 total candidates
[20:15:41]     [PICK] Top candidates:
[20:15:41]     [PICK]   1. score=0.244 author_ok=True | 'manually add a book to our database'
[20:15:41]     [PICK]   2. score=0.244 author_ok=True | 'manually add a book to our database'
[20:15:41]     [PICK] ✗ No match >= 0.6 found
[20:15:41]     [PICK] Threshold: 0.6, Best score found: 0.000
[20:15:41]     [PROCESS] No result matched, trying next query
[20:15:41]     [PROCESS] Query 3/3: 'Sandor (Royal Protectors Book 1)'
[20:15:41]     [SEARCH] Searching for: 'Sandor (Royal Protectors Book 1)'
[20:15:47]     [SEARCH] Search submitted, landed on: https://app.thestorygraph.com/browse?search_term=Sandor%20(Royal%20Protectors%20Book%201)
[20:15:47]     [PICK] Looking for: title='Sandor (Royal Protectors Book 1)', author='Kat Mizera'
[20:15:47]     [PICK] Author last names to match: ['mizera']
[20:15:47]     [PICK] Current URL: https://app.thestorygraph.com/browse?search_term=Sandor%20(Royal%20Protectors%20Book%201)
[20:15:47]     [PICK] Selector 'a[href*="/books/"]': 7 candidates found
[20:15:47]     [PICK] [0] score=0.375 author_ok=True | 'Add a book' | /books/new
[20:15:47]     [PICK] [1] Parent text: 'Xander: Royal Protectors, Book 2\n—'
[20:15:47]     [PICK] [1] Found 0 author links on page
[20:16:47]     [PICK] [1] ✗ None of ['mizera'] found anywhere
[20:16:47]     [PICK] [1] score=0.667 author_ok=False | 'Xander: Royal Protectors, Book 2\n—' | /books/38ae8d85-f1b2-4e15-b348-d7e265296b82
[20:16:47]     [PICK] [2] Parent text: 'Xander: Royal Protectors, Book 2'
[20:16:47]     [PICK] [2] Found 0 author links on page
[20:16:47]     [PICK] [2] Sibling text: '  '
[20:16:47]     [PICK] [2] ✗ None of ['mizera'] found anywhere
[20:16:47]     [PICK] [2] score=0.667 author_ok=False | 'Xander: Royal Protectors, Book 2' | /books/38ae8d85-f1b2-4e15-b348-d7e265296b82
[20:16:47]     [PICK] [3] score=0.267 author_ok=True | '1 edition' | /books/38ae8d85-f1b2-4e15-b348-d7e265296b82/editions
[20:16:47]     [PICK] [4] Parent text: 'Xander: Royal Protectors, Book 2—'
[20:16:47]     [PICK] [4] Found 0 author links on page
[20:17:47]     [PICK] [4] ✗ None of ['mizera'] found anywhere
[20:17:47]     [PICK] [4] score=0.667 author_ok=False | 'Xander: Royal Protectors, Book 2—' | /books/38ae8d85-f1b2-4e15-b348-d7e265296b82
[20:17:47]     [PICK] [5] Parent text: 'Xander: Royal Protectors, Book 2'
[20:17:47]     [PICK] [5] Found 0 author links on page
[20:18:47]     [PICK] [5] ✗ None of ['mizera'] found anywhere
[20:18:47]     [PICK] [5] score=0.667 author_ok=False | 'Xander: Royal Protectors, Book 2' | /books/38ae8d85-f1b2-4e15-b348-d7e265296b82
[20:18:47]     [PICK] [6] score=0.267 author_ok=True | '1 edition' | /books/38ae8d85-f1b2-4e15-b348-d7e265296b82/editions
[20:18:47]     [PICK] Selector 'main a[href*="/books/"]': 7 candidates found
[20:18:47]     [PICK] [0] score=0.375 author_ok=True | 'Add a book' | /books/new
[20:18:47]     [PICK] [1] Parent text: 'Xander: Royal Protectors, Book 2\n—'
[20:18:47]     [PICK] [1] Found 0 author links on page
[20:19:47]     [PICK] [1] ✗ None of ['mizera'] found anywhere
[20:19:47]     [PICK] [1] score=0.667 author_ok=False | 'Xander: Royal Protectors, Book 2\n—' | /books/38ae8d85-f1b2-4e15-b348-d7e265296b82
[20:19:47]     [PICK] [2] Parent text: 'Xander: Royal Protectors, Book 2'
[20:19:47]     [PICK] [2] Found 0 author links on page
[20:19:47]     [PICK] [2] Sibling text: '  '
[20:19:47]     [PICK] [2] ✗ None of ['mizera'] found anywhere
[20:19:47]     [PICK] [2] score=0.667 author_ok=False | 'Xander: Royal Protectors, Book 2' | /books/38ae8d85-f1b2-4e15-b348-d7e265296b82
[20:19:47]     [PICK] [3] score=0.267 author_ok=True | '1 edition' | /books/38ae8d85-f1b2-4e15-b348-d7e265296b82/editions
[20:19:47]     [PICK] [4] Parent text: 'Xander: Royal Protectors, Book 2—'
[20:19:47]     [PICK] [4] Found 0 author links on page
[20:20:47]     [PICK] [4] ✗ None of ['mizera'] found anywhere
[20:20:49]     [PICK] [4] score=0.667 author_ok=False | 'Xander: Royal Protectors, Book 2—' | /books/38ae8d85-f1b2-4e15-b348-d7e265296b82
[20:20:49]     [PICK] [5] Parent text: 'Xander: Royal Protectors, Book 2'
[20:20:49]     [PICK] [5] Found 0 author links on page
[20:21:49]     [PICK] [5] ✗ None of ['mizera'] found anywhere
[20:21:49]     [PICK] [5] score=0.667 author_ok=False | 'Xander: Royal Protectors, Book 2' | /books/38ae8d85-f1b2-4e15-b348-d7e265296b82
[20:21:49]     [PICK] [6] score=0.267 author_ok=True | '1 edition' | /books/38ae8d85-f1b2-4e15-b348-d7e265296b82/editions
[20:21:49]     [PICK] Selector '.book-pane a': 8 candidates found
[20:21:49]     [PICK] [0] Parent text: 'Xander: Royal Protectors, Book 2\n—'
[20:21:49]     [PICK] [0] Found 0 author links on page
[20:22:49]     [PICK] [0] ✗ None of ['mizera'] found anywhere
[20:22:49]     [PICK] [0] score=0.667 author_ok=False | 'Xander: Royal Protectors, Book 2\n—' | /books/38ae8d85-f1b2-4e15-b348-d7e265296b82
[20:22:49]     [PICK] [1] Parent text: 'Xander: Royal Protectors, Book 2'
[20:22:49]     [PICK] [1] Found 0 author links on page
[20:22:49]     [PICK] [1] Sibling text: '  '
[20:22:49]     [PICK] [1] ✗ None of ['mizera'] found anywhere
[20:22:49]     [PICK] [1] score=0.667 author_ok=False | 'Xander: Royal Protectors, Book 2' | /books/38ae8d85-f1b2-4e15-b348-d7e265296b82
[20:22:49]     [PICK] [2] score=0.267 author_ok=True | '1 edition' | /books/38ae8d85-f1b2-4e15-b348-d7e265296b82/editions
[20:22:50]     [PICK] [3] score=0.211 author_ok=True | 'mark as owned' | /mark-as-owned-find-a-book?book_id=38ae8d85-f1b2-4e15-b348-d7e265296b82
[20:22:50]     [PICK] [4] Parent text: 'Xander: Royal Protectors, Book 2—'
[20:22:50]     [PICK] [4] Found 0 author links on page
[20:23:50]     [PICK] [4] ✗ None of ['mizera'] found anywhere
[20:23:50]     [PICK] [4] score=0.667 author_ok=False | 'Xander: Royal Protectors, Book 2—' | /books/38ae8d85-f1b2-4e15-b348-d7e265296b82
[20:23:50]     [PICK] [5] Parent text: 'Xander: Royal Protectors, Book 2'
[20:23:50]     [PICK] [5] Found 0 author links on page
[20:24:50]     [PICK] [5] ✗ None of ['mizera'] found anywhere
[20:24:50]     [PICK] [5] score=0.667 author_ok=False | 'Xander: Royal Protectors, Book 2' | /books/38ae8d85-f1b2-4e15-b348-d7e265296b82
[20:24:50]     [PICK] [6] score=0.267 author_ok=True | '1 edition' | /books/38ae8d85-f1b2-4e15-b348-d7e265296b82/editions
[20:24:50]     [PICK] [7] score=0.211 author_ok=True | 'mark as owned' | /mark-as-owned-find-a-book?book_id=38ae8d85-f1b2-4e15-b348-d7e265296b82
[20:24:50]     [PICK] Selector '[class*="book"] a': 8 candidates found
[20:24:50]     [PICK] [0] Parent text: 'Xander: Royal Protectors, Book 2\n—'
[20:24:50]     [PICK] [0] Found 0 author links on page
[20:25:50]     [PICK] [0] ✗ None of ['mizera'] found anywhere
[20:25:50]     [PICK] [0] score=0.667 author_ok=False | 'Xander: Royal Protectors, Book 2\n—' | /books/38ae8d85-f1b2-4e15-b348-d7e265296b82
[20:25:50]     [PICK] [1] Parent text: 'Xander: Royal Protectors, Book 2'
[20:25:50]     [PICK] [1] Found 0 author links on page
[20:25:50]     [PICK] [1] Sibling text: '  '
[20:25:50]     [PICK] [1] ✗ None of ['mizera'] found anywhere
[20:25:50]     [PICK] [1] score=0.667 author_ok=False | 'Xander: Royal Protectors, Book 2' | /books/38ae8d85-f1b2-4e15-b348-d7e265296b82
[20:25:50]     [PICK] [2] score=0.267 author_ok=True | '1 edition' | /books/38ae8d85-f1b2-4e15-b348-d7e265296b82/editions
[20:25:50]     [PICK] [3] score=0.211 author_ok=True | 'mark as owned' | /mark-as-owned-find-a-book?book_id=38ae8d85-f1b2-4e15-b348-d7e265296b82
[20:25:50]     [PICK] [4] Parent text: 'Xander: Royal Protectors, Book 2—'
[20:25:50]     [PICK] [4] Found 0 author links on page
[20:26:50]     [PICK] [4] ✗ None of ['mizera'] found anywhere
[20:26:50]     [PICK] [4] score=0.667 author_ok=False | 'Xander: Royal Protectors, Book 2—' | /books/38ae8d85-f1b2-4e15-b348-d7e265296b82
[20:26:50]     [PICK] [5] Parent text: 'Xander: Royal Protectors, Book 2'
[20:26:50]     [PICK] [5] Found 0 author links on page
[20:27:50]     [PICK] [5] ✗ None of ['mizera'] found anywhere
[20:27:50]     [PICK] [5] score=0.667 author_ok=False | 'Xander: Royal Protectors, Book 2' | /books/38ae8d85-f1b2-4e15-b348-d7e265296b82
[20:27:50]     [PICK] [6] score=0.267 author_ok=True | '1 edition' | /books/38ae8d85-f1b2-4e15-b348-d7e265296b82/editions
[20:27:50]     [PICK] [7] score=0.211 author_ok=True | 'mark as owned' | /mark-as-owned-find-a-book?book_id=38ae8d85-f1b2-4e15-b348-d7e265296b82
[20:27:50]     [PICK] Selector 'a:has-text("Sandor (Royal Protectors Book ")': 0 candidates found
[20:27:50]     [PICK] Found 30 total candidates
[20:27:50]     [PICK] Top candidates:
[20:27:50]     [PICK]   1. score=0.667 author_ok=False | 'Xander: Royal Protectors, Book 2\n—'
[20:27:50]     [PICK]   2. score=0.667 author_ok=False | 'Xander: Royal Protectors, Book 2'
[20:27:50]     [PICK]   3. score=0.667 author_ok=False | 'Xander: Royal Protectors, Book 2—'
[20:27:50]     [PICK]   4. score=0.667 author_ok=False | 'Xander: Royal Protectors, Book 2'
[20:27:50]     [PICK]   5. score=0.667 author_ok=False | 'Xander: Royal Protectors, Book 2\n—'
[20:27:50]     [PICK] ✗ No match >= 0.6 found
[20:27:50]     [PICK] Threshold: 0.6, Best score found: 0.000
[20:27:50]     [PROCESS] No result matched, trying next query
[20:27:50]     [PROCESS] ✗ Not found after 3 queries
[20:27:50]  -> Not Found: No matching StoryGraph result after trying all queries
[20:27:57] 
============================================================
[20:27:57] [16/418] I Refuse To Be Lonely (New York Organizations Book 4) | Samara Jones  (owned=YES)
[20:27:57] ============================================================
[20:27:57]     [PROCESS] Trying 3 queries: ['B0DDWFRP4K', 'I Refuse To Be Lonely (New York Organizations Book 4) Samara Jones', 'I Refuse To Be Lonely (New York Organizations Book 4)']
[20:27:57]     [PROCESS] Query 1/3: 'B0DDWFRP4K'
[20:27:57]     [SEARCH] Searching for: 'B0DDWFRP4K'
[20:28:05]     [SEARCH] Search submitted, landed on: https://app.thestorygraph.com/browse?search_term=B0DDWFRP4K
[20:28:05]     [PICK] Looking for: title='I Refuse To Be Lonely (New York Organizations Book 4)', author='Samara Jones'
[20:28:05]     [PICK] Author last names to match: ['jones']
[20:28:05]     [PICK] Current URL: https://app.thestorygraph.com/browse?search_term=B0DDWFRP4K
[20:28:05]     [PICK] Selector 'a[href*="/books/"]': 1 candidates found
[20:28:05]     [PICK] [0] score=0.250 author_ok=True | 'manually add a book to our database' | /books/new
[20:28:05]     [PICK] Selector 'main a[href*="/books/"]': 1 candidates found
[20:28:05]     [PICK] [0] score=0.250 author_ok=True | 'manually add a book to our database' | /books/new
[20:28:05]     [PICK] Selector '.book-pane a': 0 candidates found
[20:28:05]     [PICK] Selector '[class*="book"] a': 0 candidates found
[20:28:05]     [PICK] Selector 'a:has-text("I Refuse To Be Lonely (New Yor")': 0 candidates found
[20:28:05]     [PICK] Found 2 total candidates
[20:28:05]     [PICK] Top candidates:
[20:28:05]     [PICK]   1. score=0.250 author_ok=True | 'manually add a book to our database'
[20:28:06]     [PICK]   2. score=0.250 author_ok=True | 'manually add a book to our database'
[20:28:06]     [PICK] ✗ No match >= 0.6 found
[20:28:06]     [PICK] Threshold: 0.6, Best score found: 0.000
[20:28:06]     [PROCESS] No result matched, trying next query
[20:28:06]     [PROCESS] Query 2/3: 'I Refuse To Be Lonely (New York Organizations Book 4) Samara Jones'
[20:28:06]     [SEARCH] Searching for: 'I Refuse To Be Lonely (New York Organizations Book 4) Samara Jones'
[20:28:11]     [SEARCH] Search submitted, landed on: https://app.thestorygraph.com/browse?search_term=I%20Refuse%20To%20Be%20Lonely%20(New%20York%20Organizations%20Book%204)%20Samara%20Jones
[20:28:11]     [PICK] Looking for: title='I Refuse To Be Lonely (New York Organizations Book 4)', author='Samara Jones'
[20:28:11]     [PICK] Author last names to match: ['jones']
[20:28:11]     [PICK] Current URL: https://app.thestorygraph.com/browse?search_term=I%20Refuse%20To%20Be%20Lonely%20(New%20York%20Organizations%20Book%204)%20Samara%20Jones
[20:28:11]     [PICK] Selector 'a[href*="/books/"]': 1 candidates found
[20:28:11]     [PICK] [0] score=0.250 author_ok=True | 'manually add a book to our database' | /books/new
[20:28:11]     [PICK] Selector 'main a[href*="/books/"]': 1 candidates found
[20:28:11]     [PICK] [0] score=0.250 author_ok=True | 'manually add a book to our database' | /books/new
[20:28:11]     [PICK] Selector '.book-pane a': 0 candidates found
[20:28:11]     [PICK] Selector '[class*="book"] a': 0 candidates found
[20:28:11]     [PICK] Selector 'a:has-text("I Refuse To Be Lonely (New Yor")': 0 candidates found
[20:28:11]     [PICK] Found 2 total candidates
[20:28:11]     [PICK] Top candidates:
[20:28:11]     [PICK]   1. score=0.250 author_ok=True | 'manually add a book to our database'
[20:28:11]     [PICK]   2. score=0.250 author_ok=True | 'manually add a book to our database'
[20:28:11]     [PICK] ✗ No match >= 0.6 found
[20:28:11]     [PICK] Threshold: 0.6, Best score found: 0.000
[20:28:11]     [PROCESS] No result matched, trying next query
[20:28:11]     [PROCESS] Query 3/3: 'I Refuse To Be Lonely (New York Organizations Book 4)'
[20:28:11]     [SEARCH] Searching for: 'I Refuse To Be Lonely (New York Organizations Book 4)'
[20:28:17]     [SEARCH] Search submitted, landed on: https://app.thestorygraph.com/browse?search_term=I%20Refuse%20To%20Be%20Lonely%20(New%20York%20Organizations%20Book%204)
[20:28:17]     [PICK] Looking for: title='I Refuse To Be Lonely (New York Organizations Book 4)', author='Samara Jones'
[20:28:17]     [PICK] Author last names to match: ['jones']
[20:28:17]     [PICK] Current URL: https://app.thestorygraph.com/browse?search_term=I%20Refuse%20To%20Be%20Lonely%20(New%20York%20Organizations%20Book%204)
[20:28:17]     [PICK] Selector 'a[href*="/books/"]': 1 candidates found
[20:28:17]     [PICK] [0] score=0.250 author_ok=True | 'manually add a book to our database' | /books/new
[20:28:17]     [PICK] Selector 'main a[href*="/books/"]': 1 candidates found
[20:28:17]     [PICK] [0] score=0.250 author_ok=True | 'manually add a book to our database' | /books/new
[20:28:17]     [PICK] Selector '.book-pane a': 0 candidates found
[20:28:17]     [PICK] Selector '[class*="book"] a': 0 candidates found
[20:28:17]     [PICK] Selector 'a:has-text("I Refuse To Be Lonely (New Yor")': 0 candidates found
[20:28:17]     [PICK] Found 2 total candidates
[20:28:17]     [PICK] Top candidates:
[20:28:17]     [PICK]   1. score=0.250 author_ok=True | 'manually add a book to our database'
[20:28:17]     [PICK]   2. score=0.250 author_ok=True | 'manually add a book to our database'
[20:28:17]     [PICK] ✗ No match >= 0.6 found
[20:28:17]     [PICK] Threshold: 0.6, Best score found: 0.000
[20:28:17]     [PROCESS] No result matched, trying next query
[20:28:17]     [PROCESS] ✗ Not found after 3 queries
[20:28:17]  -> Not Found: No matching StoryGraph result after trying all queries
[20:28:24] 
============================================================
[20:28:24] [17/418] Betting Blind (Dead Man's Hand Book 1) | Lindsay Reign  (owned=YES)
[20:28:24] ============================================================
[20:28:24]     [PROCESS] Trying 3 queries: ['B0D63YHFCW', "Betting Blind (Dead Man's Hand Book 1) Lindsay Reign", "Betting Blind (Dead Man's Hand Book 1)"]
[20:28:24]     [PROCESS] Query 1/3: 'B0D63YHFCW'
[20:28:24]     [SEARCH] Searching for: 'B0D63YHFCW'
[20:28:30]     [SEARCH] Search submitted, landed on: https://app.thestorygraph.com/browse?search_term=B0D63YHFCW
[20:28:30]     [PICK] Looking for: title="Betting Blind (Dead Man's Hand Book 1)", author='Lindsay Reign'
[20:28:30]     [PICK] Author last names to match: ['reign']
[20:28:30]     [PICK] Current URL: https://app.thestorygraph.com/browse?search_term=B0D63YHFCW
[20:28:30]     [PICK] Selector 'a[href*="/books/"]': 1 candidates found
[20:28:30]     [PICK] [0] score=0.167 author_ok=True | 'manually add a book to our database' | /books/new
[20:28:30]     [PICK] Selector 'main a[href*="/books/"]': 1 candidates found
[20:28:30]     [PICK] [0] score=0.167 author_ok=True | 'manually add a book to our database' | /books/new
[20:28:30]     [PICK] Selector '.book-pane a': 0 candidates found
[20:28:30]     [PICK] Selector '[class*="book"] a': 0 candidates found
[20:28:30]     [PICK] Selector 'a:has-text("Betting Blind (Dead Man's Hand")': 0 candidates found
[20:28:30]     [PICK] Found 2 total candidates
[20:28:30]     [PICK] Top candidates:
[20:28:30]     [PICK]   1. score=0.167 author_ok=True | 'manually add a book to our database'
[20:28:30]     [PICK]   2. score=0.167 author_ok=True | 'manually add a book to our database'
[20:28:30]     [PICK] ✗ No match >= 0.6 found
[20:28:30]     [PICK] Threshold: 0.6, Best score found: 0.000
[20:28:30]     [PROCESS] No result matched, trying next query
[20:28:30]     [PROCESS] Query 2/3: "Betting Blind (Dead Man's Hand Book 1) Lindsay Reign"
[20:28:30]     [SEARCH] Searching for: "Betting Blind (Dead Man's Hand Book 1) Lindsay Reign"
[20:28:36]     [SEARCH] Search submitted, landed on: https://app.thestorygraph.com/browse?search_term=Betting%20Blind%20(Dead%20Man%27s%20Hand%20Book%201)%20Lindsay%20Reign
[20:28:36]     [PICK] Looking for: title="Betting Blind (Dead Man's Hand Book 1)", author='Lindsay Reign'
[20:28:36]     [PICK] Author last names to match: ['reign']
[20:28:36]     [PICK] Current URL: https://app.thestorygraph.com/browse?search_term=Betting%20Blind%20(Dead%20Man%27s%20Hand%20Book%201)%20Lindsay%20Reign
[20:28:36]     [PICK] Selector 'a[href*="/books/"]': 1 candidates found
[20:28:36]     [PICK] [0] score=0.167 author_ok=True | 'manually add a book to our database' | /books/new
[20:28:36]     [PICK] Selector 'main a[href*="/books/"]': 1 candidates found
[20:28:36]     [PICK] [0] score=0.167 author_ok=True | 'manually add a book to our database' | /books/new
[20:28:36]     [PICK] Selector '.book-pane a': 0 candidates found
[20:28:36]     [PICK] Selector '[class*="book"] a': 0 candidates found
[20:28:36]     [PICK] Selector 'a:has-text("Betting Blind (Dead Man's Hand")': 0 candidates found
[20:28:36]     [PICK] Found 2 total candidates
[20:28:36]     [PICK] Top candidates:
[20:28:36]     [PICK]   1. score=0.167 author_ok=True | 'manually add a book to our database'
[20:28:36]     [PICK]   2. score=0.167 author_ok=True | 'manually add a book to our database'
[20:28:36]     [PICK] ✗ No match >= 0.6 found
[20:28:36]     [PICK] Threshold: 0.6, Best score found: 0.000
[20:28:36]     [PROCESS] No result matched, trying next query
[20:28:36]     [PROCESS] Query 3/3: "Betting Blind (Dead Man's Hand Book 1)"
[20:28:36]     [SEARCH] Searching for: "Betting Blind (Dead Man's Hand Book 1)"
[20:28:41]     [SEARCH] Search submitted, landed on: https://app.thestorygraph.com/browse?search_term=Betting%20Blind%20(Dead%20Man%27s%20Hand%20Book%201)
[20:28:41]     [PICK] Looking for: title="Betting Blind (Dead Man's Hand Book 1)", author='Lindsay Reign'
[20:28:41]     [PICK] Author last names to match: ['reign']
[20:28:41]     [PICK] Current URL: https://app.thestorygraph.com/browse?search_term=Betting%20Blind%20(Dead%20Man%27s%20Hand%20Book%201)
[20:28:41]     [PICK] Selector 'a[href*="/books/"]': 1 candidates found
[20:28:41]     [PICK] [0] score=0.167 author_ok=True | 'manually add a book to our database' | /books/new
[20:28:41]     [PICK] Selector 'main a[href*="/books/"]': 1 candidates found
[20:28:41]     [PICK] [0] score=0.167 author_ok=True | 'manually add a book to our database' | /books/new
[20:28:41]     [PICK] Selector '.book-pane a': 0 candidates found
[20:28:41]     [PICK] Selector '[class*="book"] a': 0 candidates found
[20:28:41]     [PICK] Selector 'a:has-text("Betting Blind (Dead Man's Hand")': 0 candidates found
[20:28:41]     [PICK] Found 2 total candidates
[20:28:41]     [PICK] Top candidates:
[20:28:41]     [PICK]   1. score=0.167 author_ok=True | 'manually add a book to our database'
[20:28:41]     [PICK]   2. score=0.167 author_ok=True | 'manually add a book to our database'
[20:28:41]     [PICK] ✗ No match >= 0.6 found
[20:28:41]     [PICK] Threshold: 0.6, Best score found: 0.000
[20:28:41]     [PROCESS] No result matched, trying next query
[20:28:41]     [PROCESS] ✗ Not found after 3 queries
[20:28:41]  -> Not Found: No matching StoryGraph result after trying all queries
[20:28:48] 
============================================================
[20:28:48] [18/418] The Spectre (The Olympians Series Book 1) | A.K. Draven  (owned=YES)
[20:28:48] ============================================================
[20:28:48]     [PROCESS] Trying 3 queries: ['B0CTRRY2VS', 'The Spectre (The Olympians Series Book 1) A.K. Draven', 'The Spectre (The Olympians Series Book 1)']
[20:28:48]     [PROCESS] Query 1/3: 'B0CTRRY2VS'
[20:28:48]     [SEARCH] Searching for: 'B0CTRRY2VS'
[20:28:54]     [SEARCH] Search submitted, landed on: https://app.thestorygraph.com/browse?search_term=B0CTRRY2VS
[20:28:54]     [PICK] Looking for: title='The Spectre (The Olympians Series Book 1)', author='A.K. Draven'
[20:28:54]     [PICK] Author last names to match: ['draven']
[20:28:54]     [PICK] Current URL: https://app.thestorygraph.com/browse?search_term=B0CTRRY2VS
[20:28:54]     [PICK] Selector 'a[href*="/books/"]': 1 candidates found
[20:28:54]     [PICK] [0] score=0.174 author_ok=True | 'manually add a book to our database' | /books/new
[20:28:54]     [PICK] Selector 'main a[href*="/books/"]': 1 candidates found
[20:28:54]     [PICK] [0] score=0.174 author_ok=True | 'manually add a book to our database' | /books/new
[20:28:54]     [PICK] Selector '.book-pane a': 0 candidates found
[20:28:54]     [PICK] Selector '[class*="book"] a': 0 candidates found
[20:28:54]     [PICK] Selector 'a:has-text("The Spectre (The Olympians Ser")': 0 candidates found
[20:28:54]     [PICK] Found 2 total candidates
[20:28:54]     [PICK] Top candidates:
[20:28:54]     [PICK]   1. score=0.174 author_ok=True | 'manually add a book to our database'
[20:28:54]     [PICK]   2. score=0.174 author_ok=True | 'manually add a book to our database'
[20:28:54]     [PICK] ✗ No match >= 0.6 found
[20:28:54]     [PICK] Threshold: 0.6, Best score found: 0.000
[20:28:54]     [PROCESS] No result matched, trying next query
[20:28:54]     [PROCESS] Query 2/3: 'The Spectre (The Olympians Series Book 1) A.K. Draven'
[20:28:54]     [SEARCH] Searching for: 'The Spectre (The Olympians Series Book 1) A.K. Draven'
[20:28:59]     [SEARCH] Search submitted, landed on: https://app.thestorygraph.com/browse?search_term=The%20Spectre%20(The%20Olympians%20Series%20Book%201)%20A.K.%20Draven
[20:28:59]     [PICK] Looking for: title='The Spectre (The Olympians Series Book 1)', author='A.K. Draven'
[20:28:59]     [PICK] Author last names to match: ['draven']
[20:28:59]     [PICK] Current URL: https://app.thestorygraph.com/browse?search_term=The%20Spectre%20(The%20Olympians%20Series%20Book%201)%20A.K.%20Draven
[20:28:59]     [PICK] Selector 'a[href*="/books/"]': 1 candidates found
[20:28:59]     [PICK] [0] score=0.174 author_ok=True | 'manually add a book to our database' | /books/new
[20:28:59]     [PICK] Selector 'main a[href*="/books/"]': 1 candidates found
[20:28:59]     [PICK] [0] score=0.174 author_ok=True | 'manually add a book to our database' | /books/new
[20:28:59]     [PICK] Selector '.book-pane a': 0 candidates found
[20:28:59]     [PICK] Selector '[class*="book"] a': 0 candidates found
[20:28:59]     [PICK] Selector 'a:has-text("The Spectre (The Olympians Ser")': 0 candidates found
[20:28:59]     [PICK] Found 2 total candidates
[20:28:59]     [PICK] Top candidates:
[20:28:59]     [PICK]   1. score=0.174 author_ok=True | 'manually add a book to our database'
[20:28:59]     [PICK]   2. score=0.174 author_ok=True | 'manually add a book to our database'
[20:28:59]     [PICK] ✗ No match >= 0.6 found
[20:28:59]     [PICK] Threshold: 0.6, Best score found: 0.000
[20:28:59]     [PROCESS] No result matched, trying next query
[20:28:59]     [PROCESS] Query 3/3: 'The Spectre (The Olympians Series Book 1)'
[20:28:59]     [SEARCH] Searching for: 'The Spectre (The Olympians Series Book 1)'
[20:29:06]     [SEARCH] Search submitted, landed on: https://app.thestorygraph.com/browse?search_term=The%20Spectre%20(The%20Olympians%20Series%20Book%201)
[20:29:06]     [PICK] Looking for: title='The Spectre (The Olympians Series Book 1)', author='A.K. Draven'
[20:29:06]     [PICK] Author last names to match: ['draven']
[20:29:06]     [PICK] Current URL: https://app.thestorygraph.com/browse?search_term=The%20Spectre%20(The%20Olympians%20Series%20Book%201)
[20:29:06]     [PICK] Selector 'a[href*="/books/"]': 1 candidates found
[20:29:06]     [PICK] [0] score=0.174 author_ok=True | 'manually add a book to our database' | /books/new
[20:29:06]     [PICK] Selector 'main a[href*="/books/"]': 1 candidates found
[20:29:06]     [PICK] [0] score=0.174 author_ok=True | 'manually add a book to our database' | /books/new
[20:29:06]     [PICK] Selector '.book-pane a': 0 candidates found
[20:29:06]     [PICK] Selector '[class*="book"] a': 0 candidates found
[20:29:06]     [PICK] Selector 'a:has-text("The Spectre (The Olympians Ser")': 0 candidates found
[20:29:06]     [PICK] Found 2 total candidates
[20:29:06]     [PICK] Top candidates:
[20:29:06]     [PICK]   1. score=0.174 author_ok=True | 'manually add a book to our database'
[20:29:06]     [PICK]   2. score=0.174 author_ok=True | 'manually add a book to our database'
[20:29:06]     [PICK] ✗ No match >= 0.6 found
[20:29:06]     [PICK] Threshold: 0.6, Best score found: 0.000
[20:29:06]     [PROCESS] No result matched, trying next query
[20:29:06]     [PROCESS] ✗ Not found after 3 queries
[20:29:06]  -> Not Found: No matching StoryGraph result after trying all queries
[20:29:12] 
============================================================
[20:29:12] [19/418] Dance with the Devil (Road to Hell Book 1) | Madison Chase  (owned=YES)
[20:29:12] ============================================================
[20:29:12]     [PROCESS] Trying 3 queries: ['B0DB9TL78W', 'Dance with the Devil (Road to Hell Book 1) Madison Chase', 'Dance with the Devil (Road to Hell Book 1)']
[20:29:12]     [PROCESS] Query 1/3: 'B0DB9TL78W'
[20:29:12]     [SEARCH] Searching for: 'B0DB9TL78W'
[20:29:18]     [SEARCH] Search submitted, landed on: https://app.thestorygraph.com/browse?search_term=B0DB9TL78W
[20:29:18]     [PICK] Looking for: title='Dance with the Devil (Road to Hell Book 1)', author='Madison Chase'
[20:29:18]     [PICK] Author last names to match: ['chase']
[20:29:18]     [PICK] Current URL: https://app.thestorygraph.com/browse?search_term=B0DB9TL78W
[20:29:18]     [PICK] Selector 'a[href*="/books/"]': 1 candidates found
[20:29:18]     [PICK] [0] score=0.291 author_ok=True | 'manually add a book to our database' | /books/new
[20:29:18]     [PICK] Selector 'main a[href*="/books/"]': 1 candidates found
[20:29:18]     [PICK] [0] score=0.291 author_ok=True | 'manually add a book to our database' | /books/new
[20:29:18]     [PICK] Selector '.book-pane a': 0 candidates found
[20:29:18]     [PICK] Selector '[class*="book"] a': 0 candidates found
[20:29:18]     [PICK] Selector 'a:has-text("Dance with the Devil (Road to ")': 0 candidates found
[20:29:18]     [PICK] Found 2 total candidates
[20:29:18]     [PICK] Top candidates:
[20:29:18]     [PICK]   1. score=0.291 author_ok=True | 'manually add a book to our database'
[20:29:18]     [PICK]   2. score=0.291 author_ok=True | 'manually add a book to our database'
[20:29:18]     [PICK] ✗ No match >= 0.6 found
[20:29:18]     [PICK] Threshold: 0.6, Best score found: 0.000
[20:29:18]     [PROCESS] No result matched, trying next query
[20:29:18]     [PROCESS] Query 2/3: 'Dance with the Devil (Road to Hell Book 1) Madison Chase'
[20:29:18]     [SEARCH] Searching for: 'Dance with the Devil (Road to Hell Book 1) Madison Chase'
[20:29:24]     [SEARCH] Search submitted, landed on: https://app.thestorygraph.com/browse?search_term=Dance%20with%20the%20Devil%20(Road%20to%20Hell%20Book%201)%20Madison%20Chase
[20:29:24]     [PICK] Looking for: title='Dance with the Devil (Road to Hell Book 1)', author='Madison Chase'
[20:29:24]     [PICK] Author last names to match: ['chase']
[20:29:24]     [PICK] Current URL: https://app.thestorygraph.com/browse?search_term=Dance%20with%20the%20Devil%20(Road%20to%20Hell%20Book%201)%20Madison%20Chase
[20:29:24]     [PICK] Selector 'a[href*="/books/"]': 1 candidates found
[20:29:24]     [PICK] [0] score=0.291 author_ok=True | 'manually add a book to our database' | /books/new
[20:29:24]     [PICK] Selector 'main a[href*="/books/"]': 1 candidates found
[20:29:24]     [PICK] [0] score=0.291 author_ok=True | 'manually add a book to our database' | /books/new
[20:29:24]     [PICK] Selector '.book-pane a': 0 candidates found
[20:29:24]     [PICK] Selector '[class*="book"] a': 0 candidates found
[20:29:24]     [PICK] Selector 'a:has-text("Dance with the Devil (Road to ")': 0 candidates found
[20:29:24]     [PICK] Found 2 total candidates
[20:29:24]     [PICK] Top candidates:
[20:29:24]     [PICK]   1. score=0.291 author_ok=True | 'manually add a book to our database'
[20:29:24]     [PICK]   2. score=0.291 author_ok=True | 'manually add a book to our database'
[20:29:24]     [PICK] ✗ No match >= 0.6 found
[20:29:24]     [PICK] Threshold: 0.6, Best score found: 0.000
[20:29:24]     [PROCESS] No result matched, trying next query
[20:29:24]     [PROCESS] Query 3/3: 'Dance with the Devil (Road to Hell Book 1)'
[20:29:24]     [SEARCH] Searching for: 'Dance with the Devil (Road to Hell Book 1)'
[20:29:30]     [SEARCH] Search submitted, landed on: https://app.thestorygraph.com/browse?search_term=Dance%20with%20the%20Devil%20(Road%20to%20Hell%20Book%201)
[20:29:30]     [PICK] Looking for: title='Dance with the Devil (Road to Hell Book 1)', author='Madison Chase'
[20:29:30]     [PICK] Author last names to match: ['chase']
[20:29:30]     [PICK] Current URL: https://app.thestorygraph.com/browse?search_term=Dance%20with%20the%20Devil%20(Road%20to%20Hell%20Book%201)
[20:29:30]     [PICK] Selector 'a[href*="/books/"]': 1 candidates found
[20:29:30]     [PICK] [0] score=0.291 author_ok=True | 'manually add a book to our database' | /books/new
[20:29:30]     [PICK] Selector 'main a[href*="/books/"]': 1 candidates found
[20:29:30]     [PICK] [0] score=0.291 author_ok=True | 'manually add a book to our database' | /books/new
[20:29:30]     [PICK] Selector '.book-pane a': 0 candidates found
[20:29:30]     [PICK] Selector '[class*="book"] a': 0 candidates found
[20:29:30]     [PICK] Selector 'a:has-text("Dance with the Devil (Road to ")': 0 candidates found
[20:29:30]     [PICK] Found 2 total candidates
[20:29:30]     [PICK] Top candidates:
[20:29:30]     [PICK]   1. score=0.291 author_ok=True | 'manually add a book to our database'
[20:29:30]     [PICK]   2. score=0.291 author_ok=True | 'manually add a book to our database'
[20:29:30]     [PICK] ✗ No match >= 0.6 found
[20:29:30]     [PICK] Threshold: 0.6, Best score found: 0.000
[20:29:30]     [PROCESS] No result matched, trying next query
[20:29:30]     [PROCESS] ✗ Not found after 3 queries
[20:29:30]  -> Not Found: No matching StoryGraph result after trying all queries
[20:29:36] 
============================================================
[20:29:36] [20/418] Heart So Hollow (Dire Wolves Book 1) | Emily Nealis  (owned=YES)
[20:29:36] ============================================================
[20:29:36]     [PROCESS] Trying 3 queries: ['B0D74LBZBW', 'Heart So Hollow (Dire Wolves Book 1) Emily Nealis', 'Heart So Hollow (Dire Wolves Book 1)']
[20:29:36]     [PROCESS] Query 1/3: 'B0D74LBZBW'
[20:29:36]     [SEARCH] Searching for: 'B0D74LBZBW'
[20:29:42]     [SEARCH] Search submitted, landed on: https://app.thestorygraph.com/browse?search_term=B0D74LBZBW
[20:29:42]     [PICK] Looking for: title='Heart So Hollow (Dire Wolves Book 1)', author='Emily Nealis'
[20:29:42]     [PICK] Author last names to match: ['nealis']
[20:29:42]     [PICK] Current URL: https://app.thestorygraph.com/browse?search_term=B0D74LBZBW
[20:29:42]     [PICK] Selector 'a[href*="/books/"]': 1 candidates found
[20:29:42]     [PICK] [0] score=0.160 author_ok=True | 'manually add a book to our database' | /books/new
[20:29:42]     [PICK] Selector 'main a[href*="/books/"]': 1 candidates found
[20:29:42]     [PICK] [0] score=0.160 author_ok=True | 'manually add a book to our database' | /books/new
[20:29:42]     [PICK] Selector '.book-pane a': 0 candidates found
[20:29:42]     [PICK] Selector '[class*="book"] a': 0 candidates found
[20:29:42]     [PICK] Selector 'a:has-text("Heart So Hollow (Dire Wolves B")': 0 candidates found
[20:29:42]     [PICK] Found 2 total candidates
[20:29:42]     [PICK] Top candidates:
[20:29:42]     [PICK]   1. score=0.160 author_ok=True | 'manually add a book to our database'
[20:29:42]     [PICK]   2. score=0.160 author_ok=True | 'manually add a book to our database'
[20:29:42]     [PICK] ✗ No match >= 0.6 found
[20:29:42]     [PICK] Threshold: 0.6, Best score found: 0.000
[20:29:42]     [PROCESS] No result matched, trying next query
[20:29:42]     [PROCESS] Query 2/3: 'Heart So Hollow (Dire Wolves Book 1) Emily Nealis'
[20:29:42]     [SEARCH] Searching for: 'Heart So Hollow (Dire Wolves Book 1) Emily Nealis'
[20:29:48]     [SEARCH] Search submitted, landed on: https://app.thestorygraph.com/browse?search_term=Heart%20So%20Hollow%20(Dire%20Wolves%20Book%201)%20Emily%20Nealis
[20:29:48]     [PICK] Looking for: title='Heart So Hollow (Dire Wolves Book 1)', author='Emily Nealis'
[20:29:48]     [PICK] Author last names to match: ['nealis']
[20:29:48]     [PICK] Current URL: https://app.thestorygraph.com/browse?search_term=Heart%20So%20Hollow%20(Dire%20Wolves%20Book%201)%20Emily%20Nealis
[20:29:48]     [PICK] Selector 'a[href*="/books/"]': 1 candidates found
[20:29:48]     [PICK] [0] score=0.160 author_ok=True | 'manually add a book to our database' | /books/new
[20:29:48]     [PICK] Selector 'main a[href*="/books/"]': 1 candidates found
[20:29:48]     [PICK] [0] score=0.160 author_ok=True | 'manually add a book to our database' | /books/new
[20:29:48]     [PICK] Selector '.book-pane a': 0 candidates found
[20:29:48]     [PICK] Selector '[class*="book"] a': 0 candidates found
[20:29:48]     [PICK] Selector 'a:has-text("Heart So Hollow (Dire Wolves B")': 0 candidates found
[20:29:48]     [PICK] Found 2 total candidates
[20:29:48]     [PICK] Top candidates:
[20:29:48]     [PICK]   1. score=0.160 author_ok=True | 'manually add a book to our database'
[20:29:48]     [PICK]   2. score=0.160 author_ok=True | 'manually add a book to our database'
[20:29:48]     [PICK] ✗ No match >= 0.6 found
[20:29:48]     [PICK] Threshold: 0.6, Best score found: 0.000
[20:29:48]     [PROCESS] No result matched, trying next query
[20:29:48]     [PROCESS] Query 3/3: 'Heart So Hollow (Dire Wolves Book 1)'
[20:29:48]     [SEARCH] Searching for: 'Heart So Hollow (Dire Wolves Book 1)'
[20:29:54]     [SEARCH] Search submitted, landed on: https://app.thestorygraph.com/browse?search_term=Heart%20So%20Hollow%20(Dire%20Wolves%20Book%201)
[20:29:54]     [PICK] Looking for: title='Heart So Hollow (Dire Wolves Book 1)', author='Emily Nealis'
[20:29:54]     [PICK] Author last names to match: ['nealis']
[20:29:54]     [PICK] Current URL: https://app.thestorygraph.com/browse?search_term=Heart%20So%20Hollow%20(Dire%20Wolves%20Book%201)
[20:29:54]     [PICK] Selector 'a[href*="/books/"]': 1 candidates found
[20:29:54]     [PICK] [0] score=0.160 author_ok=True | 'manually add a book to our database' | /books/new
[20:29:54]     [PICK] Selector 'main a[href*="/books/"]': 1 candidates found
[20:29:54]     [PICK] [0] score=0.160 author_ok=True | 'manually add a book to our database' | /books/new
[20:29:54]     [PICK] Selector '.book-pane a': 0 candidates found
[20:29:54]     [PICK] Selector '[class*="book"] a': 0 candidates found
[20:29:54]     [PICK] Selector 'a:has-text("Heart So Hollow (Dire Wolves B")': 0 candidates found
[20:29:54]     [PICK] Found 2 total candidates
[20:29:54]     [PICK] Top candidates:
[20:29:54]     [PICK]   1. score=0.160 author_ok=True | 'manually add a book to our database'
[20:29:54]     [PICK]   2. score=0.160 author_ok=True | 'manually add a book to our database'
[20:29:54]     [PICK] ✗ No match >= 0.6 found
[20:29:54]     [PICK] Threshold: 0.6, Best score found: 0.000
[20:29:54]     [PROCESS] No result matched, trying next query
[20:29:54]     [PROCESS] ✗ Not found after 3 queries
[20:29:54]  -> Not Found: No matching StoryGraph result after trying all queries
[20:30:01] 
============================================================
[20:30:01] [21/418] The Secrets The Shadows Buried (The Shadow Cursed Series Book 1) | L. R Burke  (owned=YES)
[20:30:01] ============================================================
[20:30:01]     [PROCESS] Trying 3 queries: ['B0CZ4T537G', 'The Secrets The Shadows Buried (The Shadow Cursed Series Book 1) L. R Burke', 'The Secrets The Shadows Buried (The Shadow Cursed Series Book 1)']
[20:30:01]     [PROCESS] Query 1/3: 'B0CZ4T537G'
[20:30:01]     [SEARCH] Searching for: 'B0CZ4T537G'
[20:30:07]     [SEARCH] Search submitted, landed on: https://app.thestorygraph.com/browse?search_term=B0CZ4T537G
[20:30:07]     [PICK] Looking for: title='The Secrets The Shadows Buried (The Shadow Cursed Series Book 1)', author='L. R Burke'
[20:30:07]     [PICK] Author last names to match: ['burke']
[20:30:07]     [PICK] Current URL: https://app.thestorygraph.com/browse?search_term=B0CZ4T537G
[20:30:07]     [PICK] Selector 'a[href*="/books/"]': 1 candidates found
[20:30:07]     [PICK] [0] score=0.246 author_ok=True | 'manually add a book to our database' | /books/new
[20:30:07]     [PICK] Selector 'main a[href*="/books/"]': 1 candidates found
[20:30:07]     [PICK] [0] score=0.246 author_ok=True | 'manually add a book to our database' | /books/new
[20:30:07]     [PICK] Selector '.book-pane a': 0 candidates found
[20:30:07]     [PICK] Selector '[class*="book"] a': 0 candidates found
[20:30:07]     [PICK] Selector 'a:has-text("The Secrets The Shadows Buried")': 0 candidates found
[20:30:07]     [PICK] Found 2 total candidates
[20:30:07]     [PICK] Top candidates:
[20:30:07]     [PICK]   1. score=0.246 author_ok=True | 'manually add a book to our database'
[20:30:07]     [PICK]   2. score=0.246 author_ok=True | 'manually add a book to our database'
[20:30:07]     [PICK] ✗ No match >= 0.6 found
[20:30:07]     [PICK] Threshold: 0.6, Best score found: 0.000
[20:30:07]     [PROCESS] No result matched, trying next query
[20:30:07]     [PROCESS] Query 2/3: 'The Secrets The Shadows Buried (The Shadow Cursed Series Book 1) L. R Burke'
[20:30:07]     [SEARCH] Searching for: 'The Secrets The Shadows Buried (The Shadow Cursed Series Book 1) L. R Burke'
[20:30:13]     [SEARCH] Search submitted, landed on: https://app.thestorygraph.com/browse?search_term=The%20Secrets%20The%20Shadows%20Buried%20(The%20Shadow%20Cursed%20Series%20Book%201)%20L.%20R%20Burke
[20:30:13]     [PICK] Looking for: title='The Secrets The Shadows Buried (The Shadow Cursed Series Book 1)', author='L. R Burke'
[20:30:13]     [PICK] Author last names to match: ['burke']
[20:30:13]     [PICK] Current URL: https://app.thestorygraph.com/browse?search_term=The%20Secrets%20The%20Shadows%20Buried%20(The%20Shadow%20Cursed%20Series%20Book%201)%20L.%20R%20Burke
[20:30:13]     [PICK] Selector 'a[href*="/books/"]': 1 candidates found
[20:30:13]     [PICK] [0] score=0.246 author_ok=True | 'manually add a book to our database' | /books/new
[20:30:13]     [PICK] Selector 'main a[href*="/books/"]': 1 candidates found
[20:30:13]     [PICK] [0] score=0.246 author_ok=True | 'manually add a book to our database' | /books/new
[20:30:13]     [PICK] Selector '.book-pane a': 0 candidates found
[20:30:13]     [PICK] Selector '[class*="book"] a': 0 candidates found
[20:30:13]     [PICK] Selector 'a:has-text("The Secrets The Shadows Buried")': 0 candidates found
[20:30:13]     [PICK] Found 2 total candidates
[20:30:13]     [PICK] Top candidates:
[20:30:13]     [PICK]   1. score=0.246 author_ok=True | 'manually add a book to our database'
[20:30:13]     [PICK]   2. score=0.246 author_ok=True | 'manually add a book to our database'
[20:30:13]     [PICK] ✗ No match >= 0.6 found
[20:30:13]     [PICK] Threshold: 0.6, Best score found: 0.000
[20:30:13]     [PROCESS] No result matched, trying next query
[20:30:13]     [PROCESS] Query 3/3: 'The Secrets The Shadows Buried (The Shadow Cursed Series Book 1)'
[20:30:13]     [SEARCH] Searching for: 'The Secrets The Shadows Buried (The Shadow Cursed Series Book 1)'
[20:30:19]     [SEARCH] Search submitted, landed on: https://app.thestorygraph.com/browse?search_term=The%20Secrets%20The%20Shadows%20Buried%20(The%20Shadow%20Cursed%20Series%20Book%201)
[20:30:19]     [PICK] Looking for: title='The Secrets The Shadows Buried (The Shadow Cursed Series Book 1)', author='L. R Burke'
[20:30:19]     [PICK] Author last names to match: ['burke']
[20:30:19]     [PICK] Current URL: https://app.thestorygraph.com/browse?search_term=The%20Secrets%20The%20Shadows%20Buried%20(The%20Shadow%20Cursed%20Series%20Book%201)
[20:30:19]     [PICK] Selector 'a[href*="/books/"]': 1 candidates found
[20:30:19]     [PICK] [0] score=0.246 author_ok=True | 'manually add a book to our database' | /books/new
[20:30:19]     [PICK] Selector 'main a[href*="/books/"]': 1 candidates found
[20:30:19]     [PICK] [0] score=0.246 author_ok=True | 'manually add a book to our database' | /books/new
[20:30:19]     [PICK] Selector '.book-pane a': 0 candidates found
[20:30:19]     [PICK] Selector '[class*="book"] a': 0 candidates found
[20:30:19]     [PICK] Selector 'a:has-text("The Secrets The Shadows Buried")': 0 candidates found
[20:30:19]     [PICK] Found 2 total candidates
[20:30:19]     [PICK] Top candidates:
[20:30:19]     [PICK]   1. score=0.246 author_ok=True | 'manually add a book to our database'
[20:30:19]     [PICK]   2. score=0.246 author_ok=True | 'manually add a book to our database'
[20:30:19]     [PICK] ✗ No match >= 0.6 found
[20:30:19]     [PICK] Threshold: 0.6, Best score found: 0.000
[20:30:19]     [PROCESS] No result matched, trying next query
[20:30:19]     [PROCESS] ✗ Not found after 3 queries
[20:30:19]  -> Not Found: No matching StoryGraph result after trying all queries
[20:30:27] 
============================================================
[20:30:27] [22/418] Smoke on the Water: A small town romantic suspense (Wayward Sons Book 1) | Harper Jackson, Kait Nolan  (owned=YES)
[20:30:27] ============================================================
[20:30:27]     [PROCESS] Trying 4 queries: ['B0CTKL9L9Z', 'Smoke on the Water: A small town romantic suspense (Wayward Sons Book 1) Harper Jackson, Kait Nolan', 'Smoke on the Water Harper Jackson, Kait Nolan', 'Smoke on the Water: A small town romantic suspense (Wayward Sons Book 1)']
[20:30:27]     [PROCESS] Query 1/4: 'B0CTKL9L9Z'
[20:30:27]     [SEARCH] Searching for: 'B0CTKL9L9Z'
[20:30:33]     [SEARCH] Search submitted, landed on: https://app.thestorygraph.com/browse?search_term=B0CTKL9L9Z
[20:30:33]     [PICK] Looking for: title='Smoke on the Water: A small town romantic suspense (Wayward Sons Book 1)', author='Harper Jackson, Kait Nolan'
[20:30:33]     [PICK] Author last names to match: ['jackson', 'nolan']
[20:30:33]     [PICK] Current URL: https://app.thestorygraph.com/browse?search_term=B0CTKL9L9Z
[20:30:33]     [PICK] Selector 'a[href*="/books/"]': 7 candidates found
[20:30:33]     [PICK] [0] score=0.143 author_ok=True | 'Add a book' | /books/new
[20:30:33]     [PICK] [1] score=0.000 author_ok=True | '' | /books/946fd33f-49a7-4bcf-8533-4d1ff6b3ce70
[20:30:33]     [PICK] [2] Parent text: 'Smoke on the Water\n\nHarper Jackson'
[20:30:33]     [PICK] [2] ✓ Author 'jackson' found in parent
[20:30:33]     [PICK] [2] score=1.000 author_ok=True | 'Smoke on the Water' | /books/946fd33f-49a7-4bcf-8533-4d1ff6b3ce70
[20:30:33]     [PICK] [3] score=0.214 author_ok=True | '5 editions' | /books/946fd33f-49a7-4bcf-8533-4d1ff6b3ce70/editions
[20:30:33]     [PICK] [4] score=0.000 author_ok=True | '' | /books/946fd33f-49a7-4bcf-8533-4d1ff6b3ce70
[20:30:33]     [PICK] [5] Parent text: 'Smoke on the Water'
[20:30:33]     [PICK] [5] Found 2 author links on page
[20:30:33]     [PICK] [5] ✓ Author 'jackson' found in link: 'Harper Jackson'
[20:30:33]     [PICK] [5] score=1.000 author_ok=True | 'Smoke on the Water' | /books/946fd33f-49a7-4bcf-8533-4d1ff6b3ce70
[20:30:33]     [PICK] [6] score=0.214 author_ok=True | '5 editions' | /books/946fd33f-49a7-4bcf-8533-4d1ff6b3ce70/editions
[20:30:33]     [PICK] Selector 'main a[href*="/books/"]': 7 candidates found
[20:30:33]     [PICK] [0] score=0.143 author_ok=True | 'Add a book' | /books/new
[20:30:33]     [PICK] [1] score=0.000 author_ok=True | '' | /books/946fd33f-49a7-4bcf-8533-4d1ff6b3ce70
[20:30:33]     [PICK] [2] Parent text: 'Smoke on the Water\n\nHarper Jackson'
[20:30:33]     [PICK] [2] ✓ Author 'jackson' found in parent
[20:30:33]     [PICK] [2] score=1.000 author_ok=True | 'Smoke on the Water' | /books/946fd33f-49a7-4bcf-8533-4d1ff6b3ce70
[20:30:33]     [PICK] [3] score=0.214 author_ok=True | '5 editions' | /books/946fd33f-49a7-4bcf-8533-4d1ff6b3ce70/editions
[20:30:33]     [PICK] [4] score=0.000 author_ok=True | '' | /books/946fd33f-49a7-4bcf-8533-4d1ff6b3ce70
[20:30:33]     [PICK] [5] Parent text: 'Smoke on the Water'
[20:30:33]     [PICK] [5] Found 2 author links on page
[20:30:33]     [PICK] [5] ✓ Author 'jackson' found in link: 'Harper Jackson'
[20:30:33]     [PICK] [5] score=1.000 author_ok=True | 'Smoke on the Water' | /books/946fd33f-49a7-4bcf-8533-4d1ff6b3ce70
[20:30:33]     [PICK] [6] score=0.214 author_ok=True | '5 editions' | /books/946fd33f-49a7-4bcf-8533-4d1ff6b3ce70/editions
[20:30:33]     [PICK] Selector '.book-pane a': 14 candidates found
[20:30:33]     [PICK] [0] score=0.000 author_ok=True | '' | /books/946fd33f-49a7-4bcf-8533-4d1ff6b3ce70
[20:30:33]     [PICK] [3] Parent text: 'Smoke on the Water\n\nHarper Jackson'
[20:30:33]     [PICK] [3] ✓ Author 'jackson' found in parent
[20:30:33]     [PICK] [3] score=1.000 author_ok=True | 'Smoke on the Water' | /books/946fd33f-49a7-4bcf-8533-4d1ff6b3ce70
[20:30:33]     [PICK] [5] score=0.214 author_ok=True | '5 editions' | /books/946fd33f-49a7-4bcf-8533-4d1ff6b3ce70/editions
[20:30:33]     [PICK] [6] score=0.387 author_ok=True | 'mark as owned' | /mark-as-owned-find-a-book?book_id=946fd33f-49a7-4bcf-8533-4d1ff6b3ce70
[20:30:33]     [PICK] [7] score=0.000 author_ok=True | '' | /books/946fd33f-49a7-4bcf-8533-4d1ff6b3ce70
[20:30:33]     [PICK] [10] Parent text: 'Smoke on the Water'
[20:30:33]     [PICK] [10] Found 2 author links on page
[20:30:33]     [PICK] [10] ✓ Author 'jackson' found in link: 'Harper Jackson'
[20:30:33]     [PICK] [10] score=1.000 author_ok=True | 'Smoke on the Water' | /books/946fd33f-49a7-4bcf-8533-4d1ff6b3ce70
[20:30:33]     [PICK] [12] score=0.214 author_ok=True | '5 editions' | /books/946fd33f-49a7-4bcf-8533-4d1ff6b3ce70/editions
[20:30:33]     [PICK] [13] score=0.387 author_ok=True | 'mark as owned' | /mark-as-owned-find-a-book?book_id=946fd33f-49a7-4bcf-8533-4d1ff6b3ce70
[20:30:33]     [PICK] Selector '[class*="book"] a': 14 candidates found
[20:30:33]     [PICK] [0] score=0.000 author_ok=True | '' | /books/946fd33f-49a7-4bcf-8533-4d1ff6b3ce70
[20:30:34]     [PICK] [3] Parent text: 'Smoke on the Water\n\nHarper Jackson'
[20:30:34]     [PICK] [3] ✓ Author 'jackson' found in parent
[20:30:34]     [PICK] [3] score=1.000 author_ok=True | 'Smoke on the Water' | /books/946fd33f-49a7-4bcf-8533-4d1ff6b3ce70
[20:30:34]     [PICK] [5] score=0.214 author_ok=True | '5 editions' | /books/946fd33f-49a7-4bcf-8533-4d1ff6b3ce70/editions
[20:30:34]     [PICK] [6] score=0.387 author_ok=True | 'mark as owned' | /mark-as-owned-find-a-book?book_id=946fd33f-49a7-4bcf-8533-4d1ff6b3ce70
[20:30:34]     [PICK] [7] score=0.000 author_ok=True | '' | /books/946fd33f-49a7-4bcf-8533-4d1ff6b3ce70
[20:30:34]     [PICK] [10] Parent text: 'Smoke on the Water'
[20:30:34]     [PICK] [10] Found 2 author links on page
[20:30:34]     [PICK] [10] ✓ Author 'jackson' found in link: 'Harper Jackson'
[20:30:34]     [PICK] [10] score=1.000 author_ok=True | 'Smoke on the Water' | /books/946fd33f-49a7-4bcf-8533-4d1ff6b3ce70
[20:30:34]     [PICK] [12] score=0.214 author_ok=True | '5 editions' | /books/946fd33f-49a7-4bcf-8533-4d1ff6b3ce70/editions
[20:30:34]     [PICK] [13] score=0.387 author_ok=True | 'mark as owned' | /mark-as-owned-find-a-book?book_id=946fd33f-49a7-4bcf-8533-4d1ff6b3ce70
[20:30:34]     [PICK] Selector 'a:has-text("Smoke on the Water: A small to")': 0 candidates found
[20:30:34]     [PICK] Found 30 total candidates
[20:30:34]     [PICK] Top candidates:
[20:30:34]     [PICK]   1. score=1.000 author_ok=True | 'Smoke on the Water'
[20:30:34]     [PICK]   2. score=1.000 author_ok=True | 'Smoke on the Water'
[20:30:34]     [PICK]   3. score=1.000 author_ok=True | 'Smoke on the Water'
[20:30:34]     [PICK]   4. score=1.000 author_ok=True | 'Smoke on the Water'
[20:30:34]     [PICK]   5. score=1.000 author_ok=True | 'Smoke on the Water'
[20:30:34]     [PICK] ✓ Best match (score=1.000): 'Smoke on the Water'
[20:30:34]     [PICK] Clicking: /books/946fd33f-49a7-4bcf-8533-4d1ff6b3ce70
[20:30:36]     [PICK] ✓ Landed on: https://app.thestorygraph.com/books/946fd33f-49a7-4bcf-8533-4d1ff6b3ce70
[20:30:36]     [PROCESS] Processing book page: https://app.thestorygraph.com/books/946fd33f-49a7-4bcf-8533-4d1ff6b3ce70
[20:30:36]     [TO-READ] Not marked yet (will click button)
[20:30:36]     [TO-READ] Clicking button (found: button.read-status-button[title="Add to your To-Read Pile"])
[20:30:38]     [OWNED] Not owned yet (will click mark as owned)
[20:30:38]     [OWNED] Clicking Mark as Owned (found: a.mark-as-owned-link[title="Mark as owned"])
[20:30:39]  -> Added: Clicked To Read | Clicked Mark as Owned | SG Owned: Marked Owned
[20:30:46] 
============================================================
[20:30:46] [23/418] Aimee's Dilemma (Spies, Lies & Rides Book 1) | Deanna L Rowley, Deanna L. Rowley  (owned=YES)
[20:30:46] ============================================================
[20:30:46]     [PROCESS] Trying 3 queries: ['B08DDJ7WHD', "Aimee's Dilemma (Spies, Lies & Rides Book 1) Deanna L Rowley, Deanna L. Rowley", "Aimee's Dilemma (Spies, Lies & Rides Book 1)"]
[20:30:46]     [PROCESS] Query 1/3: 'B08DDJ7WHD'
[20:30:46]     [SEARCH] Searching for: 'B08DDJ7WHD'
[20:30:52]     [SEARCH] Search submitted, landed on: https://app.thestorygraph.com/browse?search_term=B08DDJ7WHD
[20:30:52]     [PICK] Looking for: title="Aimee's Dilemma (Spies, Lies & Rides Book 1)", author='Deanna L Rowley, Deanna L. Rowley'
[20:30:52]     [PICK] Author last names to match: ['rowley', 'rowley']
[20:30:52]     [PICK] Current URL: https://app.thestorygraph.com/browse?search_term=B08DDJ7WHD
[20:30:52]     [PICK] Selector 'a[href*="/books/"]': 1 candidates found
[20:30:52]     [PICK] [0] score=0.080 author_ok=True | 'manually add a book to our database' | /books/new
[20:30:52]     [PICK] Selector 'main a[href*="/books/"]': 1 candidates found
[20:30:52]     [PICK] [0] score=0.080 author_ok=True | 'manually add a book to our database' | /books/new
[20:30:52]     [PICK] Selector '.book-pane a': 0 candidates found
[20:30:52]     [PICK] Selector '[class*="book"] a': 0 candidates found
[20:30:52]     [PICK] Selector 'a:has-text("Aimee's Dilemma (Spies, Lies &")': 0 candidates found
[20:30:52]     [PICK] Found 2 total candidates
[20:30:52]     [PICK] Top candidates:
[20:30:52]     [PICK]   1. score=0.080 author_ok=True | 'manually add a book to our database'
[20:30:52]     [PICK]   2. score=0.080 author_ok=True | 'manually add a book to our database'
[20:30:52]     [PICK] ✗ No match >= 0.6 found
[20:30:52]     [PICK] Threshold: 0.6, Best score found: 0.000
[20:30:52]     [PROCESS] No result matched, trying next query
[20:30:52]     [PROCESS] Query 2/3: "Aimee's Dilemma (Spies, Lies & Rides Book 1) Deanna L Rowley, Deanna L. Rowley"
[20:30:52]     [SEARCH] Searching for: "Aimee's Dilemma (Spies, Lies & Rides Book 1) Deanna L Rowley, Deanna L. Rowley"
[20:30:58]     [SEARCH] Search submitted, landed on: https://app.thestorygraph.com/browse?search_term=Aimee%27s%20Dilemma%20(Spies,%20Lies%20&%20Rides%20Book%201)%20Deanna%20L%20Rowley,%20Deanna%20L.%20Rowley
[20:30:58]     [PICK] Looking for: title="Aimee's Dilemma (Spies, Lies & Rides Book 1)", author='Deanna L Rowley, Deanna L. Rowley'
[20:30:58]     [PICK] Author last names to match: ['rowley', 'rowley']
[20:30:58]     [PICK] Current URL: https://app.thestorygraph.com/browse?search_term=Aimee%27s%20Dilemma%20(Spies,%20Lies%20&%20Rides%20Book%201)%20Deanna%20L%20Rowley,%20Deanna%20L.%20Rowley
[20:30:58]     [PICK] Selector 'a[href*="/books/"]': 1 candidates found
[20:30:58]     [PICK] [0] score=0.080 author_ok=True | 'manually add a book to our database' | /books/new
[20:30:58]     [PICK] Selector 'main a[href*="/books/"]': 1 candidates found
[20:30:58]     [PICK] [0] score=0.080 author_ok=True | 'manually add a book to our database' | /books/new
[20:30:58]     [PICK] Selector '.book-pane a': 0 candidates found
[20:30:58]     [PICK] Selector '[class*="book"] a': 0 candidates found
[20:30:58]     [PICK] Selector 'a:has-text("Aimee's Dilemma (Spies, Lies &")': 0 candidates found
[20:30:58]     [PICK] Found 2 total candidates
[20:30:58]     [PICK] Top candidates:
[20:30:58]     [PICK]   1. score=0.080 author_ok=True | 'manually add a book to our database'
[20:30:58]     [PICK]   2. score=0.080 author_ok=True | 'manually add a book to our database'
[20:30:58]     [PICK] ✗ No match >= 0.6 found
[20:30:58]     [PICK] Threshold: 0.6, Best score found: 0.000
[20:30:58]     [PROCESS] No result matched, trying next query
[20:30:58]     [PROCESS] Query 3/3: "Aimee's Dilemma (Spies, Lies & Rides Book 1)"
[20:30:58]     [SEARCH] Searching for: "Aimee's Dilemma (Spies, Lies & Rides Book 1)"
[20:31:04]     [SEARCH] Search submitted, landed on: https://app.thestorygraph.com/browse?search_term=Aimee%27s%20Dilemma%20(Spies,%20Lies%20&%20Rides%20Book%201)
[20:31:04]     [PICK] Looking for: title="Aimee's Dilemma (Spies, Lies & Rides Book 1)", author='Deanna L Rowley, Deanna L. Rowley'
[20:31:04]     [PICK] Author last names to match: ['rowley', 'rowley']
[20:31:04]     [PICK] Current URL: https://app.thestorygraph.com/browse?search_term=Aimee%27s%20Dilemma%20(Spies,%20Lies%20&%20Rides%20Book%201)
[20:31:04]     [PICK] Selector 'a[href*="/books/"]': 1 candidates found
[20:31:04]     [PICK] [0] score=0.080 author_ok=True | 'manually add a book to our database' | /books/new
[20:31:04]     [PICK] Selector 'main a[href*="/books/"]': 1 candidates found
[20:31:04]     [PICK] [0] score=0.080 author_ok=True | 'manually add a book to our database' | /books/new
[20:31:04]     [PICK] Selector '.book-pane a': 0 candidates found
[20:31:04]     [PICK] Selector '[class*="book"] a': 0 candidates found
[20:31:04]     [PICK] Selector 'a:has-text("Aimee's Dilemma (Spies, Lies &")': 0 candidates found
[20:31:04]     [PICK] Found 2 total candidates
[20:31:04]     [PICK] Top candidates:
[20:31:04]     [PICK]   1. score=0.080 author_ok=True | 'manually add a book to our database'
[20:31:04]     [PICK]   2. score=0.080 author_ok=True | 'manually add a book to our database'
[20:31:04]     [PICK] ✗ No match >= 0.6 found
[20:31:04]     [PICK] Threshold: 0.6, Best score found: 0.000
[20:31:04]     [PROCESS] No result matched, trying next query
[20:31:04]     [PROCESS] ✗ Not found after 3 queries
[20:31:04]  -> Not Found: No matching StoryGraph result after trying all queries
[20:31:11] 
============================================================
[20:31:11] [24/418] Whiskey Kisses (Gangland Hearts Book 2) | Rochelle Allison  (owned=YES)
[20:31:11] ============================================================
[20:31:11]     [PROCESS] Trying 3 queries: ['B0CZPMTN9F', 'Whiskey Kisses (Gangland Hearts Book 2) Rochelle Allison', 'Whiskey Kisses (Gangland Hearts Book 2)']
[20:31:11]     [PROCESS] Query 1/3: 'B0CZPMTN9F'
[20:31:11]     [SEARCH] Searching for: 'B0CZPMTN9F'
[20:31:17]     [SEARCH] Search submitted, landed on: https://app.thestorygraph.com/browse?search_term=B0CZPMTN9F
[20:31:17]     [PICK] Looking for: title='Whiskey Kisses (Gangland Hearts Book 2)', author='Rochelle Allison'
[20:31:17]     [PICK] Author last names to match: ['allison']
[20:31:17]     [PICK] Current URL: https://app.thestorygraph.com/browse?search_term=B0CZPMTN9F
[20:31:17]     [PICK] Selector 'a[href*="/books/"]': 1 candidates found
[20:31:17]     [PICK] [0] score=0.204 author_ok=True | 'manually add a book to our database' | /books/new
[20:31:17]     [PICK] Selector 'main a[href*="/books/"]': 1 candidates found
[20:31:17]     [PICK] [0] score=0.204 author_ok=True | 'manually add a book to our database' | /books/new
[20:31:17]     [PICK] Selector '.book-pane a': 0 candidates found
[20:31:17]     [PICK] Selector '[class*="book"] a': 0 candidates found
[20:31:17]     [PICK] Selector 'a:has-text("Whiskey Kisses (Gangland Heart")': 0 candidates found
[20:31:17]     [PICK] Found 2 total candidates
[20:31:17]     [PICK] Top candidates:
[20:31:17]     [PICK]   1. score=0.204 author_ok=True | 'manually add a book to our database'
[20:31:17]     [PICK]   2. score=0.204 author_ok=True | 'manually add a book to our database'
[20:31:17]     [PICK] ✗ No match >= 0.6 found
[20:31:17]     [PICK] Threshold: 0.6, Best score found: 0.000
[20:31:17]     [PROCESS] No result matched, trying next query
[20:31:17]     [PROCESS] Query 2/3: 'Whiskey Kisses (Gangland Hearts Book 2) Rochelle Allison'
[20:31:17]     [SEARCH] Searching for: 'Whiskey Kisses (Gangland Hearts Book 2) Rochelle Allison'
[20:31:23]     [SEARCH] Search submitted, landed on: https://app.thestorygraph.com/browse?search_term=Whiskey%20Kisses%20(Gangland%20Hearts%20Book%202)%20Rochelle%20Allison
[20:31:23]     [PICK] Looking for: title='Whiskey Kisses (Gangland Hearts Book 2)', author='Rochelle Allison'
[20:31:23]     [PICK] Author last names to match: ['allison']
[20:31:23]     [PICK] Current URL: https://app.thestorygraph.com/browse?search_term=Whiskey%20Kisses%20(Gangland%20Hearts%20Book%202)%20Rochelle%20Allison
[20:31:23]     [PICK] Selector 'a[href*="/books/"]': 1 candidates found
[20:31:23]     [PICK] [0] score=0.204 author_ok=True | 'manually add a book to our database' | /books/new
[20:31:23]     [PICK] Selector 'main a[href*="/books/"]': 1 candidates found
[20:31:23]     [PICK] [0] score=0.204 author_ok=True | 'manually add a book to our database' | /books/new
[20:31:23]     [PICK] Selector '.book-pane a': 0 candidates found
[20:31:23]     [PICK] Selector '[class*="book"] a': 0 candidates found
[20:31:23]     [PICK] Selector 'a:has-text("Whiskey Kisses (Gangland Heart")': 0 candidates found
[20:31:23]     [PICK] Found 2 total candidates
[20:31:23]     [PICK] Top candidates:
[20:31:23]     [PICK]   1. score=0.204 author_ok=True | 'manually add a book to our database'
[20:31:23]     [PICK]   2. score=0.204 author_ok=True | 'manually add a book to our database'
[20:31:23]     [PICK] ✗ No match >= 0.6 found
[20:31:23]     [PICK] Threshold: 0.6, Best score found: 0.000
[20:31:23]     [PROCESS] No result matched, trying next query
[20:31:23]     [PROCESS] Query 3/3: 'Whiskey Kisses (Gangland Hearts Book 2)'
[20:31:23]     [SEARCH] Searching for: 'Whiskey Kisses (Gangland Hearts Book 2)'
[20:31:29]     [SEARCH] Search submitted, landed on: https://app.thestorygraph.com/browse?search_term=Whiskey%20Kisses%20(Gangland%20Hearts%20Book%202)
[20:31:29]     [PICK] Looking for: title='Whiskey Kisses (Gangland Hearts Book 2)', author='Rochelle Allison'
[20:31:29]     [PICK] Author last names to match: ['allison']
[20:31:29]     [PICK] Current URL: https://app.thestorygraph.com/browse?search_term=Whiskey%20Kisses%20(Gangland%20Hearts%20Book%202)
[20:31:29]     [PICK] Selector 'a[href*="/books/"]': 1 candidates found
[20:31:29]     [PICK] [0] score=0.204 author_ok=True | 'manually add a book to our database' | /books/new
[20:31:29]     [PICK] Selector 'main a[href*="/books/"]': 1 candidates found
[20:31:29]     [PICK] [0] score=0.204 author_ok=True | 'manually add a book to our database' | /books/new
[20:31:29]     [PICK] Selector '.book-pane a': 0 candidates found
[20:31:29]     [PICK] Selector '[class*="book"] a': 0 candidates found
[20:31:29]     [PICK] Selector 'a:has-text("Whiskey Kisses (Gangland Heart")': 0 candidates found
[20:31:29]     [PICK] Found 2 total candidates
[20:31:29]     [PICK] Top candidates:
[20:31:29]     [PICK]   1. score=0.204 author_ok=True | 'manually add a book to our database'
[20:31:29]     [PICK]   2. score=0.204 author_ok=True | 'manually add a book to our database'
[20:31:29]     [PICK] ✗ No match >= 0.6 found
[20:31:29]     [PICK] Threshold: 0.6, Best score found: 0.000
[20:31:29]     [PROCESS] No result matched, trying next query
[20:31:29]     [PROCESS] ✗ Not found after 3 queries
[20:31:29]  -> Not Found: No matching StoryGraph result after trying all queries
[20:31:37] 
============================================================
[20:31:37] [25/418] Ante (Russian Cardroom) | E.M. Shue, Nadine Winningham  (owned=YES)
[20:31:37] ============================================================
[20:31:37]     [PROCESS] Trying 3 queries: ['B0CGY6H655', 'Ante (Russian Cardroom) E.M. Shue, Nadine Winningham', 'Ante (Russian Cardroom)']
[20:31:37]     [PROCESS] Query 1/3: 'B0CGY6H655'
[20:31:37]     [SEARCH] Searching for: 'B0CGY6H655'
[20:31:43]     [SEARCH] Search submitted, landed on: https://app.thestorygraph.com/browse?search_term=B0CGY6H655
[20:31:43]     [PICK] Looking for: title='Ante (Russian Cardroom)', author='E.M. Shue, Nadine Winningham'
[20:31:43]     [PICK] Author last names to match: ['shue', 'winningham']
[20:31:43]     [PICK] Current URL: https://app.thestorygraph.com/browse?search_term=B0CGY6H655
[20:31:43]     [PICK] Selector 'a[href*="/books/"]': 7 candidates found
[20:31:43]     [PICK] [0] score=0.143 author_ok=True | 'Add a book' | /books/new
[20:31:43]     [PICK] [1] score=0.000 author_ok=True | '' | /books/6de3b9da-6ec6-4ab2-83ce-b7e76cfa8507
[20:31:43]     [PICK] [2] Parent text: 'Ante\n\nE.M. Shue'
[20:31:43]     [PICK] [2] ✓ Author 'shue' found in parent
[20:31:43]     [PICK] [2] score=1.000 author_ok=True | 'Ante' | /books/6de3b9da-6ec6-4ab2-83ce-b7e76cfa8507
[20:31:43]     [PICK] [3] score=0.154 author_ok=True | '1 edition' | /books/6de3b9da-6ec6-4ab2-83ce-b7e76cfa8507/editions
[20:31:43]     [PICK] [4] score=0.000 author_ok=True | '' | /books/6de3b9da-6ec6-4ab2-83ce-b7e76cfa8507
[20:31:43]     [PICK] [5] Parent text: 'Ante'
[20:31:43]     [PICK] [5] Found 2 author links on page
[20:31:43]     [PICK] [5] ✓ Author 'shue' found in link: 'E.M. Shue'
[20:31:43]     [PICK] [5] score=1.000 author_ok=True | 'Ante' | /books/6de3b9da-6ec6-4ab2-83ce-b7e76cfa8507
[20:31:43]     [PICK] [6] score=0.154 author_ok=True | '1 edition' | /books/6de3b9da-6ec6-4ab2-83ce-b7e76cfa8507/editions
[20:31:43]     [PICK] Selector 'main a[href*="/books/"]': 7 candidates found
[20:31:43]     [PICK] [0] score=0.143 author_ok=True | 'Add a book' | /books/new
[20:31:43]     [PICK] [1] score=0.000 author_ok=True | '' | /books/6de3b9da-6ec6-4ab2-83ce-b7e76cfa8507
[20:31:43]     [PICK] [2] Parent text: 'Ante\n\nE.M. Shue'
[20:31:43]     [PICK] [2] ✓ Author 'shue' found in parent
[20:31:43]     [PICK] [2] score=1.000 author_ok=True | 'Ante' | /books/6de3b9da-6ec6-4ab2-83ce-b7e76cfa8507
[20:31:43]     [PICK] [3] score=0.154 author_ok=True | '1 edition' | /books/6de3b9da-6ec6-4ab2-83ce-b7e76cfa8507/editions
[20:31:43]     [PICK] [4] score=0.000 author_ok=True | '' | /books/6de3b9da-6ec6-4ab2-83ce-b7e76cfa8507
[20:31:43]     [PICK] [5] Parent text: 'Ante'
[20:31:43]     [PICK] [5] Found 2 author links on page
[20:31:43]     [PICK] [5] ✓ Author 'shue' found in link: 'E.M. Shue'
[20:31:43]     [PICK] [5] score=1.000 author_ok=True | 'Ante' | /books/6de3b9da-6ec6-4ab2-83ce-b7e76cfa8507
[20:31:43]     [PICK] [6] score=0.154 author_ok=True | '1 edition' | /books/6de3b9da-6ec6-4ab2-83ce-b7e76cfa8507/editions
[20:31:43]     [PICK] Selector '.book-pane a': 10 candidates found
[20:31:43]     [PICK] [0] score=0.000 author_ok=True | '' | /books/6de3b9da-6ec6-4ab2-83ce-b7e76cfa8507
[20:31:43]     [PICK] [1] Parent text: 'Ante\n\nE.M. Shue'
[20:31:43]     [PICK] [1] ✓ Author 'shue' found in parent
[20:31:43]     [PICK] [1] score=1.000 author_ok=True | 'Ante' | /books/6de3b9da-6ec6-4ab2-83ce-b7e76cfa8507
[20:31:43]     [PICK] [3] score=0.154 author_ok=True | '1 edition' | /books/6de3b9da-6ec6-4ab2-83ce-b7e76cfa8507/editions
[20:31:43]     [PICK] [4] score=0.353 author_ok=True | 'mark as owned' | /mark-as-owned-find-a-book?book_id=6de3b9da-6ec6-4ab2-83ce-b7e76cfa8507
[20:31:43]     [PICK] [5] score=0.000 author_ok=True | '' | /books/6de3b9da-6ec6-4ab2-83ce-b7e76cfa8507
[20:31:43]     [PICK] [6] Parent text: 'Ante'
[20:31:43]     [PICK] [6] Found 2 author links on page
[20:31:43]     [PICK] [6] ✓ Author 'shue' found in link: 'E.M. Shue'
[20:31:43]     [PICK] [6] score=1.000 author_ok=True | 'Ante' | /books/6de3b9da-6ec6-4ab2-83ce-b7e76cfa8507
[20:31:43]     [PICK] [8] score=0.154 author_ok=True | '1 edition' | /books/6de3b9da-6ec6-4ab2-83ce-b7e76cfa8507/editions
[20:31:43]     [PICK] [9] score=0.353 author_ok=True | 'mark as owned' | /mark-as-owned-find-a-book?book_id=6de3b9da-6ec6-4ab2-83ce-b7e76cfa8507
[20:31:43]     [PICK] Selector '[class*="book"] a': 10 candidates found
[20:31:43]     [PICK] [0] score=0.000 author_ok=True | '' | /books/6de3b9da-6ec6-4ab2-83ce-b7e76cfa8507
[20:31:43]     [PICK] [1] Parent text: 'Ante\n\nE.M. Shue'
[20:31:43]     [PICK] [1] ✓ Author 'shue' found in parent
[20:31:43]     [PICK] [1] score=1.000 author_ok=True | 'Ante' | /books/6de3b9da-6ec6-4ab2-83ce-b7e76cfa8507
[20:31:43]     [PICK] [3] score=0.154 author_ok=True | '1 edition' | /books/6de3b9da-6ec6-4ab2-83ce-b7e76cfa8507/editions
[20:31:43]     [PICK] [4] score=0.353 author_ok=True | 'mark as owned' | /mark-as-owned-find-a-book?book_id=6de3b9da-6ec6-4ab2-83ce-b7e76cfa8507
[20:31:43]     [PICK] [5] score=0.000 author_ok=True | '' | /books/6de3b9da-6ec6-4ab2-83ce-b7e76cfa8507
[20:31:43]     [PICK] [6] Parent text: 'Ante'
[20:31:43]     [PICK] [6] Found 2 author links on page
[20:31:43]     [PICK] [6] ✓ Author 'shue' found in link: 'E.M. Shue'
[20:31:43]     [PICK] [6] score=1.000 author_ok=True | 'Ante' | /books/6de3b9da-6ec6-4ab2-83ce-b7e76cfa8507
[20:31:44]     [PICK] [8] score=0.154 author_ok=True | '1 edition' | /books/6de3b9da-6ec6-4ab2-83ce-b7e76cfa8507/editions
[20:31:44]     [PICK] [9] score=0.353 author_ok=True | 'mark as owned' | /mark-as-owned-find-a-book?book_id=6de3b9da-6ec6-4ab2-83ce-b7e76cfa8507
[20:31:44]     [PICK] Selector 'a:has-text("Ante (Russian Cardroom)")': 0 candidates found
[20:31:44]     [PICK] Found 30 total candidates
[20:31:44]     [PICK] Top candidates:
[20:31:44]     [PICK]   1. score=1.000 author_ok=True | 'Ante'
[20:31:44]     [PICK]   2. score=1.000 author_ok=True | 'Ante'
[20:31:44]     [PICK]   3. score=1.000 author_ok=True | 'Ante'
[20:31:44]     [PICK]   4. score=1.000 author_ok=True | 'Ante'
[20:31:44]     [PICK]   5. score=1.000 author_ok=True | 'Ante'
[20:31:44]     [PICK] ✓ Best match (score=1.000): 'Ante'
[20:31:44]     [PICK] Clicking: /books/6de3b9da-6ec6-4ab2-83ce-b7e76cfa8507
[20:31:46]     [PICK] ✓ Landed on: https://app.thestorygraph.com/books/6de3b9da-6ec6-4ab2-83ce-b7e76cfa8507
[20:31:46]     [PROCESS] Processing book page: https://app.thestorygraph.com/books/6de3b9da-6ec6-4ab2-83ce-b7e76cfa8507
[20:31:46]     [TO-READ] Not marked yet (will click button)
[20:31:46]     [TO-READ] Clicking button (found: button.read-status-button[title="Add to your To-Read Pile"])
[20:31:47]     [OWNED] Not owned yet (will click mark as owned)
[20:31:47]     [OWNED] Clicking Mark as Owned (found: a.mark-as-owned-link[title="Mark as owned"])
[20:31:49]  -> Added: Clicked To Read | Clicked Mark as Owned | SG Owned: Marked Owned
[20:31:57] 
============================================================
[20:31:57] [26/418] -Not Him, Us | Tatum Dire, Morgan Waddle  (owned=YES)
[20:31:57] ============================================================
[20:31:57]     [PROCESS] Trying 3 queries: ['B0D54DJD47', '-Not Him, Us Tatum Dire, Morgan Waddle', '-Not Him, Us']
[20:31:57]     [PROCESS] Query 1/3: 'B0D54DJD47'
[20:31:57]     [SEARCH] Searching for: 'B0D54DJD47'
[20:32:02]     [SEARCH] Search submitted, landed on: https://app.thestorygraph.com/browse?search_term=B0D54DJD47
[20:32:02]     [PICK] Looking for: title='-Not Him, Us', author='Tatum Dire, Morgan Waddle'
[20:32:02]     [PICK] Author last names to match: ['dire', 'waddle']
[20:32:02]     [PICK] Current URL: https://app.thestorygraph.com/browse?search_term=B0D54DJD47
[20:32:02]     [PICK] Selector 'a[href*="/books/"]': 7 candidates found
[20:32:02]     [PICK] [0] score=0.182 author_ok=True | 'Add a book' | /books/new
[20:32:02]     [PICK] [1] score=0.000 author_ok=True | '' | /books/02cf4c13-62cf-4efe-b9f6-8090c9314769
[20:32:02]     [PICK] [2] Parent text: '-Not Him, Us\n\nTatum Dire'
[20:32:02]     [PICK] [2] ✓ Author 'dire' found in parent
[20:32:02]     [PICK] [2] score=1.000 author_ok=True | '-Not Him, Us' | /books/02cf4c13-62cf-4efe-b9f6-8090c9314769
[20:32:02]     [PICK] [3] score=0.273 author_ok=True | '4 editions' | /books/02cf4c13-62cf-4efe-b9f6-8090c9314769/editions
[20:32:02]     [PICK] [4] score=0.000 author_ok=True | '' | /books/02cf4c13-62cf-4efe-b9f6-8090c9314769
[20:32:03]     [PICK] [5] Parent text: '-Not Him, Us'
[20:32:03]     [PICK] [5] Found 2 author links on page
[20:32:03]     [PICK] [5] ✓ Author 'dire' found in link: 'Tatum Dire'
[20:32:03]     [PICK] [5] score=1.000 author_ok=True | '-Not Him, Us' | /books/02cf4c13-62cf-4efe-b9f6-8090c9314769
[20:32:03]     [PICK] [6] score=0.273 author_ok=True | '4 editions' | /books/02cf4c13-62cf-4efe-b9f6-8090c9314769/editions
[20:32:03]     [PICK] Selector 'main a[href*="/books/"]': 7 candidates found
[20:32:03]     [PICK] [0] score=0.182 author_ok=True | 'Add a book' | /books/new
[20:32:03]     [PICK] [1] score=0.000 author_ok=True | '' | /books/02cf4c13-62cf-4efe-b9f6-8090c9314769
[20:32:03]     [PICK] [2] Parent text: '-Not Him, Us\n\nTatum Dire'
[20:32:03]     [PICK] [2] ✓ Author 'dire' found in parent
[20:32:03]     [PICK] [2] score=1.000 author_ok=True | '-Not Him, Us' | /books/02cf4c13-62cf-4efe-b9f6-8090c9314769
[20:32:03]     [PICK] [3] score=0.273 author_ok=True | '4 editions' | /books/02cf4c13-62cf-4efe-b9f6-8090c9314769/editions
[20:32:03]     [PICK] [4] score=0.000 author_ok=True | '' | /books/02cf4c13-62cf-4efe-b9f6-8090c9314769
[20:32:03]     [PICK] [5] Parent text: '-Not Him, Us'
[20:32:03]     [PICK] [5] Found 2 author links on page
[20:32:03]     [PICK] [5] ✓ Author 'dire' found in link: 'Tatum Dire'
[20:32:03]     [PICK] [5] score=1.000 author_ok=True | '-Not Him, Us' | /books/02cf4c13-62cf-4efe-b9f6-8090c9314769
[20:32:03]     [PICK] [6] score=0.273 author_ok=True | '4 editions' | /books/02cf4c13-62cf-4efe-b9f6-8090c9314769/editions
[20:32:03]     [PICK] Selector '.book-pane a': 10 candidates found
[20:32:03]     [PICK] [0] score=0.000 author_ok=True | '' | /books/02cf4c13-62cf-4efe-b9f6-8090c9314769
[20:32:03]     [PICK] [1] Parent text: '-Not Him, Us\n\nTatum Dire'
[20:32:03]     [PICK] [1] ✓ Author 'dire' found in parent
[20:32:03]     [PICK] [1] score=1.000 author_ok=True | '-Not Him, Us' | /books/02cf4c13-62cf-4efe-b9f6-8090c9314769
[20:32:03]     [PICK] [3] score=0.273 author_ok=True | '4 editions' | /books/02cf4c13-62cf-4efe-b9f6-8090c9314769/editions
[20:32:03]     [PICK] [4] score=0.240 author_ok=True | 'mark as owned' | /mark-as-owned-find-a-book?book_id=02cf4c13-62cf-4efe-b9f6-8090c9314769
[20:32:03]     [PICK] [5] score=0.000 author_ok=True | '' | /books/02cf4c13-62cf-4efe-b9f6-8090c9314769
[20:32:03]     [PICK] [6] Parent text: '-Not Him, Us'
[20:32:03]     [PICK] [6] Found 2 author links on page
[20:32:03]     [PICK] [6] ✓ Author 'dire' found in link: 'Tatum Dire'
[20:32:03]     [PICK] [6] score=1.000 author_ok=True | '-Not Him, Us' | /books/02cf4c13-62cf-4efe-b9f6-8090c9314769
[20:32:03]     [PICK] [8] score=0.273 author_ok=True | '4 editions' | /books/02cf4c13-62cf-4efe-b9f6-8090c9314769/editions
[20:32:03]     [PICK] [9] score=0.240 author_ok=True | 'mark as owned' | /mark-as-owned-find-a-book?book_id=02cf4c13-62cf-4efe-b9f6-8090c9314769
[20:32:03]     [PICK] Selector '[class*="book"] a': 10 candidates found
[20:32:03]     [PICK] [0] score=0.000 author_ok=True | '' | /books/02cf4c13-62cf-4efe-b9f6-8090c9314769
[20:32:03]     [PICK] [1] Parent text: '-Not Him, Us\n\nTatum Dire'
[20:32:03]     [PICK] [1] ✓ Author 'dire' found in parent
[20:32:03]     [PICK] [1] score=1.000 author_ok=True | '-Not Him, Us' | /books/02cf4c13-62cf-4efe-b9f6-8090c9314769
[20:32:03]     [PICK] [3] score=0.273 author_ok=True | '4 editions' | /books/02cf4c13-62cf-4efe-b9f6-8090c9314769/editions
[20:32:03]     [PICK] [4] score=0.240 author_ok=True | 'mark as owned' | /mark-as-owned-find-a-book?book_id=02cf4c13-62cf-4efe-b9f6-8090c9314769
[20:32:03]     [PICK] [5] score=0.000 author_ok=True | '' | /books/02cf4c13-62cf-4efe-b9f6-8090c9314769
[20:32:03]     [PICK] [6] Parent text: '-Not Him, Us'
[20:32:03]     [PICK] [6] Found 2 author links on page
[20:32:03]     [PICK] [6] ✓ Author 'dire' found in link: 'Tatum Dire'
[20:32:03]     [PICK] [6] score=1.000 author_ok=True | '-Not Him, Us' | /books/02cf4c13-62cf-4efe-b9f6-8090c9314769
[20:32:03]     [PICK] [8] score=0.273 author_ok=True | '4 editions' | /books/02cf4c13-62cf-4efe-b9f6-8090c9314769/editions
[20:32:03]     [PICK] [9] score=0.240 author_ok=True | 'mark as owned' | /mark-as-owned-find-a-book?book_id=02cf4c13-62cf-4efe-b9f6-8090c9314769
[20:32:03]     [PICK] Selector 'a:has-text("-Not Him, Us")': 2 candidates found
[20:32:03]     [PICK] [0] Parent text: '-Not Him, Us\n\nTatum Dire'
[20:32:04]     [PICK] [0] ✓ Author 'dire' found in parent
[20:32:04]     [PICK] [0] score=1.000 author_ok=True | '-Not Him, Us' | /books/02cf4c13-62cf-4efe-b9f6-8090c9314769
[20:32:04]     [PICK] [1] Parent text: '-Not Him, Us'
[20:32:04]     [PICK] [1] Found 2 author links on page
[20:32:04]     [PICK] [1] ✓ Author 'dire' found in link: 'Tatum Dire'
[20:32:04]     [PICK] [1] score=1.000 author_ok=True | '-Not Him, Us' | /books/02cf4c13-62cf-4efe-b9f6-8090c9314769
[20:32:04]     [PICK] Found 32 total candidates
[20:32:04]     [PICK] Top candidates:
[20:32:04]     [PICK]   1. score=1.000 author_ok=True | '-Not Him, Us'
[20:32:04]     [PICK]   2. score=1.000 author_ok=True | '-Not Him, Us'
[20:32:04]     [PICK]   3. score=1.000 author_ok=True | '-Not Him, Us'
[20:32:04]     [PICK]   4. score=1.000 author_ok=True | '-Not Him, Us'
[20:32:04]     [PICK]   5. score=1.000 author_ok=True | '-Not Him, Us'
[20:32:04]     [PICK] ✓ Best match (score=1.000): '-Not Him, Us'
[20:32:04]     [PICK] Clicking: /books/02cf4c13-62cf-4efe-b9f6-8090c9314769
[20:32:06]     [PICK] ✓ Landed on: https://app.thestorygraph.com/books/02cf4c13-62cf-4efe-b9f6-8090c9314769
[20:32:06]     [PROCESS] Processing book page: https://app.thestorygraph.com/books/02cf4c13-62cf-4efe-b9f6-8090c9314769
[20:32:06]     [TO-READ] Not marked yet (will click button)
[20:32:06]     [TO-READ] Clicking button (found: button.read-status-button[title="Add to your To-Read Pile"])
[20:32:07]     [OWNED] Not owned yet (will click mark as owned)
[20:32:07]     [OWNED] Clicking Mark as Owned (found: a.mark-as-owned-link[title="Mark as owned"])
[20:32:09]  -> Added: Clicked To Read | Clicked Mark as Owned | SG Owned: Marked Owned
[20:32:15] 
============================================================
[20:32:15] [27/418] I See You, Charlotte (Ties That Bind Series Book 1) | Coralee Taylor  (owned=YES)
[20:32:15] ============================================================
[20:32:15]     [PROCESS] Trying 3 queries: ['B0CL7PP9MT', 'I See You, Charlotte (Ties That Bind Series Book 1) Coralee Taylor', 'I See You, Charlotte (Ties That Bind Series Book 1)']
[20:32:15]     [PROCESS] Query 1/3: 'B0CL7PP9MT'
[20:32:15]     [SEARCH] Searching for: 'B0CL7PP9MT'
[20:32:21]     [SEARCH] Search submitted, landed on: https://app.thestorygraph.com/browse?search_term=B0CL7PP9MT
[20:32:21]     [PICK] Looking for: title='I See You, Charlotte (Ties That Bind Series Book 1)', author='Coralee Taylor'
[20:32:21]     [PICK] Author last names to match: ['taylor']
[20:32:21]     [PICK] Current URL: https://app.thestorygraph.com/browse?search_term=B0CL7PP9MT
[20:32:21]     [PICK] Selector 'a[href*="/books/"]': 1 candidates found
[20:32:21]     [PICK] [0] score=0.218 author_ok=True | 'manually add a book to our database' | /books/new
[20:32:21]     [PICK] Selector 'main a[href*="/books/"]': 1 candidates found
[20:32:21]     [PICK] [0] score=0.218 author_ok=True | 'manually add a book to our database' | /books/new
[20:32:21]     [PICK] Selector '.book-pane a': 0 candidates found
[20:32:21]     [PICK] Selector '[class*="book"] a': 0 candidates found
[20:32:21]     [PICK] Selector 'a:has-text("I See You, Charlotte (Ties Tha")': 0 candidates found
[20:32:21]     [PICK] Found 2 total candidates
[20:32:21]     [PICK] Top candidates:
[20:32:21]     [PICK]   1. score=0.218 author_ok=True | 'manually add a book to our database'
[20:32:21]     [PICK]   2. score=0.218 author_ok=True | 'manually add a book to our database'
[20:32:21]     [PICK] ✗ No match >= 0.6 found
[20:32:21]     [PICK] Threshold: 0.6, Best score found: 0.000
[20:32:21]     [PROCESS] No result matched, trying next query
[20:32:21]     [PROCESS] Query 2/3: 'I See You, Charlotte (Ties That Bind Series Book 1) Coralee Taylor'
[20:32:21]     [SEARCH] Searching for: 'I See You, Charlotte (Ties That Bind Series Book 1) Coralee Taylor'
[20:32:27]     [SEARCH] Search submitted, landed on: https://app.thestorygraph.com/browse?search_term=I%20See%20You,%20Charlotte%20(Ties%20That%20Bind%20Series%20Book%201)%20Coralee%20Taylor
[20:32:27]     [PICK] Looking for: title='I See You, Charlotte (Ties That Bind Series Book 1)', author='Coralee Taylor'
[20:32:27]     [PICK] Author last names to match: ['taylor']
[20:32:27]     [PICK] Current URL: https://app.thestorygraph.com/browse?search_term=I%20See%20You,%20Charlotte%20(Ties%20That%20Bind%20Series%20Book%201)%20Coralee%20Taylor
[20:32:27]     [PICK] Selector 'a[href*="/books/"]': 1 candidates found
[20:32:27]     [PICK] [0] score=0.218 author_ok=True | 'manually add a book to our database' | /books/new
[20:32:27]     [PICK] Selector 'main a[href*="/books/"]': 1 candidates found
[20:32:27]     [PICK] [0] score=0.218 author_ok=True | 'manually add a book to our database' | /books/new
[20:32:27]     [PICK] Selector '.book-pane a': 0 candidates found
[20:32:27]     [PICK] Selector '[class*="book"] a': 0 candidates found
[20:32:27]     [PICK] Selector 'a:has-text("I See You, Charlotte (Ties Tha")': 0 candidates found
[20:32:27]     [PICK] Found 2 total candidates
[20:32:27]     [PICK] Top candidates:
[20:32:27]     [PICK]   1. score=0.218 author_ok=True | 'manually add a book to our database'
[20:32:27]     [PICK]   2. score=0.218 author_ok=True | 'manually add a book to our database'
[20:32:27]     [PICK] ✗ No match >= 0.6 found
[20:32:27]     [PICK] Threshold: 0.6, Best score found: 0.000
[20:32:27]     [PROCESS] No result matched, trying next query
[20:32:27]     [PROCESS] Query 3/3: 'I See You, Charlotte (Ties That Bind Series Book 1)'
[20:32:27]     [SEARCH] Searching for: 'I See You, Charlotte (Ties That Bind Series Book 1)'
[20:32:33]     [SEARCH] Search submitted, landed on: https://app.thestorygraph.com/browse?search_term=I%20See%20You,%20Charlotte%20(Ties%20That%20Bind%20Series%20Book%201)
[20:32:33]     [PICK] Looking for: title='I See You, Charlotte (Ties That Bind Series Book 1)', author='Coralee Taylor'
[20:32:33]     [PICK] Author last names to match: ['taylor']
[20:32:33]     [PICK] Current URL: https://app.thestorygraph.com/browse?search_term=I%20See%20You,%20Charlotte%20(Ties%20That%20Bind%20Series%20Book%201)
[20:32:33]     [PICK] Selector 'a[href*="/books/"]': 1 candidates found
[20:32:33]     [PICK] [0] score=0.218 author_ok=True | 'manually add a book to our database' | /books/new
[20:32:33]     [PICK] Selector 'main a[href*="/books/"]': 1 candidates found
[20:32:33]     [PICK] [0] score=0.218 author_ok=True | 'manually add a book to our database' | /books/new
[20:32:33]     [PICK] Selector '.book-pane a': 0 candidates found
[20:32:33]     [PICK] Selector '[class*="book"] a': 0 candidates found
[20:32:33]     [PICK] Selector 'a:has-text("I See You, Charlotte (Ties Tha")': 0 candidates found
[20:32:33]     [PICK] Found 2 total candidates
[20:32:33]     [PICK] Top candidates:
[20:32:33]     [PICK]   1. score=0.218 author_ok=True | 'manually add a book to our database'
[20:32:33]     [PICK]   2. score=0.218 author_ok=True | 'manually add a book to our database'
[20:32:33]     [PICK] ✗ No match >= 0.6 found
[20:32:33]     [PICK] Threshold: 0.6, Best score found: 0.000
[20:32:33]     [PROCESS] No result matched, trying next query
[20:32:33]     [PROCESS] ✗ Not found after 3 queries
[20:32:33]  -> Not Found: No matching StoryGraph result after trying all queries
[20:32:41] 
============================================================
[20:32:41] [28/418] The Queen's Game: A Mafia Reverse Harem Romance (Ruthless Games Book 1) | Tori Chase, Deborah Garland  (owned=YES)
[20:32:41] ============================================================
[20:32:41]     [PROCESS] Trying 4 queries: ['B09FYJ1XQP', "The Queen's Game: A Mafia Reverse Harem Romance (Ruthless Games Book 1) Tori Chase, Deborah Garland", "The Queen's Game Tori Chase, Deborah Garland", "The Queen's Game: A Mafia Reverse Harem Romance (Ruthless Games Book 1)"]
[20:32:41]     [PROCESS] Query 1/4: 'B09FYJ1XQP'
[20:32:41]     [SEARCH] Searching for: 'B09FYJ1XQP'
[20:32:47]     [SEARCH] Search submitted, landed on: https://app.thestorygraph.com/browse?search_term=B09FYJ1XQP
[20:32:47]     [PICK] Looking for: title="The Queen's Game: A Mafia Reverse Harem Romance (Ruthless Games Book 1)", author='Tori Chase, Deborah Garland'
[20:32:47]     [PICK] Author last names to match: ['chase', 'garland']
[20:32:47]     [PICK] Current URL: https://app.thestorygraph.com/browse?search_term=B09FYJ1XQP
[20:32:47]     [PICK] Selector 'a[href*="/books/"]': 7 candidates found
[20:32:47]     [PICK] [0] score=0.077 author_ok=True | 'Add a book' | /books/new
[20:32:47]     [PICK] [1] score=0.000 author_ok=True | '' | /books/ba643afb-24cd-41b3-a4ae-1392594e3366
[20:32:47]     [PICK] [2] Parent text: "The Queen's Game\n\nTori Chase"
[20:32:47]     [PICK] [2] ✓ Author 'chase' found in parent
[20:32:47]     [PICK] [2] score=1.000 author_ok=True | "The Queen's Game" | /books/ba643afb-24cd-41b3-a4ae-1392594e3366
[20:32:47]     [PICK] [3] score=0.308 author_ok=True | '4 editions' | /books/ba643afb-24cd-41b3-a4ae-1392594e3366/editions
[20:32:47]     [PICK] [4] score=0.000 author_ok=True | '' | /books/ba643afb-24cd-41b3-a4ae-1392594e3366
[20:32:47]     [PICK] [5] Parent text: "The Queen's Game"
[20:32:47]     [PICK] [5] Found 2 author links on page
[20:32:47]     [PICK] [5] ✓ Author 'chase' found in link: 'Tori Chase'
[20:32:47]     [PICK] [5] score=1.000 author_ok=True | "The Queen's Game" | /books/ba643afb-24cd-41b3-a4ae-1392594e3366
[20:32:47]     [PICK] [6] score=0.308 author_ok=True | '4 editions' | /books/ba643afb-24cd-41b3-a4ae-1392594e3366/editions
[20:32:47]     [PICK] Selector 'main a[href*="/books/"]': 7 candidates found
[20:32:47]     [PICK] [0] score=0.077 author_ok=True | 'Add a book' | /books/new
[20:32:47]     [PICK] [1] score=0.000 author_ok=True | '' | /books/ba643afb-24cd-41b3-a4ae-1392594e3366
[20:32:47]     [PICK] [2] Parent text: "The Queen's Game\n\nTori Chase"
[20:32:47]     [PICK] [2] ✓ Author 'chase' found in parent
[20:32:47]     [PICK] [2] score=1.000 author_ok=True | "The Queen's Game" | /books/ba643afb-24cd-41b3-a4ae-1392594e3366
[20:32:47]     [PICK] [3] score=0.308 author_ok=True | '4 editions' | /books/ba643afb-24cd-41b3-a4ae-1392594e3366/editions
[20:32:47]     [PICK] [4] score=0.000 author_ok=True | '' | /books/ba643afb-24cd-41b3-a4ae-1392594e3366
[20:32:47]     [PICK] [5] Parent text: "The Queen's Game"
[20:32:47]     [PICK] [5] Found 2 author links on page
[20:32:47]     [PICK] [5] ✓ Author 'chase' found in link: 'Tori Chase'
[20:32:48]     [PICK] [5] score=1.000 author_ok=True | "The Queen's Game" | /books/ba643afb-24cd-41b3-a4ae-1392594e3366
[20:32:48]     [PICK] [6] score=0.308 author_ok=True | '4 editions' | /books/ba643afb-24cd-41b3-a4ae-1392594e3366/editions
[20:32:48]     [PICK] Selector '.book-pane a': 14 candidates found
[20:32:48]     [PICK] [0] score=0.000 author_ok=True | '' | /books/ba643afb-24cd-41b3-a4ae-1392594e3366
[20:32:48]     [PICK] [3] Parent text: "The Queen's Game\n\nTori Chase"
[20:32:48]     [PICK] [3] ✓ Author 'chase' found in parent
[20:32:48]     [PICK] [3] score=1.000 author_ok=True | "The Queen's Game" | /books/ba643afb-24cd-41b3-a4ae-1392594e3366
[20:32:48]     [PICK] [5] score=0.308 author_ok=True | '4 editions' | /books/ba643afb-24cd-41b3-a4ae-1392594e3366/editions
[20:32:48]     [PICK] [6] score=0.276 author_ok=True | 'mark as owned' | /mark-as-owned-find-a-book?book_id=ba643afb-24cd-41b3-a4ae-1392594e3366
[20:32:48]     [PICK] [7] score=0.000 author_ok=True | '' | /books/ba643afb-24cd-41b3-a4ae-1392594e3366
[20:32:48]     [PICK] [10] Parent text: "The Queen's Game"
[20:32:48]     [PICK] [10] Found 2 author links on page
[20:32:48]     [PICK] [10] ✓ Author 'chase' found in link: 'Tori Chase'
[20:32:48]     [PICK] [10] score=1.000 author_ok=True | "The Queen's Game" | /books/ba643afb-24cd-41b3-a4ae-1392594e3366
[20:32:48]     [PICK] [12] score=0.308 author_ok=True | '4 editions' | /books/ba643afb-24cd-41b3-a4ae-1392594e3366/editions
[20:32:48]     [PICK] [13] score=0.276 author_ok=True | 'mark as owned' | /mark-as-owned-find-a-book?book_id=ba643afb-24cd-41b3-a4ae-1392594e3366
[20:32:48]     [PICK] Selector '[class*="book"] a': 14 candidates found
[20:32:48]     [PICK] [0] score=0.000 author_ok=True | '' | /books/ba643afb-24cd-41b3-a4ae-1392594e3366
[20:32:48]     [PICK] [3] Parent text: "The Queen's Game\n\nTori Chase"
[20:32:48]     [PICK] [3] ✓ Author 'chase' found in parent
[20:32:48]     [PICK] [3] score=1.000 author_ok=True | "The Queen's Game" | /books/ba643afb-24cd-41b3-a4ae-1392594e3366
[20:32:48]     [PICK] [5] score=0.308 author_ok=True | '4 editions' | /books/ba643afb-24cd-41b3-a4ae-1392594e3366/editions
[20:32:48]     [PICK] [6] score=0.276 author_ok=True | 'mark as owned' | /mark-as-owned-find-a-book?book_id=ba643afb-24cd-41b3-a4ae-1392594e3366
[20:32:48]     [PICK] [7] score=0.000 author_ok=True | '' | /books/ba643afb-24cd-41b3-a4ae-1392594e3366
[20:32:48]     [PICK] [10] Parent text: "The Queen's Game"
[20:32:48]     [PICK] [10] Found 2 author links on page
[20:32:48]     [PICK] [10] ✓ Author 'chase' found in link: 'Tori Chase'
[20:32:48]     [PICK] [10] score=1.000 author_ok=True | "The Queen's Game" | /books/ba643afb-24cd-41b3-a4ae-1392594e3366
[20:32:48]     [PICK] [12] score=0.308 author_ok=True | '4 editions' | /books/ba643afb-24cd-41b3-a4ae-1392594e3366/editions
[20:32:48]     [PICK] [13] score=0.276 author_ok=True | 'mark as owned' | /mark-as-owned-find-a-book?book_id=ba643afb-24cd-41b3-a4ae-1392594e3366
[20:32:48]     [PICK] Selector 'a:has-text("The Queen's Game: A Mafia Reve")': 0 candidates found
[20:32:48]     [PICK] Found 30 total candidates
[20:32:48]     [PICK] Top candidates:
[20:32:48]     [PICK]   1. score=1.000 author_ok=True | "The Queen's Game"
[20:32:48]     [PICK]   2. score=1.000 author_ok=True | "The Queen's Game"
[20:32:48]     [PICK]   3. score=1.000 author_ok=True | "The Queen's Game"
[20:32:48]     [PICK]   4. score=1.000 author_ok=True | "The Queen's Game"
[20:32:48]     [PICK]   5. score=1.000 author_ok=True | "The Queen's Game"
[20:32:48]     [PICK] ✓ Best match (score=1.000): "The Queen's Game"
[20:32:48]     [PICK] Clicking: /books/ba643afb-24cd-41b3-a4ae-1392594e3366
[20:32:50]     [PICK] ✓ Landed on: https://app.thestorygraph.com/books/ba643afb-24cd-41b3-a4ae-1392594e3366
[20:32:50]     [PROCESS] Processing book page: https://app.thestorygraph.com/books/ba643afb-24cd-41b3-a4ae-1392594e3366
[20:32:50]     [TO-READ] Not marked yet (will click button)
[20:32:50]     [TO-READ] Clicking button (found: button.read-status-button[title="Add to your To-Read Pile"])
[20:32:52]     [OWNED] Not owned yet (will click mark as owned)
[20:32:52]     [OWNED] Clicking Mark as Owned (found: a.mark-as-owned-link[title="Mark as owned"])
[20:32:54]  -> Added: Clicked To Read | Clicked Mark as Owned | SG Owned: Marked Owned
[20:33:02] 
============================================================
[20:33:02] [29/418] Maximum Risk (Wolff Securities Book 1) | Jennifer Lowery  (owned=YES)
[20:33:02] ============================================================
[20:33:02]     [PROCESS] Trying 3 queries: ['B00MMYT3VO', 'Maximum Risk (Wolff Securities Book 1) Jennifer Lowery', 'Maximum Risk (Wolff Securities Book 1)']
[20:33:02]     [PROCESS] Query 1/3: 'B00MMYT3VO'
[20:33:02]     [SEARCH] Searching for: 'B00MMYT3VO'
[20:33:08]     [SEARCH] Search submitted, landed on: https://app.thestorygraph.com/browse?search_term=B00MMYT3VO
[20:33:08]     [PICK] Looking for: title='Maximum Risk (Wolff Securities Book 1)', author='Jennifer Lowery'
[20:33:08]     [PICK] Author last names to match: ['lowery']
[20:33:08]     [PICK] Current URL: https://app.thestorygraph.com/browse?search_term=B00MMYT3VO
[20:33:08]     [PICK] Selector 'a[href*="/books/"]': 1 candidates found
[20:33:08]     [PICK] [0] score=0.213 author_ok=True | 'manually add a book to our database' | /books/new
[20:33:08]     [PICK] Selector 'main a[href*="/books/"]': 1 candidates found
[20:33:08]     [PICK] [0] score=0.213 author_ok=True | 'manually add a book to our database' | /books/new
[20:33:08]     [PICK] Selector '.book-pane a': 0 candidates found
[20:33:08]     [PICK] Selector '[class*="book"] a': 0 candidates found
[20:33:08]     [PICK] Selector 'a:has-text("Maximum Risk (Wolff Securities")': 0 candidates found
[20:33:08]     [PICK] Found 2 total candidates
[20:33:08]     [PICK] Top candidates:
[20:33:08]     [PICK]   1. score=0.213 author_ok=True | 'manually add a book to our database'
[20:33:08]     [PICK]   2. score=0.213 author_ok=True | 'manually add a book to our database'
[20:33:08]     [PICK] ✗ No match >= 0.6 found
[20:33:08]     [PICK] Threshold: 0.6, Best score found: 0.000
[20:33:08]     [PROCESS] No result matched, trying next query
[20:33:08]     [PROCESS] Query 2/3: 'Maximum Risk (Wolff Securities Book 1) Jennifer Lowery'
[20:33:08]     [SEARCH] Searching for: 'Maximum Risk (Wolff Securities Book 1) Jennifer Lowery'
[20:33:13]     [SEARCH] Search submitted, landed on: https://app.thestorygraph.com/browse?search_term=Maximum%20Risk%20(Wolff%20Securities%20Book%201)%20Jennifer%20Lowery
[20:33:13]     [PICK] Looking for: title='Maximum Risk (Wolff Securities Book 1)', author='Jennifer Lowery'
[20:33:13]     [PICK] Author last names to match: ['lowery']
[20:33:13]     [PICK] Current URL: https://app.thestorygraph.com/browse?search_term=Maximum%20Risk%20(Wolff%20Securities%20Book%201)%20Jennifer%20Lowery
[20:33:13]     [PICK] Selector 'a[href*="/books/"]': 1 candidates found
[20:33:13]     [PICK] [0] score=0.213 author_ok=True | 'manually add a book to our database' | /books/new
[20:33:13]     [PICK] Selector 'main a[href*="/books/"]': 1 candidates found
[20:33:13]     [PICK] [0] score=0.213 author_ok=True | 'manually add a book to our database' | /books/new
[20:33:13]     [PICK] Selector '.book-pane a': 0 candidates found
[20:33:13]     [PICK] Selector '[class*="book"] a': 0 candidates found
[20:33:13]     [PICK] Selector 'a:has-text("Maximum Risk (Wolff Securities")': 0 candidates found
[20:33:13]     [PICK] Found 2 total candidates
[20:33:13]     [PICK] Top candidates:
[20:33:13]     [PICK]   1. score=0.213 author_ok=True | 'manually add a book to our database'
[20:33:13]     [PICK]   2. score=0.213 author_ok=True | 'manually add a book to our database'
[20:33:13]     [PICK] ✗ No match >= 0.6 found
[20:33:13]     [PICK] Threshold: 0.6, Best score found: 0.000
[20:33:13]     [PROCESS] No result matched, trying next query
[20:33:13]     [PROCESS] Query 3/3: 'Maximum Risk (Wolff Securities Book 1)'
[20:33:13]     [SEARCH] Searching for: 'Maximum Risk (Wolff Securities Book 1)'
[20:33:19]     [SEARCH] Search submitted, landed on: https://app.thestorygraph.com/browse?search_term=Maximum%20Risk%20(Wolff%20Securities%20Book%201)
[20:33:19]     [PICK] Looking for: title='Maximum Risk (Wolff Securities Book 1)', author='Jennifer Lowery'
[20:33:19]     [PICK] Author last names to match: ['lowery']
[20:33:19]     [PICK] Current URL: https://app.thestorygraph.com/browse?search_term=Maximum%20Risk%20(Wolff%20Securities%20Book%201)
[20:33:19]     [PICK] Selector 'a[href*="/books/"]': 1 candidates found
[20:33:19]     [PICK] [0] score=0.213 author_ok=True | 'manually add a book to our database' | /books/new
[20:33:19]     [PICK] Selector 'main a[href*="/books/"]': 1 candidates found
[20:33:19]     [PICK] [0] score=0.213 author_ok=True | 'manually add a book to our database' | /books/new
[20:33:19]     [PICK] Selector '.book-pane a': 0 candidates found
[20:33:19]     [PICK] Selector '[class*="book"] a': 0 candidates found
[20:33:19]     [PICK] Selector 'a:has-text("Maximum Risk (Wolff Securities")': 0 candidates found
[20:33:19]     [PICK] Found 2 total candidates
[20:33:19]     [PICK] Top candidates:
[20:33:19]     [PICK]   1. score=0.213 author_ok=True | 'manually add a book to our database'
[20:33:19]     [PICK]   2. score=0.213 author_ok=True | 'manually add a book to our database'
[20:33:19]     [PICK] ✗ No match >= 0.6 found
[20:33:19]     [PICK] Threshold: 0.6, Best score found: 0.000
[20:33:19]     [PROCESS] No result matched, trying next query
[20:33:19]     [PROCESS] ✗ Not found after 3 queries
[20:33:19]  -> Not Found: No matching StoryGraph result after trying all queries
[20:33:26] 
============================================================
[20:33:26] [30/418] His Devil's Desire (Club Devil's Cove Book 1) | Linzi Basset, Anumeha Gokhale  (owned=YES)
[20:33:26] ============================================================
[20:33:26]     [PROCESS] Trying 3 queries: ['B0776HY4DK', "His Devil's Desire (Club Devil's Cove Book 1) Linzi Basset, Anumeha Gokhale", "His Devil's Desire (Club Devil's Cove Book 1)"]
[20:33:26]     [PROCESS] Query 1/3: 'B0776HY4DK'
[20:33:26]     [SEARCH] Searching for: 'B0776HY4DK'
[20:33:31]     [SEARCH] Search submitted, landed on: https://app.thestorygraph.com/browse?search_term=B0776HY4DK
[20:33:31]     [PICK] Looking for: title="His Devil's Desire (Club Devil's Cove Book 1)", author='Linzi Basset, Anumeha Gokhale'
[20:33:31]     [PICK] Author last names to match: ['basset', 'gokhale']
[20:33:31]     [PICK] Current URL: https://app.thestorygraph.com/browse?search_term=B0776HY4DK
[20:33:31]     [PICK] Selector 'a[href*="/books/"]': 7 candidates found
[20:33:32]     [PICK] [0] score=0.143 author_ok=True | 'Add a book' | /books/new
[20:33:32]     [PICK] [1] score=0.000 author_ok=True | '' | /books/2f44b642-e129-49d4-8b21-7ea44859933a
[20:33:32]     [PICK] [2] Parent text: "His Devil's Desire\n\nLinzi Basset"
[20:33:32]     [PICK] [2] ✓ Author 'basset' found in parent
[20:33:32]     [PICK] [2] score=1.000 author_ok=True | "His Devil's Desire" | /books/2f44b642-e129-49d4-8b21-7ea44859933a
[20:33:32]     [PICK] [3] score=0.296 author_ok=True | '1 edition' | /books/2f44b642-e129-49d4-8b21-7ea44859933a/editions
[20:33:32]     [PICK] [4] score=0.000 author_ok=True | '' | /books/2f44b642-e129-49d4-8b21-7ea44859933a
[20:33:32]     [PICK] [5] Parent text: "His Devil's Desire"
[20:33:32]     [PICK] [5] Found 2 author links on page
[20:33:32]     [PICK] [5] ✓ Author 'basset' found in link: 'Linzi Basset'
[20:33:32]     [PICK] [5] score=1.000 author_ok=True | "His Devil's Desire" | /books/2f44b642-e129-49d4-8b21-7ea44859933a
[20:33:32]     [PICK] [6] score=0.296 author_ok=True | '1 edition' | /books/2f44b642-e129-49d4-8b21-7ea44859933a/editions
[20:33:32]     [PICK] Selector 'main a[href*="/books/"]': 7 candidates found
[20:33:32]     [PICK] [0] score=0.143 author_ok=True | 'Add a book' | /books/new
[20:33:32]     [PICK] [1] score=0.000 author_ok=True | '' | /books/2f44b642-e129-49d4-8b21-7ea44859933a
[20:33:32]     [PICK] [2] Parent text: "His Devil's Desire\n\nLinzi Basset"
[20:33:32]     [PICK] [2] ✓ Author 'basset' found in parent
[20:33:32]     [PICK] [2] score=1.000 author_ok=True | "His Devil's Desire" | /books/2f44b642-e129-49d4-8b21-7ea44859933a
[20:33:32]     [PICK] [3] score=0.296 author_ok=True | '1 edition' | /books/2f44b642-e129-49d4-8b21-7ea44859933a/editions
[20:33:32]     [PICK] [4] score=0.000 author_ok=True | '' | /books/2f44b642-e129-49d4-8b21-7ea44859933a
[20:33:32]     [PICK] [5] Parent text: "His Devil's Desire"
[20:33:32]     [PICK] [5] Found 2 author links on page
[20:33:32]     [PICK] [5] ✓ Author 'basset' found in link: 'Linzi Basset'
[20:33:32]     [PICK] [5] score=1.000 author_ok=True | "His Devil's Desire" | /books/2f44b642-e129-49d4-8b21-7ea44859933a
[20:33:32]     [PICK] [6] score=0.296 author_ok=True | '1 edition' | /books/2f44b642-e129-49d4-8b21-7ea44859933a/editions
[20:33:32]     [PICK] Selector '.book-pane a': 14 candidates found
[20:33:32]     [PICK] [0] score=0.000 author_ok=True | '' | /books/2f44b642-e129-49d4-8b21-7ea44859933a
[20:33:32]     [PICK] [3] Parent text: "His Devil's Desire\n\nLinzi Basset"
[20:33:32]     [PICK] [3] ✓ Author 'basset' found in parent
[20:33:32]     [PICK] [3] score=1.000 author_ok=True | "His Devil's Desire" | /books/2f44b642-e129-49d4-8b21-7ea44859933a
[20:33:32]     [PICK] [5] score=0.296 author_ok=True | '1 edition' | /books/2f44b642-e129-49d4-8b21-7ea44859933a/editions
[20:33:32]     [PICK] [6] score=0.258 author_ok=True | 'mark as owned' | /mark-as-owned-find-a-book?book_id=2f44b642-e129-49d4-8b21-7ea44859933a
[20:33:32]     [PICK] [7] score=0.000 author_ok=True | '' | /books/2f44b642-e129-49d4-8b21-7ea44859933a
[20:33:32]     [PICK] [10] Parent text: "His Devil's Desire"
[20:33:32]     [PICK] [10] Found 2 author links on page
[20:33:32]     [PICK] [10] ✓ Author 'basset' found in link: 'Linzi Basset'
[20:33:32]     [PICK] [10] score=1.000 author_ok=True | "His Devil's Desire" | /books/2f44b642-e129-49d4-8b21-7ea44859933a
[20:33:32]     [PICK] [12] score=0.296 author_ok=True | '1 edition' | /books/2f44b642-e129-49d4-8b21-7ea44859933a/editions
[20:33:32]     [PICK] [13] score=0.258 author_ok=True | 'mark as owned' | /mark-as-owned-find-a-book?book_id=2f44b642-e129-49d4-8b21-7ea44859933a
[20:33:32]     [PICK] Selector '[class*="book"] a': 14 candidates found
[20:33:32]     [PICK] [0] score=0.000 author_ok=True | '' | /books/2f44b642-e129-49d4-8b21-7ea44859933a
[20:33:32]     [PICK] [3] Parent text: "His Devil's Desire\n\nLinzi Basset"
[20:33:32]     [PICK] [3] ✓ Author 'basset' found in parent
[20:33:32]     [PICK] [3] score=1.000 author_ok=True | "His Devil's Desire" | /books/2f44b642-e129-49d4-8b21-7ea44859933a
[20:33:32]     [PICK] [5] score=0.296 author_ok=True | '1 edition' | /books/2f44b642-e129-49d4-8b21-7ea44859933a/editions
[20:33:32]     [PICK] [6] score=0.258 author_ok=True | 'mark as owned' | /mark-as-owned-find-a-book?book_id=2f44b642-e129-49d4-8b21-7ea44859933a
[20:33:33]     [PICK] [7] score=0.000 author_ok=True | '' | /books/2f44b642-e129-49d4-8b21-7ea44859933a
[20:33:33]     [PICK] [10] Parent text: "His Devil's Desire"
[20:33:33]     [PICK] [10] Found 2 author links on page
[20:33:33]     [PICK] [10] ✓ Author 'basset' found in link: 'Linzi Basset'
[20:33:33]     [PICK] [10] score=1.000 author_ok=True | "His Devil's Desire" | /books/2f44b642-e129-49d4-8b21-7ea44859933a
[20:33:33]     [PICK] [12] score=0.296 author_ok=True | '1 edition' | /books/2f44b642-e129-49d4-8b21-7ea44859933a/editions
[20:33:33]     [PICK] [13] score=0.258 author_ok=True | 'mark as owned' | /mark-as-owned-find-a-book?book_id=2f44b642-e129-49d4-8b21-7ea44859933a
[20:33:33]     [PICK] Selector 'a:has-text("His Devil's Desire (Club Devil")': 0 candidates found
[20:33:33]     [PICK] Found 30 total candidates
[20:33:33]     [PICK] Top candidates:
[20:33:33]     [PICK]   1. score=1.000 author_ok=True | "His Devil's Desire"
[20:33:33]     [PICK]   2. score=1.000 author_ok=True | "His Devil's Desire"
[20:33:33]     [PICK]   3. score=1.000 author_ok=True | "His Devil's Desire"
[20:33:33]     [PICK]   4. score=1.000 author_ok=True | "His Devil's Desire"
[20:33:33]     [PICK]   5. score=1.000 author_ok=True | "His Devil's Desire"
[20:33:33]     [PICK] ✓ Best match (score=1.000): "His Devil's Desire"
[20:33:33]     [PICK] Clicking: /books/2f44b642-e129-49d4-8b21-7ea44859933a
[20:33:35]     [PICK] ✓ Landed on: https://app.thestorygraph.com/books/2f44b642-e129-49d4-8b21-7ea44859933a
[20:33:35]     [PROCESS] Processing book page: https://app.thestorygraph.com/books/2f44b642-e129-49d4-8b21-7ea44859933a
[20:33:35]     [TO-READ] Not marked yet (will click button)
[20:33:35]     [TO-READ] Clicking button (found: button.read-status-button[title="Add to your To-Read Pile"])
[20:33:37]     [OWNED] Not owned yet (will click mark as owned)
[20:33:37]     [OWNED] Clicking Mark as Owned (found: a.mark-as-owned-link[title="Mark as owned"])
[20:33:38]  -> Added: Clicked To Read | Clicked Mark as Owned | SG Owned: Marked Owned
[20:33:46] 
============================================================
[20:33:46] [31/418] Blades & Bones: A Boyfriend's Older Brother Dark Hockey Romance (The Crestwood Elite Hockey Academy Series Book 2) | Heather C. Myers, Frankie Cardona  (owned=YES)
[20:33:46] ============================================================
[20:33:46]     [PROCESS] Trying 4 queries: ['B0CV4DBW3W', "Blades & Bones: A Boyfriend's Older Brother Dark Hockey Romance (The Crestwood Elite Hockey Academy Series Book 2) Heather C. Myers, Frankie Cardona", 'Blades & Bones Heather C. Myers, Frankie Cardona', "Blades & Bones: A Boyfriend's Older Brother Dark Hockey Romance (The Crestwood Elite Hockey Academy Series Book 2)"]
[20:33:46]     [PROCESS] Query 1/4: 'B0CV4DBW3W'
[20:33:46]     [SEARCH] Searching for: 'B0CV4DBW3W'
[20:33:52]     [SEARCH] Search submitted, landed on: https://app.thestorygraph.com/browse?search_term=B0CV4DBW3W
[20:33:52]     [PICK] Looking for: title="Blades & Bones: A Boyfriend's Older Brother Dark Hockey Romance (The Crestwood Elite Hockey Academy Series Book 2)", author='Heather C. Myers, Frankie Cardona'
[20:33:52]     [PICK] Author last names to match: ['myers', 'cardona']
[20:33:52]     [PICK] Current URL: https://app.thestorygraph.com/browse?search_term=B0CV4DBW3W
[20:33:52]     [PICK] Selector 'a[href*="/books/"]': 1 candidates found
[20:33:52]     [PICK] [0] score=0.327 author_ok=True | 'manually add a book to our database' | /books/new
[20:33:52]     [PICK] Selector 'main a[href*="/books/"]': 1 candidates found
[20:33:52]     [PICK] [0] score=0.327 author_ok=True | 'manually add a book to our database' | /books/new
[20:33:52]     [PICK] Selector '.book-pane a': 0 candidates found
[20:33:52]     [PICK] Selector '[class*="book"] a': 0 candidates found
[20:33:52]     [PICK] Selector 'a:has-text("Blades & Bones: A Boyfriend's ")': 0 candidates found
[20:33:52]     [PICK] Found 2 total candidates
[20:33:52]     [PICK] Top candidates:
[20:33:52]     [PICK]   1. score=0.327 author_ok=True | 'manually add a book to our database'
[20:33:52]     [PICK]   2. score=0.327 author_ok=True | 'manually add a book to our database'
[20:33:52]     [PICK] ✗ No match >= 0.6 found
[20:33:52]     [PICK] Threshold: 0.6, Best score found: 0.000
[20:33:52]     [PROCESS] No result matched, trying next query
[20:33:52]     [PROCESS] Query 2/4: "Blades & Bones: A Boyfriend's Older Brother Dark Hockey Romance (The Crestwood Elite Hockey Academy Series Book 2) Heather C. Myers, Frankie Cardona"
[20:33:52]     [SEARCH] Searching for: "Blades & Bones: A Boyfriend's Older Brother Dark Hockey Romance (The Crestwood Elite Hockey Academy Series Book 2) Heather C. Myers, Frankie Cardona"
[20:33:58]     [SEARCH] Search submitted, landed on: https://app.thestorygraph.com/browse
[20:33:58]     [PICK] Looking for: title="Blades & Bones: A Boyfriend's Older Brother Dark Hockey Romance (The Crestwood Elite Hockey Academy Series Book 2)", author='Heather C. Myers, Frankie Cardona'
[20:33:58]     [PICK] Author last names to match: ['myers', 'cardona']
[20:33:58]     [PICK] Current URL: https://app.thestorygraph.com/browse
[20:33:58]     [PICK] Selector 'a[href*="/books/"]': 60 candidates found
[20:33:58]     [PICK] [0] score=0.000 author_ok=True | '' | /books/708e17d5-0e39-425c-89be-dbec0ffba19e
[20:33:58]     [PICK] [1] score=0.250 author_ok=True | 'Yesteryear' | /books/708e17d5-0e39-425c-89be-dbec0ffba19e
[20:33:58]     [PICK] [2] score=0.320 author_ok=True | '32 editions' | /books/708e17d5-0e39-425c-89be-dbec0ffba19e/editions
[20:33:58]     [PICK] [3] score=0.000 author_ok=True | '' | /books/708e17d5-0e39-425c-89be-dbec0ffba19e
[20:33:58]     [PICK] [4] score=0.250 author_ok=True | 'Yesteryear' | /books/708e17d5-0e39-425c-89be-dbec0ffba19e
[20:33:58]     [PICK] [5] score=0.320 author_ok=True | '32 editions' | /books/708e17d5-0e39-425c-89be-dbec0ffba19e/editions
[20:33:58]     [PICK] [6] score=0.000 author_ok=True | '' | /books/ac3ea915-993d-4f30-8632-0f91e4ad0704
[20:33:58]     [PICK] [7] score=0.129 author_ok=True | 'Project Hail Mary' | /books/ac3ea915-993d-4f30-8632-0f91e4ad0704
[20:33:59]     [PICK] [8] score=0.467 author_ok=True | 'The Blade Itself' | /books/682d6d03-1728-4a87-8127-513a9a3a30e5
[20:33:59]     [PICK] [9] score=0.308 author_ok=True | '147 editions' | /books/682d6d03-1728-4a87-8127-513a9a3a30e5/editions
[20:33:59]     [PICK] [10] score=0.000 author_ok=True | '' | /books/682d6d03-1728-4a87-8127-513a9a3a30e5
[20:33:59]     [PICK] [11] score=0.467 author_ok=True | 'The Blade Itself' | /books/682d6d03-1728-4a87-8127-513a9a3a30e5
[20:33:59]     [PICK] [12] score=0.308 author_ok=True | '147 editions' | /books/682d6d03-1728-4a87-8127-513a9a3a30e5/editions
[20:33:59]     [PICK] [13] score=0.000 author_ok=True | '' | /books/afa2e754-9035-4f8e-a8e8-d654d78ebd0d
[20:33:59]     [PICK] [14] score=0.200 author_ok=True | 'Do Androids Dream of Electric Sheep?' | /books/afa2e754-9035-4f8e-a8e8-d654d78ebd0d
[20:33:59]     [PICK] [15] score=0.308 author_ok=True | '224 editions' | /books/afa2e754-9035-4f8e-a8e8-d654d78ebd0d/editions
[20:33:59]     [PICK] [16] score=0.000 author_ok=True | '' | /books/afa2e754-9035-4f8e-a8e8-d654d78ebd0d
[20:33:59]     [PICK] [17] score=0.200 author_ok=True | 'Do Androids Dream of Electric Sheep?' | /books/afa2e754-9035-4f8e-a8e8-d654d78ebd0d
[20:33:59]     [PICK] [18] score=0.308 author_ok=True | '224 editions' | /books/afa2e754-9035-4f8e-a8e8-d654d78ebd0d/editions
[20:33:59]     [PICK] [19] score=0.000 author_ok=True | '' | /books/f67e3021-54cd-40de-adc6-7ef4a57c3c35
[20:33:59]     [PICK] Selector 'main a[href*="/books/"]': 61 candidates found
[20:33:59]     [PICK] [0] Parent text: "Search results for 'Blades'\nAdd a book"
[20:33:59]     [PICK] [0] Found 20 author links on page
[20:34:00]     [PICK] [0] Authors on page: Sarah J. Maas, Sarah J. Maas, Joe Abercrombie, Joe Abercrombie, Philip K. Dick, Philip K. Dick, Mai Corland, Mai Corland, Melissa Blair, Melissa Blair
[20:35:00]     [PICK] [0] ✗ None of ['myers', 'cardona'] found anywhere
[20:35:00]     [PICK] [0] score=0.500 author_ok=False | 'Add a book' | /books/new
[20:35:00]     [PICK] [1] score=0.000 author_ok=True | '' | /books/097edc96-989d-4e30-bf76-76f2d43318d7
[20:35:00]     [PICK] [2] score=0.294 author_ok=True | "The Assassin's Blade" | /books/097edc96-989d-4e30-bf76-76f2d43318d7
[20:35:00]     [PICK] [3] score=0.308 author_ok=True | '211 editions' | /books/097edc96-989d-4e30-bf76-76f2d43318d7/editions
[20:35:00]     [PICK] [4] score=0.000 author_ok=True | '' | /books/097edc96-989d-4e30-bf76-76f2d43318d7
[20:35:00]     [PICK] [5] score=0.294 author_ok=True | "The Assassin's Blade" | /books/097edc96-989d-4e30-bf76-76f2d43318d7
[20:35:00]     [PICK] [6] score=0.308 author_ok=True | '211 editions' | /books/097edc96-989d-4e30-bf76-76f2d43318d7/editions
[20:35:00]     [PICK] [7] score=0.000 author_ok=True | '' | /books/682d6d03-1728-4a87-8127-513a9a3a30e5
[20:35:00]     [PICK] [8] score=0.467 author_ok=True | 'The Blade Itself' | /books/682d6d03-1728-4a87-8127-513a9a3a30e5
[20:35:00]     [PICK] [9] score=0.308 author_ok=True | '147 editions' | /books/682d6d03-1728-4a87-8127-513a9a3a30e5/editions
[20:35:00]     [PICK] [10] score=0.000 author_ok=True | '' | /books/682d6d03-1728-4a87-8127-513a9a3a30e5
[20:35:00]     [PICK] [11] score=0.467 author_ok=True | 'The Blade Itself' | /books/682d6d03-1728-4a87-8127-513a9a3a30e5
[20:35:00]     [PICK] [12] score=0.308 author_ok=True | '147 editions' | /books/682d6d03-1728-4a87-8127-513a9a3a30e5/editions
[20:35:00]     [PICK] [13] score=0.000 author_ok=True | '' | /books/afa2e754-9035-4f8e-a8e8-d654d78ebd0d
[20:35:00]     [PICK] [14] score=0.200 author_ok=True | 'Do Androids Dream of Electric Sheep?' | /books/afa2e754-9035-4f8e-a8e8-d654d78ebd0d
[20:35:00]     [PICK] [15] score=0.308 author_ok=True | '224 editions' | /books/afa2e754-9035-4f8e-a8e8-d654d78ebd0d/editions
[20:35:00]     [PICK] [16] score=0.000 author_ok=True | '' | /books/afa2e754-9035-4f8e-a8e8-d654d78ebd0d
[20:35:00]     [PICK] [17] score=0.200 author_ok=True | 'Do Androids Dream of Electric Sheep?' | /books/afa2e754-9035-4f8e-a8e8-d654d78ebd0d
[20:35:00]     [PICK] [18] score=0.308 author_ok=True | '224 editions' | /books/afa2e754-9035-4f8e-a8e8-d654d78ebd0d/editions
[20:35:00]     [PICK] [19] score=0.000 author_ok=True | '' | /books/f67e3021-54cd-40de-adc6-7ef4a57c3c35
[20:35:00]     [PICK] Selector '.book-pane a': 140 candidates found
[20:35:00]     [PICK] [0] score=0.000 author_ok=True | '' | /books/097edc96-989d-4e30-bf76-76f2d43318d7
[20:35:00]     [PICK] [3] score=0.294 author_ok=True | "The Assassin's Blade" | /books/097edc96-989d-4e30-bf76-76f2d43318d7
[20:35:00]     [PICK] [5] score=0.308 author_ok=True | '211 editions' | /books/097edc96-989d-4e30-bf76-76f2d43318d7/editions
[20:35:00]     [PICK] [6] score=0.444 author_ok=True | 'mark as owned' | /mark-as-owned-find-a-book?book_id=097edc96-989d-4e30-bf76-76f2d43318d7
[20:35:00]     [PICK] [7] score=0.000 author_ok=True | '' | /books/097edc96-989d-4e30-bf76-76f2d43318d7
[20:35:00]     [PICK] [10] score=0.294 author_ok=True | "The Assassin's Blade" | /books/097edc96-989d-4e30-bf76-76f2d43318d7
[20:35:00]     [PICK] [12] score=0.308 author_ok=True | '211 editions' | /books/097edc96-989d-4e30-bf76-76f2d43318d7/editions
[20:35:00]     [PICK] [13] score=0.444 author_ok=True | 'mark as owned' | /mark-as-owned-find-a-book?book_id=097edc96-989d-4e30-bf76-76f2d43318d7
[20:35:00]     [PICK] [14] score=0.000 author_ok=True | '' | /books/682d6d03-1728-4a87-8127-513a9a3a30e5
[20:35:00]     [PICK] [17] score=0.467 author_ok=True | 'The Blade Itself' | /books/682d6d03-1728-4a87-8127-513a9a3a30e5
[20:35:01]     [PICK] [19] score=0.308 author_ok=True | '147 editions' | /books/682d6d03-1728-4a87-8127-513a9a3a30e5/editions
[20:35:01]     [PICK] Selector '[class*="book"] a': 140 candidates found
[20:35:01]     [PICK] [0] score=0.000 author_ok=True | '' | /books/097edc96-989d-4e30-bf76-76f2d43318d7
[20:35:01]     [PICK] [3] score=0.294 author_ok=True | "The Assassin's Blade" | /books/097edc96-989d-4e30-bf76-76f2d43318d7
[20:35:01]     [PICK] [5] score=0.308 author_ok=True | '211 editions' | /books/097edc96-989d-4e30-bf76-76f2d43318d7/editions
[20:35:01]     [PICK] [6] score=0.444 author_ok=True | 'mark as owned' | /mark-as-owned-find-a-book?book_id=097edc96-989d-4e30-bf76-76f2d43318d7
[20:35:01]     [PICK] [7] score=0.000 author_ok=True | '' | /books/097edc96-989d-4e30-bf76-76f2d43318d7
[20:35:01]     [PICK] [10] score=0.294 author_ok=True | "The Assassin's Blade" | /books/097edc96-989d-4e30-bf76-76f2d43318d7
[20:35:01]     [PICK] [12] score=0.308 author_ok=True | '211 editions' | /books/097edc96-989d-4e30-bf76-76f2d43318d7/editions
[20:35:01]     [PICK] [13] score=0.444 author_ok=True | 'mark as owned' | /mark-as-owned-find-a-book?book_id=097edc96-989d-4e30-bf76-76f2d43318d7
[20:35:01]     [PICK] [14] score=0.000 author_ok=True | '' | /books/682d6d03-1728-4a87-8127-513a9a3a30e5
[20:35:01]     [PICK] [17] score=0.467 author_ok=True | 'The Blade Itself' | /books/682d6d03-1728-4a87-8127-513a9a3a30e5
[20:35:01]     [PICK] [19] score=0.308 author_ok=True | '147 editions' | /books/682d6d03-1728-4a87-8127-513a9a3a30e5/editions
[20:35:01]     [PICK] Selector 'a:has-text("Blades & Bones: A Boyfriend's ")': 0 candidates found
[20:35:01]     [PICK] Found 62 total candidates
[20:35:01]     [PICK] Top candidates:
[20:35:01]     [PICK]   1. score=0.500 author_ok=False | 'Add a book'
[20:35:01]     [PICK]   2. score=0.467 author_ok=True | 'The Blade Itself'
[20:35:01]     [PICK]   3. score=0.467 author_ok=True | 'The Blade Itself'
[20:35:01]     [PICK]   4. score=0.467 author_ok=True | 'The Blade Itself'
[20:35:01]     [PICK]   5. score=0.467 author_ok=True | 'The Blade Itself'
[20:35:01]     [PICK] ✗ No match >= 0.6 found
[20:35:01]     [PICK] Threshold: 0.6, Best score found: 0.000
[20:35:01]     [PROCESS] No result matched, trying next query
[20:35:01]     [PROCESS] Query 3/4: 'Blades & Bones Heather C. Myers, Frankie Cardona'
[20:35:01]     [SEARCH] Searching for: 'Blades & Bones Heather C. Myers, Frankie Cardona'
[20:35:07]     [SEARCH] Search submitted, landed on: https://app.thestorygraph.com/browse?search_term=Blades%20&%20Bones%20Heather%20C.%20Myers,%20Frankie%20Cardona
[20:35:07]     [PICK] Looking for: title="Blades & Bones: A Boyfriend's Older Brother Dark Hockey Romance (The Crestwood Elite Hockey Academy Series Book 2)", author='Heather C. Myers, Frankie Cardona'
[20:35:07]     [PICK] Author last names to match: ['myers', 'cardona']
[20:35:07]     [PICK] Current URL: https://app.thestorygraph.com/browse?search_term=Blades%20&%20Bones%20Heather%20C.%20Myers,%20Frankie%20Cardona
[20:35:07]     [PICK] Selector 'a[href*="/books/"]': 61 candidates found
[20:35:07]     [PICK] [0] Parent text: "Search results for 'Blades'\nAdd a book"
[20:35:07]     [PICK] [0] Found 20 author links on page
[20:35:07]     [PICK] [0] Authors on page: Sarah J. Maas, Sarah J. Maas, Joe Abercrombie, Joe Abercrombie, Philip K. Dick, Philip K. Dick, Mai Corland, Mai Corland, Melissa Blair, Melissa Blair
[20:36:07]     [PICK] [0] ✗ None of ['myers', 'cardona'] found anywhere
[20:36:07]     [PICK] [0] score=0.500 author_ok=False | 'Add a book' | /books/new
[20:36:07]     [PICK] [1] score=0.000 author_ok=True | '' | /books/097edc96-989d-4e30-bf76-76f2d43318d7
[20:36:07]     [PICK] [2] score=0.294 author_ok=True | "The Assassin's Blade" | /books/097edc96-989d-4e30-bf76-76f2d43318d7
[20:36:07]     [PICK] [3] score=0.308 author_ok=True | '211 editions' | /books/097edc96-989d-4e30-bf76-76f2d43318d7/editions
[20:36:07]     [PICK] [4] score=0.000 author_ok=True | '' | /books/097edc96-989d-4e30-bf76-76f2d43318d7
[20:36:07]     [PICK] [5] score=0.294 author_ok=True | "The Assassin's Blade" | /books/097edc96-989d-4e30-bf76-76f2d43318d7
[20:36:07]     [PICK] [6] score=0.308 author_ok=True | '211 editions' | /books/097edc96-989d-4e30-bf76-76f2d43318d7/editions
[20:36:07]     [PICK] [7] score=0.000 author_ok=True | '' | /books/682d6d03-1728-4a87-8127-513a9a3a30e5
[20:36:07]     [PICK] [8] score=0.467 author_ok=True | 'The Blade Itself' | /books/682d6d03-1728-4a87-8127-513a9a3a30e5
[20:36:07]     [PICK] [9] score=0.308 author_ok=True | '147 editions' | /books/682d6d03-1728-4a87-8127-513a9a3a30e5/editions
[20:36:07]     [PICK] [10] score=0.000 author_ok=True | '' | /books/682d6d03-1728-4a87-8127-513a9a3a30e5
[20:36:07]     [PICK] [11] score=0.467 author_ok=True | 'The Blade Itself' | /books/682d6d03-1728-4a87-8127-513a9a3a30e5
[20:36:07]     [PICK] [12] score=0.308 author_ok=True | '147 editions' | /books/682d6d03-1728-4a87-8127-513a9a3a30e5/editions
[20:36:07]     [PICK] [13] score=0.000 author_ok=True | '' | /books/afa2e754-9035-4f8e-a8e8-d654d78ebd0d
[20:36:07]     [PICK] [14] score=0.200 author_ok=True | 'Do Androids Dream of Electric Sheep?' | /books/afa2e754-9035-4f8e-a8e8-d654d78ebd0d
[20:36:07]     [PICK] [15] score=0.308 author_ok=True | '224 editions' | /books/afa2e754-9035-4f8e-a8e8-d654d78ebd0d/editions
[20:36:07]     [PICK] [16] score=0.000 author_ok=True | '' | /books/afa2e754-9035-4f8e-a8e8-d654d78ebd0d
[20:36:07]     [PICK] [17] score=0.200 author_ok=True | 'Do Androids Dream of Electric Sheep?' | /books/afa2e754-9035-4f8e-a8e8-d654d78ebd0d
[20:36:07]     [PICK] [18] score=0.308 author_ok=True | '224 editions' | /books/afa2e754-9035-4f8e-a8e8-d654d78ebd0d/editions
[20:36:07]     [PICK] [19] score=0.000 author_ok=True | '' | /books/f67e3021-54cd-40de-adc6-7ef4a57c3c35
[20:36:08]     [PICK] Selector 'main a[href*="/books/"]': 61 candidates found
[20:36:08]     [PICK] [0] Parent text: "Search results for 'Blades'\nAdd a book"
[20:36:08]     [PICK] [0] Found 20 author links on page
[20:36:08]     [PICK] [0] Authors on page: Sarah J. Maas, Sarah J. Maas, Joe Abercrombie, Joe Abercrombie, Philip K. Dick, Philip K. Dick, Mai Corland, Mai Corland, Melissa Blair, Melissa Blair
[20:37:08]     [PICK] [0] ✗ None of ['myers', 'cardona'] found anywhere
[20:37:08]     [PICK] [0] score=0.500 author_ok=False | 'Add a book' | /books/new
[20:37:08]     [PICK] [1] score=0.000 author_ok=True | '' | /books/097edc96-989d-4e30-bf76-76f2d43318d7
[20:37:08]     [PICK] [2] score=0.294 author_ok=True | "The Assassin's Blade" | /books/097edc96-989d-4e30-bf76-76f2d43318d7
[20:37:08]     [PICK] [3] score=0.308 author_ok=True | '211 editions' | /books/097edc96-989d-4e30-bf76-76f2d43318d7/editions
[20:37:08]     [PICK] [4] score=0.000 author_ok=True | '' | /books/097edc96-989d-4e30-bf76-76f2d43318d7
[20:37:08]     [PICK] [5] score=0.294 author_ok=True | "The Assassin's Blade" | /books/097edc96-989d-4e30-bf76-76f2d43318d7
[20:37:08]     [PICK] [6] score=0.308 author_ok=True | '211 editions' | /books/097edc96-989d-4e30-bf76-76f2d43318d7/editions
[20:37:08]     [PICK] [7] score=0.000 author_ok=True | '' | /books/682d6d03-1728-4a87-8127-513a9a3a30e5
[20:37:08]     [PICK] [8] score=0.467 author_ok=True | 'The Blade Itself' | /books/682d6d03-1728-4a87-8127-513a9a3a30e5
[20:37:08]     [PICK] [9] score=0.308 author_ok=True | '147 editions' | /books/682d6d03-1728-4a87-8127-513a9a3a30e5/editions
[20:37:08]     [PICK] [10] score=0.000 author_ok=True | '' | /books/682d6d03-1728-4a87-8127-513a9a3a30e5
[20:37:08]     [PICK] [11] score=0.467 author_ok=True | 'The Blade Itself' | /books/682d6d03-1728-4a87-8127-513a9a3a30e5
[20:37:08]     [PICK] [12] score=0.308 author_ok=True | '147 editions' | /books/682d6d03-1728-4a87-8127-513a9a3a30e5/editions
[20:37:08]     [PICK] [13] score=0.000 author_ok=True | '' | /books/afa2e754-9035-4f8e-a8e8-d654d78ebd0d
[20:37:08]     [PICK] [14] score=0.200 author_ok=True | 'Do Androids Dream of Electric Sheep?' | /books/afa2e754-9035-4f8e-a8e8-d654d78ebd0d
[20:37:08]     [PICK] [15] score=0.308 author_ok=True | '224 editions' | /books/afa2e754-9035-4f8e-a8e8-d654d78ebd0d/editions
[20:37:08]     [PICK] [16] score=0.000 author_ok=True | '' | /books/afa2e754-9035-4f8e-a8e8-d654d78ebd0d
[20:37:08]     [PICK] [17] score=0.200 author_ok=True | 'Do Androids Dream of Electric Sheep?' | /books/afa2e754-9035-4f8e-a8e8-d654d78ebd0d
[20:37:08]     [PICK] [18] score=0.308 author_ok=True | '224 editions' | /books/afa2e754-9035-4f8e-a8e8-d654d78ebd0d/editions
[20:37:08]     [PICK] [19] score=0.000 author_ok=True | '' | /books/f67e3021-54cd-40de-adc6-7ef4a57c3c35
[20:37:08]     [PICK] Selector '.book-pane a': 140 candidates found
[20:37:08]     [PICK] [0] score=0.000 author_ok=True | '' | /books/097edc96-989d-4e30-bf76-76f2d43318d7
[20:37:08]     [PICK] [3] score=0.294 author_ok=True | "The Assassin's Blade" | /books/097edc96-989d-4e30-bf76-76f2d43318d7
[20:37:08]     [PICK] [5] score=0.308 author_ok=True | '211 editions' | /books/097edc96-989d-4e30-bf76-76f2d43318d7/editions
[20:37:08]     [PICK] [6] score=0.444 author_ok=True | 'mark as owned' | /mark-as-owned-find-a-book?book_id=097edc96-989d-4e30-bf76-76f2d43318d7
[20:37:08]     [PICK] [7] score=0.000 author_ok=True | '' | /books/097edc96-989d-4e30-bf76-76f2d43318d7
[20:37:08]     [PICK] [10] score=0.294 author_ok=True | "The Assassin's Blade" | /books/097edc96-989d-4e30-bf76-76f2d43318d7
[20:37:08]     [PICK] [12] score=0.308 author_ok=True | '211 editions' | /books/097edc96-989d-4e30-bf76-76f2d43318d7/editions
[20:37:08]     [PICK] [13] score=0.444 author_ok=True | 'mark as owned' | /mark-as-owned-find-a-book?book_id=097edc96-989d-4e30-bf76-76f2d43318d7
[20:37:09]     [PICK] [14] score=0.000 author_ok=True | '' | /books/682d6d03-1728-4a87-8127-513a9a3a30e5
[20:37:09]     [PICK] [17] score=0.467 author_ok=True | 'The Blade Itself' | /books/682d6d03-1728-4a87-8127-513a9a3a30e5
[20:37:09]     [PICK] [19] score=0.308 author_ok=True | '147 editions' | /books/682d6d03-1728-4a87-8127-513a9a3a30e5/editions
[20:37:09]     [PICK] Selector '[class*="book"] a': 140 candidates found
[20:37:09]     [PICK] [0] score=0.000 author_ok=True | '' | /books/097edc96-989d-4e30-bf76-76f2d43318d7
[20:37:09]     [PICK] [3] score=0.294 author_ok=True | "The Assassin's Blade" | /books/097edc96-989d-4e30-bf76-76f2d43318d7
[20:37:09]     [PICK] [5] score=0.308 author_ok=True | '211 editions' | /books/097edc96-989d-4e30-bf76-76f2d43318d7/editions
[20:37:09]     [PICK] [6] score=0.444 author_ok=True | 'mark as owned' | /mark-as-owned-find-a-book?book_id=097edc96-989d-4e30-bf76-76f2d43318d7
[20:37:09]     [PICK] [7] score=0.000 author_ok=True | '' | /books/097edc96-989d-4e30-bf76-76f2d43318d7
[20:37:09]     [PICK] [10] score=0.294 author_ok=True | "The Assassin's Blade" | /books/097edc96-989d-4e30-bf76-76f2d43318d7
[20:37:09]     [PICK] [12] score=0.308 author_ok=True | '211 editions' | /books/097edc96-989d-4e30-bf76-76f2d43318d7/editions
[20:37:09]     [PICK] [13] score=0.444 author_ok=True | 'mark as owned' | /mark-as-owned-find-a-book?book_id=097edc96-989d-4e30-bf76-76f2d43318d7
[20:37:09]     [PICK] [14] score=0.000 author_ok=True | '' | /books/682d6d03-1728-4a87-8127-513a9a3a30e5
[20:37:09]     [PICK] [17] score=0.467 author_ok=True | 'The Blade Itself' | /books/682d6d03-1728-4a87-8127-513a9a3a30e5
[20:37:09]     [PICK] [19] score=0.308 author_ok=True | '147 editions' | /books/682d6d03-1728-4a87-8127-513a9a3a30e5/editions
[20:37:09]     [PICK] Selector 'a:has-text("Blades & Bones: A Boyfriend's ")': 0 candidates found
[20:37:09]     [PICK] Found 62 total candidates
[20:37:09]     [PICK] Top candidates:
[20:37:09]     [PICK]   1. score=0.500 author_ok=False | 'Add a book'
[20:37:09]     [PICK]   2. score=0.500 author_ok=False | 'Add a book'
[20:37:09]     [PICK]   3. score=0.467 author_ok=True | 'The Blade Itself'
[20:37:09]     [PICK]   4. score=0.467 author_ok=True | 'The Blade Itself'
[20:37:09]     [PICK]   5. score=0.467 author_ok=True | 'The Blade Itself'
[20:37:09]     [PICK] ✗ No match >= 0.6 found
[20:37:09]     [PICK] Threshold: 0.6, Best score found: 0.000
[20:37:09]     [PROCESS] No result matched, trying next query
[20:37:09]     [PROCESS] Query 4/4: "Blades & Bones: A Boyfriend's Older Brother Dark Hockey Romance (The Crestwood Elite Hockey Academy Series Book 2)"
[20:37:09]     [SEARCH] Searching for: "Blades & Bones: A Boyfriend's Older Brother Dark Hockey Romance (The Crestwood Elite Hockey Academy Series Book 2)"
[20:37:15]     [SEARCH] Search submitted, landed on: https://app.thestorygraph.com/browse
[20:37:15]     [PICK] Looking for: title="Blades & Bones: A Boyfriend's Older Brother Dark Hockey Romance (The Crestwood Elite Hockey Academy Series Book 2)", author='Heather C. Myers, Frankie Cardona'
[20:37:15]     [PICK] Author last names to match: ['myers', 'cardona']
[20:37:15]     [PICK] Current URL: https://app.thestorygraph.com/browse
[20:37:15]     [PICK] Selector 'a[href*="/books/"]': 60 candidates found
[20:37:15]     [PICK] [0] score=0.000 author_ok=True | '' | /books/708e17d5-0e39-425c-89be-dbec0ffba19e
[20:37:15]     [PICK] [1] score=0.250 author_ok=True | 'Yesteryear' | /books/708e17d5-0e39-425c-89be-dbec0ffba19e
[20:37:16]     [PICK] [2] score=0.320 author_ok=True | '32 editions' | /books/708e17d5-0e39-425c-89be-dbec0ffba19e/editions
[20:37:16]     [PICK] [3] score=0.000 author_ok=True | '' | /books/708e17d5-0e39-425c-89be-dbec0ffba19e
[20:37:16]     [PICK] [4] score=0.250 author_ok=True | 'Yesteryear' | /books/708e17d5-0e39-425c-89be-dbec0ffba19e
[20:37:16]     [PICK] [5] score=0.320 author_ok=True | '32 editions' | /books/708e17d5-0e39-425c-89be-dbec0ffba19e/editions
[20:37:16]     [PICK] [6] score=0.000 author_ok=True | '' | /books/ac3ea915-993d-4f30-8632-0f91e4ad0704
[20:37:16]     [PICK] [7] score=0.129 author_ok=True | 'Project Hail Mary' | /books/ac3ea915-993d-4f30-8632-0f91e4ad0704
[20:37:16]     [PICK] [8] score=0.308 author_ok=True | '229 editions' | /books/ac3ea915-993d-4f30-8632-0f91e4ad0704/editions
[20:37:16]     [PICK] [9] score=0.000 author_ok=True | '' | /books/ac3ea915-993d-4f30-8632-0f91e4ad0704
[20:37:16]     [PICK] [10] score=0.129 author_ok=True | 'Project Hail Mary' | /books/ac3ea915-993d-4f30-8632-0f91e4ad0704
[20:37:16]     [PICK] [11] score=0.308 author_ok=True | '229 editions' | /books/ac3ea915-993d-4f30-8632-0f91e4ad0704/editions
[20:37:16]     [PICK] [12] score=0.000 author_ok=True | '' | /books/25876d4a-055a-4baf-947f-b2c480293555
[20:37:16]     [PICK] [13] score=0.294 author_ok=True | 'Dungeon Crawler Carl' | /books/25876d4a-055a-4baf-947f-b2c480293555
[20:37:16]     [PICK] [14] score=0.200 author_ok=True | 'Do Androids Dream of Electric Sheep?' | /books/afa2e754-9035-4f8e-a8e8-d654d78ebd0d
[20:37:16]     [PICK] [15] score=0.308 author_ok=True | '224 editions' | /books/afa2e754-9035-4f8e-a8e8-d654d78ebd0d/editions
[20:37:16]     [PICK] [16] score=0.000 author_ok=True | '' | /books/afa2e754-9035-4f8e-a8e8-d654d78ebd0d
[20:37:16]     [PICK] [17] score=0.200 author_ok=True | 'Do Androids Dream of Electric Sheep?' | /books/afa2e754-9035-4f8e-a8e8-d654d78ebd0d
[20:37:16]     [PICK] [18] score=0.308 author_ok=True | '224 editions' | /books/afa2e754-9035-4f8e-a8e8-d654d78ebd0d/editions
[20:37:16]     [PICK] [19] score=0.000 author_ok=True | '' | /books/f67e3021-54cd-40de-adc6-7ef4a57c3c35
[20:37:16]     [PICK] Selector 'main a[href*="/books/"]': 61 candidates found
[20:37:16]     [PICK] [0] Parent text: "Search results for 'Blades'\nAdd a book"
[20:37:16]     [PICK] [0] Found 20 author links on page
[20:37:16]     [PICK] [0] Authors on page: Sarah J. Maas, Sarah J. Maas, Joe Abercrombie, Joe Abercrombie, Philip K. Dick, Philip K. Dick, Mai Corland, Mai Corland, Melissa Blair, Melissa Blair
[20:38:16]     [PICK] [0] ✗ None of ['myers', 'cardona'] found anywhere
[20:38:16]     [PICK] [0] score=0.500 author_ok=False | 'Add a book' | /books/new
[20:38:16]     [PICK] [1] score=0.000 author_ok=True | '' | /books/097edc96-989d-4e30-bf76-76f2d43318d7
[20:38:17]     [PICK] [2] score=0.294 author_ok=True | "The Assassin's Blade" | /books/097edc96-989d-4e30-bf76-76f2d43318d7
[20:38:17]     [PICK] [3] score=0.308 author_ok=True | '211 editions' | /books/097edc96-989d-4e30-bf76-76f2d43318d7/editions
[20:38:17]     [PICK] [4] score=0.000 author_ok=True | '' | /books/097edc96-989d-4e30-bf76-76f2d43318d7
[20:38:17]     [PICK] [5] score=0.294 author_ok=True | "The Assassin's Blade" | /books/097edc96-989d-4e30-bf76-76f2d43318d7
[20:38:17]     [PICK] [6] score=0.308 author_ok=True | '211 editions' | /books/097edc96-989d-4e30-bf76-76f2d43318d7/editions
[20:38:17]     [PICK] [7] score=0.000 author_ok=True | '' | /books/682d6d03-1728-4a87-8127-513a9a3a30e5
[20:38:17]     [PICK] [8] score=0.467 author_ok=True | 'The Blade Itself' | /books/682d6d03-1728-4a87-8127-513a9a3a30e5
[20:38:17]     [PICK] [9] score=0.308 author_ok=True | '147 editions' | /books/682d6d03-1728-4a87-8127-513a9a3a30e5/editions
[20:38:17]     [PICK] [10] score=0.000 author_ok=True | '' | /books/682d6d03-1728-4a87-8127-513a9a3a30e5
[20:38:17]     [PICK] [11] score=0.467 author_ok=True | 'The Blade Itself' | /books/682d6d03-1728-4a87-8127-513a9a3a30e5
[20:38:17]     [PICK] [12] score=0.308 author_ok=True | '147 editions' | /books/682d6d03-1728-4a87-8127-513a9a3a30e5/editions
[20:38:17]     [PICK] [13] score=0.000 author_ok=True | '' | /books/afa2e754-9035-4f8e-a8e8-d654d78ebd0d
[20:38:17]     [PICK] [14] score=0.200 author_ok=True | 'Do Androids Dream of Electric Sheep?' | /books/afa2e754-9035-4f8e-a8e8-d654d78ebd0d
[20:38:17]     [PICK] [15] score=0.308 author_ok=True | '224 editions' | /books/afa2e754-9035-4f8e-a8e8-d654d78ebd0d/editions
[20:38:17]     [PICK] [16] score=0.000 author_ok=True | '' | /books/afa2e754-9035-4f8e-a8e8-d654d78ebd0d
[20:38:17]     [PICK] [17] score=0.200 author_ok=True | 'Do Androids Dream of Electric Sheep?' | /books/afa2e754-9035-4f8e-a8e8-d654d78ebd0d
[20:38:17]     [PICK] [18] score=0.308 author_ok=True | '224 editions' | /books/afa2e754-9035-4f8e-a8e8-d654d78ebd0d/editions
[20:38:17]     [PICK] [19] score=0.000 author_ok=True | '' | /books/f67e3021-54cd-40de-adc6-7ef4a57c3c35
[20:38:17]     [PICK] Selector '.book-pane a': 140 candidates found
[20:38:17]     [PICK] [0] score=0.000 author_ok=True | '' | /books/097edc96-989d-4e30-bf76-76f2d43318d7
[20:38:17]     [PICK] [3] score=0.294 author_ok=True | "The Assassin's Blade" | /books/097edc96-989d-4e30-bf76-76f2d43318d7
[20:38:17]     [PICK] [5] score=0.308 author_ok=True | '211 editions' | /books/097edc96-989d-4e30-bf76-76f2d43318d7/editions
[20:38:17]     [PICK] [6] score=0.444 author_ok=True | 'mark as owned' | /mark-as-owned-find-a-book?book_id=097edc96-989d-4e30-bf76-76f2d43318d7
[20:38:17]     [PICK] [7] score=0.000 author_ok=True | '' | /books/097edc96-989d-4e30-bf76-76f2d43318d7
[20:38:17]     [PICK] [10] score=0.294 author_ok=True | "The Assassin's Blade" | /books/097edc96-989d-4e30-bf76-76f2d43318d7
[20:38:17]     [PICK] [12] score=0.308 author_ok=True | '211 editions' | /books/097edc96-989d-4e30-bf76-76f2d43318d7/editions
[20:38:17]     [PICK] [13] score=0.444 author_ok=True | 'mark as owned' | /mark-as-owned-find-a-book?book_id=097edc96-989d-4e30-bf76-76f2d43318d7
[20:38:17]     [PICK] [14] score=0.000 author_ok=True | '' | /books/682d6d03-1728-4a87-8127-513a9a3a30e5
[20:38:17]     [PICK] [17] score=0.467 author_ok=True | 'The Blade Itself' | /books/682d6d03-1728-4a87-8127-513a9a3a30e5
[20:38:17]     [PICK] [19] score=0.308 author_ok=True | '147 editions' | /books/682d6d03-1728-4a87-8127-513a9a3a30e5/editions
[20:38:17]     [PICK] Selector '[class*="book"] a': 140 candidates found
[20:38:17]     [PICK] [0] score=0.000 author_ok=True | '' | /books/097edc96-989d-4e30-bf76-76f2d43318d7
[20:38:18]     [PICK] [3] score=0.294 author_ok=True | "The Assassin's Blade" | /books/097edc96-989d-4e30-bf76-76f2d43318d7
[20:38:18]     [PICK] [5] score=0.308 author_ok=True | '211 editions' | /books/097edc96-989d-4e30-bf76-76f2d43318d7/editions
[20:38:18]     [PICK] [6] score=0.444 author_ok=True | 'mark as owned' | /mark-as-owned-find-a-book?book_id=097edc96-989d-4e30-bf76-76f2d43318d7
[20:38:18]     [PICK] [7] score=0.000 author_ok=True | '' | /books/097edc96-989d-4e30-bf76-76f2d43318d7
[20:38:18]     [PICK] [10] score=0.294 author_ok=True | "The Assassin's Blade" | /books/097edc96-989d-4e30-bf76-76f2d43318d7
[20:38:18]     [PICK] [12] score=0.308 author_ok=True | '211 editions' | /books/097edc96-989d-4e30-bf76-76f2d43318d7/editions
[20:38:18]     [PICK] [13] score=0.444 author_ok=True | 'mark as owned' | /mark-as-owned-find-a-book?book_id=097edc96-989d-4e30-bf76-76f2d43318d7
[20:38:18]     [PICK] [14] score=0.000 author_ok=True | '' | /books/682d6d03-1728-4a87-8127-513a9a3a30e5
[20:38:18]     [PICK] [17] score=0.467 author_ok=True | 'The Blade Itself' | /books/682d6d03-1728-4a87-8127-513a9a3a30e5
[20:38:18]     [PICK] [19] score=0.308 author_ok=True | '147 editions' | /books/682d6d03-1728-4a87-8127-513a9a3a30e5/editions
[20:38:18]     [PICK] Selector 'a:has-text("Blades & Bones: A Boyfriend's ")': 0 candidates found
[20:38:18]     [PICK] Found 62 total candidates
[20:38:18]     [PICK] Top candidates:
[20:38:18]     [PICK]   1. score=0.500 author_ok=False | 'Add a book'
[20:38:18]     [PICK]   2. score=0.467 author_ok=True | 'The Blade Itself'
[20:38:18]     [PICK]   3. score=0.467 author_ok=True | 'The Blade Itself'
[20:38:18]     [PICK]   4. score=0.467 author_ok=True | 'The Blade Itself'
[20:38:18]     [PICK]   5. score=0.467 author_ok=True | 'The Blade Itself'
[20:38:18]     [PICK] ✗ No match >= 0.6 found
[20:38:18]     [PICK] Threshold: 0.6, Best score found: 0.000
[20:38:18]     [PROCESS] No result matched, trying next query
[20:38:18]     [PROCESS] ✗ Not found after 4 queries
[20:38:18]  -> Not Found: No matching StoryGraph result after trying all queries
[20:38:24] 
============================================================
[20:38:24] [32/418] Zeven Ways to Kill Your Lover (Division Eight Book 1) | L. Shannon  (owned=YES)
[20:38:24] ============================================================
[20:38:24]     [PROCESS] Trying 3 queries: ['B0CL5HQMLX', 'Zeven Ways to Kill Your Lover (Division Eight Book 1) L. Shannon', 'Zeven Ways to Kill Your Lover (Division Eight Book 1)']
[20:38:24]     [PROCESS] Query 1/3: 'B0CL5HQMLX'
[20:38:24]     [SEARCH] Searching for: 'B0CL5HQMLX'
[20:38:30]     [SEARCH] Search submitted, landed on: https://app.thestorygraph.com/browse?search_term=B0CL5HQMLX
[20:38:30]     [PICK] Looking for: title='Zeven Ways to Kill Your Lover (Division Eight Book 1)', author='L. Shannon'
[20:38:30]     [PICK] Author last names to match: ['shannon']
[20:38:30]     [PICK] Current URL: https://app.thestorygraph.com/browse?search_term=B0CL5HQMLX
[20:38:30]     [PICK] Selector 'a[href*="/books/"]': 1 candidates found
[20:38:30]     [PICK] [0] score=0.344 author_ok=True | 'manually add a book to our database' | /books/new
[20:38:30]     [PICK] Selector 'main a[href*="/books/"]': 1 candidates found
[20:38:30]     [PICK] [0] score=0.344 author_ok=True | 'manually add a book to our database' | /books/new
[20:38:30]     [PICK] Selector '.book-pane a': 0 candidates found
[20:38:30]     [PICK] Selector '[class*="book"] a': 0 candidates found
[20:38:30]     [PICK] Selector 'a:has-text("Zeven Ways to Kill Your Lover ")': 0 candidates found
[20:38:30]     [PICK] Found 2 total candidates
[20:38:30]     [PICK] Top candidates:
[20:38:30]     [PICK]   1. score=0.344 author_ok=True | 'manually add a book to our database'
[20:38:30]     [PICK]   2. score=0.344 author_ok=True | 'manually add a book to our database'
[20:38:30]     [PICK] ✗ No match >= 0.6 found
[20:38:30]     [PICK] Threshold: 0.6, Best score found: 0.000
[20:38:30]     [PROCESS] No result matched, trying next query
[20:38:30]     [PROCESS] Query 2/3: 'Zeven Ways to Kill Your Lover (Division Eight Book 1) L. Shannon'
[20:38:30]     [SEARCH] Searching for: 'Zeven Ways to Kill Your Lover (Division Eight Book 1) L. Shannon'
[20:38:36]     [SEARCH] Search submitted, landed on: https://app.thestorygraph.com/browse?search_term=Zeven%20Ways%20to%20Kill%20Your%20Lover%20(Division%20Eight%20Book%201)%20L.%20Shannon
[20:38:36]     [PICK] Looking for: title='Zeven Ways to Kill Your Lover (Division Eight Book 1)', author='L. Shannon'
[20:38:36]     [PICK] Author last names to match: ['shannon']
[20:38:36]     [PICK] Current URL: https://app.thestorygraph.com/browse?search_term=Zeven%20Ways%20to%20Kill%20Your%20Lover%20(Division%20Eight%20Book%201)%20L.%20Shannon
[20:38:36]     [PICK] Selector 'a[href*="/books/"]': 1 candidates found
[20:38:36]     [PICK] [0] score=0.344 author_ok=True | 'manually add a book to our database' | /books/new
[20:38:36]     [PICK] Selector 'main a[href*="/books/"]': 1 candidates found
[20:38:36]     [PICK] [0] score=0.344 author_ok=True | 'manually add a book to our database' | /books/new
[20:38:36]     [PICK] Selector '.book-pane a': 0 candidates found
[20:38:36]     [PICK] Selector '[class*="book"] a': 0 candidates found
[20:38:36]     [PICK] Selector 'a:has-text("Zeven Ways to Kill Your Lover ")': 0 candidates found
[20:38:36]     [PICK] Found 2 total candidates
[20:38:36]     [PICK] Top candidates:
[20:38:36]     [PICK]   1. score=0.344 author_ok=True | 'manually add a book to our database'
[20:38:36]     [PICK]   2. score=0.344 author_ok=True | 'manually add a book to our database'
[20:38:36]     [PICK] ✗ No match >= 0.6 found
[20:38:36]     [PICK] Threshold: 0.6, Best score found: 0.000
[20:38:36]     [PROCESS] No result matched, trying next query
[20:38:36]     [PROCESS] Query 3/3: 'Zeven Ways to Kill Your Lover (Division Eight Book 1)'
[20:38:36]     [SEARCH] Searching for: 'Zeven Ways to Kill Your Lover (Division Eight Book 1)'
[20:38:42]     [SEARCH] Search submitted, landed on: https://app.thestorygraph.com/browse?search_term=Zeven%20Ways%20to%20Kill%20Your%20Lover%20(Division%20Eight%20Book%201)
[20:38:42]     [PICK] Looking for: title='Zeven Ways to Kill Your Lover (Division Eight Book 1)', author='L. Shannon'
[20:38:42]     [PICK] Author last names to match: ['shannon']
[20:38:42]     [PICK] Current URL: https://app.thestorygraph.com/browse?search_term=Zeven%20Ways%20to%20Kill%20Your%20Lover%20(Division%20Eight%20Book%201)
[20:38:42]     [PICK] Selector 'a[href*="/books/"]': 1 candidates found
[20:38:42]     [PICK] [0] score=0.344 author_ok=True | 'manually add a book to our database' | /books/new
[20:38:42]     [PICK] Selector 'main a[href*="/books/"]': 1 candidates found
[20:38:42]     [PICK] [0] score=0.344 author_ok=True | 'manually add a book to our database' | /books/new
[20:38:42]     [PICK] Selector '.book-pane a': 0 candidates found
[20:38:42]     [PICK] Selector '[class*="book"] a': 0 candidates found
[20:38:42]     [PICK] Selector 'a:has-text("Zeven Ways to Kill Your Lover ")': 0 candidates found
[20:38:42]     [PICK] Found 2 total candidates
[20:38:42]     [PICK] Top candidates:
[20:38:42]     [PICK]   1. score=0.344 author_ok=True | 'manually add a book to our database'
[20:38:42]     [PICK]   2. score=0.344 author_ok=True | 'manually add a book to our database'
[20:38:42]     [PICK] ✗ No match >= 0.6 found
[20:38:42]     [PICK] Threshold: 0.6, Best score found: 0.000
[20:38:42]     [PROCESS] No result matched, trying next query
[20:38:42]     [PROCESS] ✗ Not found after 3 queries
[20:38:42]  -> Not Found: No matching StoryGraph result after trying all queries
[20:38:49] 
============================================================
[20:38:49] [33/418] His Passerotta (Gruco Crime Family) | Nicole Cypher  (owned=YES)
[20:38:49] ============================================================
[20:38:49]     [PROCESS] Trying 3 queries: ['B0CTHR4YNB', 'His Passerotta (Gruco Crime Family) Nicole Cypher', 'His Passerotta (Gruco Crime Family)']
[20:38:49]     [PROCESS] Query 1/3: 'B0CTHR4YNB'
[20:38:49]     [SEARCH] Searching for: 'B0CTHR4YNB'
[20:38:55]     [SEARCH] Search submitted, landed on: https://app.thestorygraph.com/browse?search_term=B0CTHR4YNB
[20:38:55]     [PICK] Looking for: title='His Passerotta (Gruco Crime Family)', author='Nicole Cypher'
[20:38:55]     [PICK] Author last names to match: ['cypher']
[20:38:55]     [PICK] Current URL: https://app.thestorygraph.com/browse?search_term=B0CTHR4YNB
[20:38:55]     [PICK] Selector 'a[href*="/books/"]': 1 candidates found
[20:38:55]     [PICK] [0] score=0.204 author_ok=True | 'manually add a book to our database' | /books/new
[20:38:55]     [PICK] Selector 'main a[href*="/books/"]': 1 candidates found
[20:38:55]     [PICK] [0] score=0.204 author_ok=True | 'manually add a book to our database' | /books/new
[20:38:55]     [PICK] Selector '.book-pane a': 0 candidates found
[20:38:55]     [PICK] Selector '[class*="book"] a': 0 candidates found
[20:38:55]     [PICK] Selector 'a:has-text("His Passerotta (Gruco Crime Fa")': 0 candidates found
[20:38:55]     [PICK] Found 2 total candidates
[20:38:55]     [PICK] Top candidates:
[20:38:55]     [PICK]   1. score=0.204 author_ok=True | 'manually add a book to our database'
[20:38:55]     [PICK]   2. score=0.204 author_ok=True | 'manually add a book to our database'
[20:38:55]     [PICK] ✗ No match >= 0.6 found
[20:38:55]     [PICK] Threshold: 0.6, Best score found: 0.000
[20:38:55]     [PROCESS] No result matched, trying next query
[20:38:55]     [PROCESS] Query 2/3: 'His Passerotta (Gruco Crime Family) Nicole Cypher'
[20:38:55]     [SEARCH] Searching for: 'His Passerotta (Gruco Crime Family) Nicole Cypher'
[20:39:01]     [SEARCH] Search submitted, landed on: https://app.thestorygraph.com/browse?search_term=His%20Passerotta%20(Gruco%20Crime%20Family)%20Nicole%20Cypher
[20:39:01]     [PICK] Looking for: title='His Passerotta (Gruco Crime Family)', author='Nicole Cypher'
[20:39:01]     [PICK] Author last names to match: ['cypher']
[20:39:01]     [PICK] Current URL: https://app.thestorygraph.com/browse?search_term=His%20Passerotta%20(Gruco%20Crime%20Family)%20Nicole%20Cypher
[20:39:01]     [PICK] Selector 'a[href*="/books/"]': 1 candidates found
[20:39:01]     [PICK] [0] score=0.204 author_ok=True | 'manually add a book to our database' | /books/new
[20:39:01]     [PICK] Selector 'main a[href*="/books/"]': 1 candidates found
[20:39:01]     [PICK] [0] score=0.204 author_ok=True | 'manually add a book to our database' | /books/new
[20:39:01]     [PICK] Selector '.book-pane a': 0 candidates found
[20:39:01]     [PICK] Selector '[class*="book"] a': 0 candidates found
[20:39:01]     [PICK] Selector 'a:has-text("His Passerotta (Gruco Crime Fa")': 0 candidates found
[20:39:01]     [PICK] Found 2 total candidates
[20:39:01]     [PICK] Top candidates:
[20:39:02]     [PICK]   1. score=0.204 author_ok=True | 'manually add a book to our database'
[20:39:02]     [PICK]   2. score=0.204 author_ok=True | 'manually add a book to our database'
[20:39:02]     [PICK] ✗ No match >= 0.6 found
[20:39:02]     [PICK] Threshold: 0.6, Best score found: 0.000
[20:39:02]     [PROCESS] No result matched, trying next query
[20:39:02]     [PROCESS] Query 3/3: 'His Passerotta (Gruco Crime Family)'
[20:39:02]     [SEARCH] Searching for: 'His Passerotta (Gruco Crime Family)'
[20:39:08]     [SEARCH] Search submitted, landed on: https://app.thestorygraph.com/browse?search_term=His%20Passerotta%20(Gruco%20Crime%20Family)
[20:39:08]     [PICK] Looking for: title='His Passerotta (Gruco Crime Family)', author='Nicole Cypher'
[20:39:08]     [PICK] Author last names to match: ['cypher']
[20:39:08]     [PICK] Current URL: https://app.thestorygraph.com/browse?search_term=His%20Passerotta%20(Gruco%20Crime%20Family)
[20:39:08]     [PICK] Selector 'a[href*="/books/"]': 1 candidates found
[20:39:08]     [PICK] [0] score=0.204 author_ok=True | 'manually add a book to our database' | /books/new
[20:39:08]     [PICK] Selector 'main a[href*="/books/"]': 1 candidates found
[20:39:08]     [PICK] [0] score=0.204 author_ok=True | 'manually add a book to our database' | /books/new
[20:39:08]     [PICK] Selector '.book-pane a': 0 candidates found
[20:39:08]     [PICK] Selector '[class*="book"] a': 0 candidates found
[20:39:08]     [PICK] Selector 'a:has-text("His Passerotta (Gruco Crime Fa")': 0 candidates found
[20:39:08]     [PICK] Found 2 total candidates
[20:39:08]     [PICK] Top candidates:
[20:39:08]     [PICK]   1. score=0.204 author_ok=True | 'manually add a book to our database'
[20:39:08]     [PICK]   2. score=0.204 author_ok=True | 'manually add a book to our database'
[20:39:08]     [PICK] ✗ No match >= 0.6 found
[20:39:08]     [PICK] Threshold: 0.6, Best score found: 0.000
[20:39:08]     [PROCESS] No result matched, trying next query
[20:39:08]     [PROCESS] ✗ Not found after 3 queries
[20:39:08]  -> Not Found: No matching StoryGraph result after trying all queries
[20:39:17] 
============================================================
[20:39:17] [34/418] Ravage Me (Ravage MC #1): A Motorcycle Club Romance | Ryan Michele  (owned=YES)
[20:39:17] ============================================================
[20:39:17]     [PROCESS] Trying 4 queries: ['B00I9EG472', 'Ravage Me (Ravage MC #1): A Motorcycle Club Romance Ryan Michele', 'Ravage Me (Ravage MC #1) Ryan Michele', 'Ravage Me (Ravage MC #1): A Motorcycle Club Romance']
[20:39:17]     [PROCESS] Query 1/4: 'B00I9EG472'
[20:39:17]     [SEARCH] Searching for: 'B00I9EG472'
[20:39:22]     [SEARCH] Search submitted, landed on: https://app.thestorygraph.com/browse?search_term=B00I9EG472
[20:39:22]     [PICK] Looking for: title='Ravage Me (Ravage MC #1): A Motorcycle Club Romance', author='Ryan Michele'
[20:39:22]     [PICK] Author last names to match: ['michele']
[20:39:22]     [PICK] Current URL: https://app.thestorygraph.com/browse?search_term=B00I9EG472
[20:39:22]     [PICK] Selector 'a[href*="/books/"]': 1 candidates found
[20:39:22]     [PICK] [0] score=0.091 author_ok=True | 'manually add a book to our database' | /books/new
[20:39:22]     [PICK] Selector 'main a[href*="/books/"]': 1 candidates found
[20:39:22]     [PICK] [0] score=0.091 author_ok=True | 'manually add a book to our database' | /books/new
[20:39:22]     [PICK] Selector '.book-pane a': 0 candidates found
[20:39:22]     [PICK] Selector '[class*="book"] a': 0 candidates found
[20:39:22]     [PICK] Selector 'a:has-text("Ravage Me (Ravage MC #1): A Mo")': 0 candidates found
[20:39:22]     [PICK] Found 2 total candidates
[20:39:22]     [PICK] Top candidates:
[20:39:22]     [PICK]   1. score=0.091 author_ok=True | 'manually add a book to our database'
[20:39:22]     [PICK]   2. score=0.091 author_ok=True | 'manually add a book to our database'
[20:39:22]     [PICK] ✗ No match >= 0.6 found
[20:39:22]     [PICK] Threshold: 0.6, Best score found: 0.000
[20:39:22]     [PROCESS] No result matched, trying next query
[20:39:22]     [PROCESS] Query 2/4: 'Ravage Me (Ravage MC #1): A Motorcycle Club Romance Ryan Michele'
[20:39:22]     [SEARCH] Searching for: 'Ravage Me (Ravage MC #1): A Motorcycle Club Romance Ryan Michele'
[20:39:28]     [SEARCH] Search submitted, landed on: https://app.thestorygraph.com/browse?search_term=Ravage%20Me%20(Ravage%20MC%20#1):%20A%20Motorcycle%20Club%20Romance%20Ryan%20Michele
[20:39:28]     [PICK] Looking for: title='Ravage Me (Ravage MC #1): A Motorcycle Club Romance', author='Ryan Michele'
[20:39:28]     [PICK] Author last names to match: ['michele']
[20:39:28]     [PICK] Current URL: https://app.thestorygraph.com/browse?search_term=Ravage%20Me%20(Ravage%20MC%20#1):%20A%20Motorcycle%20Club%20Romance%20Ryan%20Michele
[20:39:28]     [PICK] Selector 'a[href*="/books/"]': 61 candidates found
[20:39:28]     [PICK] [0] score=0.211 author_ok=True | 'Add a book' | /books/new
[20:39:29]     [PICK] [1] score=0.000 author_ok=True | '' | /books/ae35ead3-cac6-4dc3-a336-71b0efee2b1f
[20:39:29]     [PICK] [2] score=0.346 author_ok=True | 'Satisfy Me-A Ravage MC Valentine Collection (Ravage MC#3.5)' | /books/ae35ead3-cac6-4dc3-a336-71b0efee2b1f
[20:39:29]     [PICK] [3] score=0.211 author_ok=True | '2 editions' | /books/ae35ead3-cac6-4dc3-a336-71b0efee2b1f/editions
[20:39:29]     [PICK] [4] score=0.000 author_ok=True | '' | /books/ae35ead3-cac6-4dc3-a336-71b0efee2b1f
[20:39:29]     [PICK] [5] score=0.346 author_ok=True | 'Satisfy Me-A Ravage MC Valentine Collection (Ravage MC#3.5)' | /books/ae35ead3-cac6-4dc3-a336-71b0efee2b1f
[20:39:29]     [PICK] [6] score=0.211 author_ok=True | '2 editions' | /books/ae35ead3-cac6-4dc3-a336-71b0efee2b1f/editions
[20:39:29]     [PICK] [7] score=0.421 author_ok=True | 'Satisfy Me: A Ravage MC Valentine Collection\n—\nRyan Michele' | /books/fb4a3345-d573-49a6-90ae-1706a90eab66
[20:39:29]     [PICK] [8] score=0.421 author_ok=True | 'Satisfy Me: A Ravage MC Valentine Collection' | /books/fb4a3345-d573-49a6-90ae-1706a90eab66
[20:39:29]     [PICK] [9] score=0.222 author_ok=True | '1 edition' | /books/fb4a3345-d573-49a6-90ae-1706a90eab66/editions
[20:39:29]     [PICK] [10] score=0.421 author_ok=True | 'Satisfy Me: A Ravage MC Valentine Collection—Ryan Michele' | /books/fb4a3345-d573-49a6-90ae-1706a90eab66
[20:39:29]     [PICK] [11] score=0.421 author_ok=True | 'Satisfy Me: A Ravage MC Valentine Collection' | /books/fb4a3345-d573-49a6-90ae-1706a90eab66
[20:39:29]     [PICK] [12] score=0.222 author_ok=True | '1 edition' | /books/fb4a3345-d573-49a6-90ae-1706a90eab66/editions
[20:39:29]     [PICK] [13] score=0.000 author_ok=True | '' | /books/e780ad70-fc18-4ef9-9053-268b90a2988b
[20:39:29]     [PICK] [14] Parent text: 'Captivate Me (Ravage MC #5): A Motorcycle Club Romance\n\nRyan Michele'
[20:39:29]     [PICK] [14] ✓ Author 'michele' found in parent
[20:39:29]     [PICK] [14] score=0.667 author_ok=True | 'Captivate Me (Ravage MC #5): A Motorcycle Club Romance' | /books/e780ad70-fc18-4ef9-9053-268b90a2988b
[20:39:29]     [PICK] [15] score=0.211 author_ok=True | '3 editions' | /books/e780ad70-fc18-4ef9-9053-268b90a2988b/editions
[20:39:29]     [PICK] [16] score=0.000 author_ok=True | '' | /books/e780ad70-fc18-4ef9-9053-268b90a2988b
[20:39:29]     [PICK] [17] Parent text: 'Captivate Me (Ravage MC #5): A Motorcycle Club Romance'
[20:39:29]     [PICK] [17] Found 20 author links on page
[20:39:29]     [PICK] [17] ✓ Author 'michele' found in link: 'Ryan Michele'
[20:39:29]     [PICK] [17] score=0.667 author_ok=True | 'Captivate Me (Ravage MC #5): A Motorcycle Club Romance' | /books/e780ad70-fc18-4ef9-9053-268b90a2988b
[20:39:29]     [PICK] [18] score=0.211 author_ok=True | '3 editions' | /books/e780ad70-fc18-4ef9-9053-268b90a2988b/editions
[20:39:29]     [PICK] [19] score=0.000 author_ok=True | '' | /books/6d62f105-701f-4acd-95e6-c29515cd31f3
[20:39:29]     [PICK] Selector 'main a[href*="/books/"]': 61 candidates found
[20:39:29]     [PICK] [0] score=0.211 author_ok=True | 'Add a book' | /books/new
[20:39:29]     [PICK] [1] score=0.000 author_ok=True | '' | /books/ae35ead3-cac6-4dc3-a336-71b0efee2b1f
[20:39:29]     [PICK] [2] score=0.346 author_ok=True | 'Satisfy Me-A Ravage MC Valentine Collection (Ravage MC#3.5)' | /books/ae35ead3-cac6-4dc3-a336-71b0efee2b1f
[20:39:29]     [PICK] [3] score=0.211 author_ok=True | '2 editions' | /books/ae35ead3-cac6-4dc3-a336-71b0efee2b1f/editions
[20:39:29]     [PICK] [4] score=0.000 author_ok=True | '' | /books/ae35ead3-cac6-4dc3-a336-71b0efee2b1f
[20:39:29]     [PICK] [5] score=0.346 author_ok=True | 'Satisfy Me-A Ravage MC Valentine Collection (Ravage MC#3.5)' | /books/ae35ead3-cac6-4dc3-a336-71b0efee2b1f
[20:39:29]     [PICK] [6] score=0.211 author_ok=True | '2 editions' | /books/ae35ead3-cac6-4dc3-a336-71b0efee2b1f/editions
[20:39:29]     [PICK] [7] score=0.421 author_ok=True | 'Satisfy Me: A Ravage MC Valentine Collection\n—\nRyan Michele' | /books/fb4a3345-d573-49a6-90ae-1706a90eab66
[20:39:29]     [PICK] [8] score=0.421 author_ok=True | 'Satisfy Me: A Ravage MC Valentine Collection' | /books/fb4a3345-d573-49a6-90ae-1706a90eab66
[20:39:29]     [PICK] [9] score=0.222 author_ok=True | '1 edition' | /books/fb4a3345-d573-49a6-90ae-1706a90eab66/editions
[20:39:29]     [PICK] [10] score=0.421 author_ok=True | 'Satisfy Me: A Ravage MC Valentine Collection—Ryan Michele' | /books/fb4a3345-d573-49a6-90ae-1706a90eab66
[20:39:30]     [PICK] [11] score=0.421 author_ok=True | 'Satisfy Me: A Ravage MC Valentine Collection' | /books/fb4a3345-d573-49a6-90ae-1706a90eab66
[20:39:30]     [PICK] [12] score=0.222 author_ok=True | '1 edition' | /books/fb4a3345-d573-49a6-90ae-1706a90eab66/editions
[20:39:30]     [PICK] [13] score=0.000 author_ok=True | '' | /books/e780ad70-fc18-4ef9-9053-268b90a2988b
[20:39:30]     [PICK] [14] Parent text: 'Captivate Me (Ravage MC #5): A Motorcycle Club Romance\n\nRyan Michele'
[20:39:30]     [PICK] [14] ✓ Author 'michele' found in parent
[20:39:30]     [PICK] [14] score=0.667 author_ok=True | 'Captivate Me (Ravage MC #5): A Motorcycle Club Romance' | /books/e780ad70-fc18-4ef9-9053-268b90a2988b
[20:39:30]     [PICK] [15] score=0.211 author_ok=True | '3 editions' | /books/e780ad70-fc18-4ef9-9053-268b90a2988b/editions
[20:39:30]     [PICK] [16] score=0.000 author_ok=True | '' | /books/e780ad70-fc18-4ef9-9053-268b90a2988b
[20:39:30]     [PICK] [17] Parent text: 'Captivate Me (Ravage MC #5): A Motorcycle Club Romance'
[20:39:30]     [PICK] [17] Found 20 author links on page
[20:39:30]     [PICK] [17] ✓ Author 'michele' found in link: 'Ryan Michele'
[20:39:30]     [PICK] [17] score=0.667 author_ok=True | 'Captivate Me (Ravage MC #5): A Motorcycle Club Romance' | /books/e780ad70-fc18-4ef9-9053-268b90a2988b
[20:39:30]     [PICK] [18] score=0.211 author_ok=True | '3 editions' | /books/e780ad70-fc18-4ef9-9053-268b90a2988b/editions
[20:39:30]     [PICK] [19] score=0.000 author_ok=True | '' | /books/6d62f105-701f-4acd-95e6-c29515cd31f3
[20:39:30]     [PICK] Selector '.book-pane a': 120 candidates found
[20:39:30]     [PICK] [0] score=0.000 author_ok=True | '' | /books/ae35ead3-cac6-4dc3-a336-71b0efee2b1f
[20:39:30]     [PICK] [2] score=0.346 author_ok=True | 'Satisfy Me-A Ravage MC Valentine Collection (Ravage MC#3.5)' | /books/ae35ead3-cac6-4dc3-a336-71b0efee2b1f
[20:39:30]     [PICK] [4] score=0.211 author_ok=True | '2 editions' | /books/ae35ead3-cac6-4dc3-a336-71b0efee2b1f/editions
[20:39:30]     [PICK] [5] score=0.182 author_ok=True | 'mark as owned' | /mark-as-owned-find-a-book?book_id=ae35ead3-cac6-4dc3-a336-71b0efee2b1f
[20:39:30]     [PICK] [6] score=0.000 author_ok=True | '' | /books/ae35ead3-cac6-4dc3-a336-71b0efee2b1f
[20:39:30]     [PICK] [8] score=0.346 author_ok=True | 'Satisfy Me-A Ravage MC Valentine Collection (Ravage MC#3.5)' | /books/ae35ead3-cac6-4dc3-a336-71b0efee2b1f
[20:39:30]     [PICK] [10] score=0.211 author_ok=True | '2 editions' | /books/ae35ead3-cac6-4dc3-a336-71b0efee2b1f/editions
[20:39:30]     [PICK] [11] score=0.182 author_ok=True | 'mark as owned' | /mark-as-owned-find-a-book?book_id=ae35ead3-cac6-4dc3-a336-71b0efee2b1f
[20:39:30]     [PICK] [12] score=0.421 author_ok=True | 'Satisfy Me: A Ravage MC Valentine Collection\n—\nRyan Michele' | /books/fb4a3345-d573-49a6-90ae-1706a90eab66
[20:39:30]     [PICK] [13] score=0.421 author_ok=True | 'Satisfy Me: A Ravage MC Valentine Collection' | /books/fb4a3345-d573-49a6-90ae-1706a90eab66
[20:39:30]     [PICK] [15] score=0.222 author_ok=True | '1 edition' | /books/fb4a3345-d573-49a6-90ae-1706a90eab66/editions
[20:39:30]     [PICK] [16] score=0.182 author_ok=True | 'mark as owned' | /mark-as-owned-find-a-book?book_id=fb4a3345-d573-49a6-90ae-1706a90eab66
[20:39:30]     [PICK] [17] score=0.421 author_ok=True | 'Satisfy Me: A Ravage MC Valentine Collection—Ryan Michele' | /books/fb4a3345-d573-49a6-90ae-1706a90eab66
[20:39:30]     [PICK] [18] score=0.421 author_ok=True | 'Satisfy Me: A Ravage MC Valentine Collection' | /books/fb4a3345-d573-49a6-90ae-1706a90eab66
[20:39:30]     [PICK] Selector '[class*="book"] a': 120 candidates found
[20:39:30]     [PICK] [0] score=0.000 author_ok=True | '' | /books/ae35ead3-cac6-4dc3-a336-71b0efee2b1f
[20:39:30]     [PICK] [2] score=0.346 author_ok=True | 'Satisfy Me-A Ravage MC Valentine Collection (Ravage MC#3.5)' | /books/ae35ead3-cac6-4dc3-a336-71b0efee2b1f
[20:39:31]     [PICK] [4] score=0.211 author_ok=True | '2 editions' | /books/ae35ead3-cac6-4dc3-a336-71b0efee2b1f/editions
[20:39:31]     [PICK] [5] score=0.182 author_ok=True | 'mark as owned' | /mark-as-owned-find-a-book?book_id=ae35ead3-cac6-4dc3-a336-71b0efee2b1f
[20:39:31]     [PICK] [6] score=0.000 author_ok=True | '' | /books/ae35ead3-cac6-4dc3-a336-71b0efee2b1f
[20:39:31]     [PICK] [8] score=0.346 author_ok=True | 'Satisfy Me-A Ravage MC Valentine Collection (Ravage MC#3.5)' | /books/ae35ead3-cac6-4dc3-a336-71b0efee2b1f
[20:39:31]     [PICK] [10] score=0.211 author_ok=True | '2 editions' | /books/ae35ead3-cac6-4dc3-a336-71b0efee2b1f/editions
[20:39:31]     [PICK] [11] score=0.182 author_ok=True | 'mark as owned' | /mark-as-owned-find-a-book?book_id=ae35ead3-cac6-4dc3-a336-71b0efee2b1f
[20:39:31]     [PICK] [12] score=0.421 author_ok=True | 'Satisfy Me: A Ravage MC Valentine Collection\n—\nRyan Michele' | /books/fb4a3345-d573-49a6-90ae-1706a90eab66
[20:39:31]     [PICK] [13] score=0.421 author_ok=True | 'Satisfy Me: A Ravage MC Valentine Collection' | /books/fb4a3345-d573-49a6-90ae-1706a90eab66
[20:39:31]     [PICK] [15] score=0.222 author_ok=True | '1 edition' | /books/fb4a3345-d573-49a6-90ae-1706a90eab66/editions
[20:39:31]     [PICK] [16] score=0.182 author_ok=True | 'mark as owned' | /mark-as-owned-find-a-book?book_id=fb4a3345-d573-49a6-90ae-1706a90eab66
[20:39:31]     [PICK] [17] score=0.421 author_ok=True | 'Satisfy Me: A Ravage MC Valentine Collection—Ryan Michele' | /books/fb4a3345-d573-49a6-90ae-1706a90eab66
[20:39:31]     [PICK] [18] score=0.421 author_ok=True | 'Satisfy Me: A Ravage MC Valentine Collection' | /books/fb4a3345-d573-49a6-90ae-1706a90eab66
[20:39:31]     [PICK] Selector 'a:has-text("Ravage Me (Ravage MC #1): A Mo")': 0 candidates found
[20:39:31]     [PICK] Found 68 total candidates
[20:39:31]     [PICK] Top candidates:
[20:39:31]     [PICK]   1. score=0.667 author_ok=True | 'Captivate Me (Ravage MC #5): A Motorcycle Club Romance'
[20:39:31]     [PICK]   2. score=0.667 author_ok=True | 'Captivate Me (Ravage MC #5): A Motorcycle Club Romance'
[20:39:31]     [PICK]   3. score=0.667 author_ok=True | 'Captivate Me (Ravage MC #5): A Motorcycle Club Romance'
[20:39:31]     [PICK]   4. score=0.667 author_ok=True | 'Captivate Me (Ravage MC #5): A Motorcycle Club Romance'
[20:39:31]     [PICK]   5. score=0.421 author_ok=True | 'Satisfy Me: A Ravage MC Valentine Collection\n—\nRyan Michele'
[20:39:31]     [PICK] ✓ Best match (score=0.667): 'Captivate Me (Ravage MC #5): A Motorcycle Club Romance'
[20:39:31]     [PICK] Clicking: /books/e780ad70-fc18-4ef9-9053-268b90a2988b
[20:39:33]     [PICK] ✓ Landed on: https://app.thestorygraph.com/books/e780ad70-fc18-4ef9-9053-268b90a2988b
[20:39:33]     [PROCESS] Processing book page: https://app.thestorygraph.com/books/e780ad70-fc18-4ef9-9053-268b90a2988b
[20:39:33]     [TO-READ] Not marked yet (will click button)
[20:39:33]     [TO-READ] Clicking button (found: button.read-status-button[title="Add to your To-Read Pile"])
[20:39:35]     [OWNED] Not owned yet (will click mark as owned)
[20:39:35]     [OWNED] Clicking Mark as Owned (found: a.mark-as-owned-link[title="Mark as owned"])
[20:39:36]  -> Added: Clicked To Read | Clicked Mark as Owned | SG Owned: Marked Owned
[20:39:43] 
============================================================
[20:39:43] [35/418] Nick: A Dark Billionaire Romance (Muse of Darkness Book 4) | Liz Gavin, Author Bunnies  (owned=YES)
[20:39:43] ============================================================
[20:39:43]     [PROCESS] Trying 4 queries: ['B09JM97PSV', 'Nick: A Dark Billionaire Romance (Muse of Darkness Book 4) Liz Gavin, Author Bunnies', 'Nick Liz Gavin, Author Bunnies', 'Nick: A Dark Billionaire Romance (Muse of Darkness Book 4)']
[20:39:43]     [PROCESS] Query 1/4: 'B09JM97PSV'
[20:39:43]     [SEARCH] Searching for: 'B09JM97PSV'
[20:39:48]     [SEARCH] Search submitted, landed on: https://app.thestorygraph.com/browse?search_term=B09JM97PSV
[20:39:48]     [PICK] Looking for: title='Nick: A Dark Billionaire Romance (Muse of Darkness Book 4)', author='Liz Gavin, Author Bunnies'
[20:39:48]     [PICK] Author last names to match: ['gavin', 'bunnies']
[20:39:48]     [PICK] Current URL: https://app.thestorygraph.com/browse?search_term=B09JM97PSV
[20:39:48]     [PICK] Selector 'a[href*="/books/"]': 7 candidates found
[20:39:48]     [PICK] [0] score=0.143 author_ok=True | 'Add a book' | /books/new
[20:39:49]     [PICK] [1] score=0.000 author_ok=True | '' | /books/279569a2-ea55-496a-8149-95cf1df0b9fc
[20:39:49]     [PICK] [2] Parent text: 'Nick: A Dark Billionaire Romance\n\nLiz Gavin'
[20:39:49]     [PICK] [2] ✓ Author 'gavin' found in parent
[20:39:49]     [PICK] [2] score=1.000 author_ok=True | 'Nick: A Dark Billionaire Romance' | /books/279569a2-ea55-496a-8149-95cf1df0b9fc
[20:39:49]     [PICK] [3] score=0.143 author_ok=True | '2 editions' | /books/279569a2-ea55-496a-8149-95cf1df0b9fc/editions
[20:39:49]     [PICK] [4] score=0.000 author_ok=True | '' | /books/279569a2-ea55-496a-8149-95cf1df0b9fc
[20:39:49]     [PICK] [5] Parent text: 'Nick: A Dark Billionaire Romance'
[20:39:49]     [PICK] [5] Found 2 author links on page
[20:39:49]     [PICK] [5] ✓ Author 'gavin' found in link: 'Liz Gavin'
[20:39:49]     [PICK] [5] score=1.000 author_ok=True | 'Nick: A Dark Billionaire Romance' | /books/279569a2-ea55-496a-8149-95cf1df0b9fc
[20:39:49]     [PICK] [6] score=0.143 author_ok=True | '2 editions' | /books/279569a2-ea55-496a-8149-95cf1df0b9fc/editions
[20:39:49]     [PICK] Selector 'main a[href*="/books/"]': 7 candidates found
[20:39:49]     [PICK] [0] score=0.143 author_ok=True | 'Add a book' | /books/new
[20:39:49]     [PICK] [1] score=0.000 author_ok=True | '' | /books/279569a2-ea55-496a-8149-95cf1df0b9fc
[20:39:49]     [PICK] [2] Parent text: 'Nick: A Dark Billionaire Romance\n\nLiz Gavin'
[20:39:49]     [PICK] [2] ✓ Author 'gavin' found in parent
[20:39:49]     [PICK] [2] score=1.000 author_ok=True | 'Nick: A Dark Billionaire Romance' | /books/279569a2-ea55-496a-8149-95cf1df0b9fc
[20:39:49]     [PICK] [3] score=0.143 author_ok=True | '2 editions' | /books/279569a2-ea55-496a-8149-95cf1df0b9fc/editions
[20:39:49]     [PICK] [4] score=0.000 author_ok=True | '' | /books/279569a2-ea55-496a-8149-95cf1df0b9fc
[20:39:49]     [PICK] [5] Parent text: 'Nick: A Dark Billionaire Romance'
[20:39:49]     [PICK] [5] Found 2 author links on page
[20:39:49]     [PICK] [5] ✓ Author 'gavin' found in link: 'Liz Gavin'
[20:39:49]     [PICK] [5] score=1.000 author_ok=True | 'Nick: A Dark Billionaire Romance' | /books/279569a2-ea55-496a-8149-95cf1df0b9fc
[20:39:49]     [PICK] [6] score=0.143 author_ok=True | '2 editions' | /books/279569a2-ea55-496a-8149-95cf1df0b9fc/editions
[20:39:49]     [PICK] Selector '.book-pane a': 14 candidates found
[20:39:49]     [PICK] [0] score=0.000 author_ok=True | '' | /books/279569a2-ea55-496a-8149-95cf1df0b9fc
[20:39:49]     [PICK] [3] Parent text: 'Nick: A Dark Billionaire Romance\n\nLiz Gavin'
[20:39:49]     [PICK] [3] ✓ Author 'gavin' found in parent
[20:39:49]     [PICK] [3] score=1.000 author_ok=True | 'Nick: A Dark Billionaire Romance' | /books/279569a2-ea55-496a-8149-95cf1df0b9fc
[20:39:49]     [PICK] [5] score=0.143 author_ok=True | '2 editions' | /books/279569a2-ea55-496a-8149-95cf1df0b9fc/editions
[20:39:49]     [PICK] [6] score=0.118 author_ok=True | 'mark as owned' | /mark-as-owned-find-a-book?book_id=279569a2-ea55-496a-8149-95cf1df0b9fc
[20:39:49]     [PICK] [7] score=0.000 author_ok=True | '' | /books/279569a2-ea55-496a-8149-95cf1df0b9fc
[20:39:49]     [PICK] [10] Parent text: 'Nick: A Dark Billionaire Romance'
[20:39:49]     [PICK] [10] Found 2 author links on page
[20:39:49]     [PICK] [10] ✓ Author 'gavin' found in link: 'Liz Gavin'
[20:39:49]     [PICK] [10] score=1.000 author_ok=True | 'Nick: A Dark Billionaire Romance' | /books/279569a2-ea55-496a-8149-95cf1df0b9fc
[20:39:49]     [PICK] [12] score=0.143 author_ok=True | '2 editions' | /books/279569a2-ea55-496a-8149-95cf1df0b9fc/editions
[20:39:49]     [PICK] [13] score=0.118 author_ok=True | 'mark as owned' | /mark-as-owned-find-a-book?book_id=279569a2-ea55-496a-8149-95cf1df0b9fc
[20:39:49]     [PICK] Selector '[class*="book"] a': 14 candidates found
[20:39:49]     [PICK] [0] score=0.000 author_ok=True | '' | /books/279569a2-ea55-496a-8149-95cf1df0b9fc
[20:39:49]     [PICK] [3] Parent text: 'Nick: A Dark Billionaire Romance\n\nLiz Gavin'
[20:39:49]     [PICK] [3] ✓ Author 'gavin' found in parent
[20:39:49]     [PICK] [3] score=1.000 author_ok=True | 'Nick: A Dark Billionaire Romance' | /books/279569a2-ea55-496a-8149-95cf1df0b9fc
[20:39:49]     [PICK] [5] score=0.143 author_ok=True | '2 editions' | /books/279569a2-ea55-496a-8149-95cf1df0b9fc/editions
[20:39:49]     [PICK] [6] score=0.118 author_ok=True | 'mark as owned' | /mark-as-owned-find-a-book?book_id=279569a2-ea55-496a-8149-95cf1df0b9fc
[20:39:49]     [PICK] [7] score=0.000 author_ok=True | '' | /books/279569a2-ea55-496a-8149-95cf1df0b9fc
[20:39:50]     [PICK] [10] Parent text: 'Nick: A Dark Billionaire Romance'
[20:39:50]     [PICK] [10] Found 2 author links on page
[20:39:50]     [PICK] [10] ✓ Author 'gavin' found in link: 'Liz Gavin'
[20:39:50]     [PICK] [10] score=1.000 author_ok=True | 'Nick: A Dark Billionaire Romance' | /books/279569a2-ea55-496a-8149-95cf1df0b9fc
[20:39:50]     [PICK] [12] score=0.143 author_ok=True | '2 editions' | /books/279569a2-ea55-496a-8149-95cf1df0b9fc/editions
[20:39:50]     [PICK] [13] score=0.118 author_ok=True | 'mark as owned' | /mark-as-owned-find-a-book?book_id=279569a2-ea55-496a-8149-95cf1df0b9fc
[20:39:50]     [PICK] Selector 'a:has-text("Nick: A Dark Billionaire Roman")': 2 candidates found
[20:39:50]     [PICK] [0] Parent text: 'Nick: A Dark Billionaire Romance\n\nLiz Gavin'
[20:39:50]     [PICK] [0] ✓ Author 'gavin' found in parent
[20:39:50]     [PICK] [0] score=1.000 author_ok=True | 'Nick: A Dark Billionaire Romance' | /books/279569a2-ea55-496a-8149-95cf1df0b9fc
[20:39:50]     [PICK] [1] Parent text: 'Nick: A Dark Billionaire Romance'
[20:39:50]     [PICK] [1] Found 2 author links on page
[20:39:50]     [PICK] [1] ✓ Author 'gavin' found in link: 'Liz Gavin'
[20:39:50]     [PICK] [1] score=1.000 author_ok=True | 'Nick: A Dark Billionaire Romance' | /books/279569a2-ea55-496a-8149-95cf1df0b9fc
[20:39:50]     [PICK] Found 32 total candidates
[20:39:50]     [PICK] Top candidates:
[20:39:50]     [PICK]   1. score=1.000 author_ok=True | 'Nick: A Dark Billionaire Romance'
[20:39:50]     [PICK]   2. score=1.000 author_ok=True | 'Nick: A Dark Billionaire Romance'
[20:39:50]     [PICK]   3. score=1.000 author_ok=True | 'Nick: A Dark Billionaire Romance'
[20:39:50]     [PICK]   4. score=1.000 author_ok=True | 'Nick: A Dark Billionaire Romance'
[20:39:50]     [PICK]   5. score=1.000 author_ok=True | 'Nick: A Dark Billionaire Romance'
[20:39:50]     [PICK] ✓ Best match (score=1.000): 'Nick: A Dark Billionaire Romance'
[20:39:50]     [PICK] Clicking: /books/279569a2-ea55-496a-8149-95cf1df0b9fc
[20:39:52]     [PICK] ✓ Landed on: https://app.thestorygraph.com/books/279569a2-ea55-496a-8149-95cf1df0b9fc
[20:39:52]     [PROCESS] Processing book page: https://app.thestorygraph.com/books/279569a2-ea55-496a-8149-95cf1df0b9fc
[20:39:52]     [TO-READ] Not marked yet (will click button)
[20:39:52]     [TO-READ] Clicking button (found: button.read-status-button[title="Add to your To-Read Pile"])
[20:39:54]     [OWNED] Not owned yet (will click mark as owned)
[20:39:54]     [OWNED] Clicking Mark as Owned (found: a.mark-as-owned-link[title="Mark as owned"])
[20:39:56]  -> Added: Clicked To Read | Clicked Mark as Owned | SG Owned: Marked Owned
[20:40:01] 
============================================================
[20:40:02] [36/418] On the Fly (Las Vegas Sinners Series Book 1) | Katie Kenyhercz  (owned=YES)
[20:40:02] ============================================================
[20:40:02]     [PROCESS] Trying 3 queries: ['B07C45SPMR', 'On the Fly (Las Vegas Sinners Series Book 1) Katie Kenyhercz', 'On the Fly (Las Vegas Sinners Series Book 1)']
[20:40:02]     [PROCESS] Query 1/3: 'B07C45SPMR'
[20:40:02]     [SEARCH] Searching for: 'B07C45SPMR'
[20:40:07]     [SEARCH] Search submitted, landed on: https://app.thestorygraph.com/browse?search_term=B07C45SPMR
[20:40:07]     [PICK] Looking for: title='On the Fly (Las Vegas Sinners Series Book 1)', author='Katie Kenyhercz'
[20:40:07]     [PICK] Author last names to match: ['kenyhercz']
[20:40:07]     [PICK] Current URL: https://app.thestorygraph.com/browse?search_term=B07C45SPMR
[20:40:07]     [PICK] Selector 'a[href*="/books/"]': 1 candidates found
[20:40:07]     [PICK] [0] score=0.133 author_ok=True | 'manually add a book to our database' | /books/new
[20:40:07]     [PICK] Selector 'main a[href*="/books/"]': 1 candidates found
[20:40:07]     [PICK] [0] score=0.133 author_ok=True | 'manually add a book to our database' | /books/new
[20:40:07]     [PICK] Selector '.book-pane a': 0 candidates found
[20:40:07]     [PICK] Selector '[class*="book"] a': 0 candidates found
[20:40:07]     [PICK] Selector 'a:has-text("On the Fly (Las Vegas Sinners ")': 0 candidates found
[20:40:07]     [PICK] Found 2 total candidates
[20:40:07]     [PICK] Top candidates:
[20:40:07]     [PICK]   1. score=0.133 author_ok=True | 'manually add a book to our database'
[20:40:07]     [PICK]   2. score=0.133 author_ok=True | 'manually add a book to our database'
[20:40:07]     [PICK] ✗ No match >= 0.6 found
[20:40:07]     [PICK] Threshold: 0.6, Best score found: 0.000
[20:40:07]     [PROCESS] No result matched, trying next query
[20:40:07]     [PROCESS] Query 2/3: 'On the Fly (Las Vegas Sinners Series Book 1) Katie Kenyhercz'
[20:40:07]     [SEARCH] Searching for: 'On the Fly (Las Vegas Sinners Series Book 1) Katie Kenyhercz'
[20:40:13]     [SEARCH] Search submitted, landed on: https://app.thestorygraph.com/browse?search_term=On%20the%20Fly%20(Las%20Vegas%20Sinners%20Series%20Book%201)%20Katie%20Kenyhercz
[20:40:13]     [PICK] Looking for: title='On the Fly (Las Vegas Sinners Series Book 1)', author='Katie Kenyhercz'
[20:40:13]     [PICK] Author last names to match: ['kenyhercz']
[20:40:13]     [PICK] Current URL: https://app.thestorygraph.com/browse?search_term=On%20the%20Fly%20(Las%20Vegas%20Sinners%20Series%20Book%201)%20Katie%20Kenyhercz
[20:40:13]     [PICK] Selector 'a[href*="/books/"]': 1 candidates found
[20:40:13]     [PICK] [0] score=0.133 author_ok=True | 'manually add a book to our database' | /books/new
[20:40:13]     [PICK] Selector 'main a[href*="/books/"]': 1 candidates found
[20:40:13]     [PICK] [0] score=0.133 author_ok=True | 'manually add a book to our database' | /books/new
[20:40:13]     [PICK] Selector '.book-pane a': 0 candidates found
[20:40:13]     [PICK] Selector '[class*="book"] a': 0 candidates found
[20:40:13]     [PICK] Selector 'a:has-text("On the Fly (Las Vegas Sinners ")': 0 candidates found
[20:40:13]     [PICK] Found 2 total candidates
[20:40:13]     [PICK] Top candidates:
[20:40:13]     [PICK]   1. score=0.133 author_ok=True | 'manually add a book to our database'
[20:40:14]     [PICK]   2. score=0.133 author_ok=True | 'manually add a book to our database'
[20:40:14]     [PICK] ✗ No match >= 0.6 found
[20:40:14]     [PICK] Threshold: 0.6, Best score found: 0.000
[20:40:14]     [PROCESS] No result matched, trying next query
[20:40:14]     [PROCESS] Query 3/3: 'On the Fly (Las Vegas Sinners Series Book 1)'
[20:40:14]     [SEARCH] Searching for: 'On the Fly (Las Vegas Sinners Series Book 1)'
[20:40:19]     [SEARCH] Search submitted, landed on: https://app.thestorygraph.com/browse?search_term=On%20the%20Fly%20(Las%20Vegas%20Sinners%20Series%20Book%201)
[20:40:19]     [PICK] Looking for: title='On the Fly (Las Vegas Sinners Series Book 1)', author='Katie Kenyhercz'
[20:40:19]     [PICK] Author last names to match: ['kenyhercz']
[20:40:19]     [PICK] Current URL: https://app.thestorygraph.com/browse?search_term=On%20the%20Fly%20(Las%20Vegas%20Sinners%20Series%20Book%201)
[20:40:19]     [PICK] Selector 'a[href*="/books/"]': 1 candidates found
[20:40:19]     [PICK] [0] score=0.133 author_ok=True | 'manually add a book to our database' | /books/new
[20:40:19]     [PICK] Selector 'main a[href*="/books/"]': 1 candidates found
[20:40:19]     [PICK] [0] score=0.133 author_ok=True | 'manually add a book to our database' | /books/new
[20:40:19]     [PICK] Selector '.book-pane a': 0 candidates found
[20:40:19]     [PICK] Selector '[class*="book"] a': 0 candidates found
[20:40:19]     [PICK] Selector 'a:has-text("On the Fly (Las Vegas Sinners ")': 0 candidates found
[20:40:19]     [PICK] Found 2 total candidates
[20:40:19]     [PICK] Top candidates:
[20:40:19]     [PICK]   1. score=0.133 author_ok=True | 'manually add a book to our database'
[20:40:19]     [PICK]   2. score=0.133 author_ok=True | 'manually add a book to our database'
[20:40:19]     [PICK] ✗ No match >= 0.6 found
[20:40:20]     [PICK] Threshold: 0.6, Best score found: 0.000
[20:40:20]     [PROCESS] No result matched, trying next query
[20:40:20]     [PROCESS] ✗ Not found after 3 queries
[20:40:20]  -> Not Found: No matching StoryGraph result after trying all queries
[20:40:27] 
============================================================
[20:40:27] [37/418] The Silent Knight (Knight Publishing Series) | L.B. Martin, Terry Hooker  (owned=YES)
[20:40:27] ============================================================
[20:40:27]     [PROCESS] Trying 3 queries: ['B0CL1DY1VG', 'The Silent Knight (Knight Publishing Series) L.B. Martin, Terry Hooker', 'The Silent Knight (Knight Publishing Series)']
[20:40:27]     [PROCESS] Query 1/3: 'B0CL1DY1VG'
[20:40:27]     [SEARCH] Searching for: 'B0CL1DY1VG'
[20:40:33]     [SEARCH] Search submitted, landed on: https://app.thestorygraph.com/browse?search_term=B0CL1DY1VG
[20:40:33]     [PICK] Looking for: title='The Silent Knight (Knight Publishing Series)', author='L.B. Martin, Terry Hooker'
[20:40:33]     [PICK] Author last names to match: ['martin', 'hooker']
[20:40:33]     [PICK] Current URL: https://app.thestorygraph.com/browse?search_term=B0CL1DY1VG
[20:40:33]     [PICK] Selector 'a[href*="/books/"]': 7 candidates found
[20:40:33]     [PICK] [0] score=0.222 author_ok=True | 'Add a book' | /books/new
[20:40:33]     [PICK] [1] score=0.000 author_ok=True | '' | /books/ad6c8bbb-2b8f-4518-ac42-eb0ae1669e14
[20:40:33]     [PICK] [2] Parent text: 'The Silent Knight\n\nL.B. Martin'
[20:40:33]     [PICK] [2] ✓ Author 'martin' found in parent
[20:40:33]     [PICK] [2] score=1.000 author_ok=True | 'The Silent Knight' | /books/ad6c8bbb-2b8f-4518-ac42-eb0ae1669e14
[20:40:33]     [PICK] [3] score=0.296 author_ok=True | '2 editions' | /books/ad6c8bbb-2b8f-4518-ac42-eb0ae1669e14/editions
[20:40:33]     [PICK] [4] score=0.000 author_ok=True | '' | /books/ad6c8bbb-2b8f-4518-ac42-eb0ae1669e14
[20:40:33]     [PICK] [5] Parent text: 'The Silent Knight'
[20:40:33]     [PICK] [5] Found 2 author links on page
[20:40:33]     [PICK] [5] ✓ Author 'martin' found in link: 'L.B. Martin'
[20:40:33]     [PICK] [5] score=1.000 author_ok=True | 'The Silent Knight' | /books/ad6c8bbb-2b8f-4518-ac42-eb0ae1669e14
[20:40:34]     [PICK] [6] score=0.296 author_ok=True | '2 editions' | /books/ad6c8bbb-2b8f-4518-ac42-eb0ae1669e14/editions
[20:40:34]     [PICK] Selector 'main a[href*="/books/"]': 7 candidates found
[20:40:34]     [PICK] [0] score=0.222 author_ok=True | 'Add a book' | /books/new
[20:40:34]     [PICK] [1] score=0.000 author_ok=True | '' | /books/ad6c8bbb-2b8f-4518-ac42-eb0ae1669e14
[20:40:34]     [PICK] [2] Parent text: 'The Silent Knight\n\nL.B. Martin'
[20:40:34]     [PICK] [2] ✓ Author 'martin' found in parent
[20:40:34]     [PICK] [2] score=1.000 author_ok=True | 'The Silent Knight' | /books/ad6c8bbb-2b8f-4518-ac42-eb0ae1669e14
[20:40:34]     [PICK] [3] score=0.296 author_ok=True | '2 editions' | /books/ad6c8bbb-2b8f-4518-ac42-eb0ae1669e14/editions
[20:40:34]     [PICK] [4] score=0.000 author_ok=True | '' | /books/ad6c8bbb-2b8f-4518-ac42-eb0ae1669e14
[20:40:34]     [PICK] [5] Parent text: 'The Silent Knight'
[20:40:34]     [PICK] [5] Found 2 author links on page
[20:40:34]     [PICK] [5] ✓ Author 'martin' found in link: 'L.B. Martin'
[20:40:34]     [PICK] [5] score=1.000 author_ok=True | 'The Silent Knight' | /books/ad6c8bbb-2b8f-4518-ac42-eb0ae1669e14
[20:40:34]     [PICK] [6] score=0.296 author_ok=True | '2 editions' | /books/ad6c8bbb-2b8f-4518-ac42-eb0ae1669e14/editions
[20:40:34]     [PICK] Selector '.book-pane a': 12 candidates found
[20:40:34]     [PICK] [0] score=0.000 author_ok=True | '' | /books/ad6c8bbb-2b8f-4518-ac42-eb0ae1669e14
[20:40:34]     [PICK] [2] Parent text: 'The Silent Knight\n\nL.B. Martin'
[20:40:34]     [PICK] [2] ✓ Author 'martin' found in parent
[20:40:34]     [PICK] [2] score=1.000 author_ok=True | 'The Silent Knight' | /books/ad6c8bbb-2b8f-4518-ac42-eb0ae1669e14
[20:40:34]     [PICK] [4] score=0.296 author_ok=True | '2 editions' | /books/ad6c8bbb-2b8f-4518-ac42-eb0ae1669e14/editions
[20:40:34]     [PICK] [5] score=0.133 author_ok=True | 'mark as owned' | /mark-as-owned-find-a-book?book_id=ad6c8bbb-2b8f-4518-ac42-eb0ae1669e14
[20:40:34]     [PICK] [6] score=0.000 author_ok=True | '' | /books/ad6c8bbb-2b8f-4518-ac42-eb0ae1669e14
[20:40:34]     [PICK] [8] Parent text: 'The Silent Knight'
[20:40:34]     [PICK] [8] Found 2 author links on page
[20:40:34]     [PICK] [8] ✓ Author 'martin' found in link: 'L.B. Martin'
[20:40:34]     [PICK] [8] score=1.000 author_ok=True | 'The Silent Knight' | /books/ad6c8bbb-2b8f-4518-ac42-eb0ae1669e14
[20:40:34]     [PICK] [10] score=0.296 author_ok=True | '2 editions' | /books/ad6c8bbb-2b8f-4518-ac42-eb0ae1669e14/editions
[20:40:34]     [PICK] [11] score=0.133 author_ok=True | 'mark as owned' | /mark-as-owned-find-a-book?book_id=ad6c8bbb-2b8f-4518-ac42-eb0ae1669e14
[20:40:34]     [PICK] Selector '[class*="book"] a': 12 candidates found
[20:40:34]     [PICK] [0] score=0.000 author_ok=True | '' | /books/ad6c8bbb-2b8f-4518-ac42-eb0ae1669e14
[20:40:34]     [PICK] [2] Parent text: 'The Silent Knight\n\nL.B. Martin'
[20:40:34]     [PICK] [2] ✓ Author 'martin' found in parent
[20:40:34]     [PICK] [2] score=1.000 author_ok=True | 'The Silent Knight' | /books/ad6c8bbb-2b8f-4518-ac42-eb0ae1669e14
[20:40:34]     [PICK] [4] score=0.296 author_ok=True | '2 editions' | /books/ad6c8bbb-2b8f-4518-ac42-eb0ae1669e14/editions
[20:40:34]     [PICK] [5] score=0.133 author_ok=True | 'mark as owned' | /mark-as-owned-find-a-book?book_id=ad6c8bbb-2b8f-4518-ac42-eb0ae1669e14
[20:40:34]     [PICK] [6] score=0.000 author_ok=True | '' | /books/ad6c8bbb-2b8f-4518-ac42-eb0ae1669e14
[20:40:34]     [PICK] [8] Parent text: 'The Silent Knight'
[20:40:34]     [PICK] [8] Found 2 author links on page
[20:40:34]     [PICK] [8] ✓ Author 'martin' found in link: 'L.B. Martin'
[20:40:34]     [PICK] [8] score=1.000 author_ok=True | 'The Silent Knight' | /books/ad6c8bbb-2b8f-4518-ac42-eb0ae1669e14
[20:40:34]     [PICK] [10] score=0.296 author_ok=True | '2 editions' | /books/ad6c8bbb-2b8f-4518-ac42-eb0ae1669e14/editions
[20:40:35]     [PICK] [11] score=0.133 author_ok=True | 'mark as owned' | /mark-as-owned-find-a-book?book_id=ad6c8bbb-2b8f-4518-ac42-eb0ae1669e14
[20:40:35]     [PICK] Selector 'a:has-text("The Silent Knight (Knight Publ")': 0 candidates found
[20:40:35]     [PICK] Found 30 total candidates
[20:40:35]     [PICK] Top candidates:
[20:40:35]     [PICK]   1. score=1.000 author_ok=True | 'The Silent Knight'
[20:40:35]     [PICK]   2. score=1.000 author_ok=True | 'The Silent Knight'
[20:40:35]     [PICK]   3. score=1.000 author_ok=True | 'The Silent Knight'
[20:40:35]     [PICK]   4. score=1.000 author_ok=True | 'The Silent Knight'
[20:40:35]     [PICK]   5. score=1.000 author_ok=True | 'The Silent Knight'
[20:40:35]     [PICK] ✓ Best match (score=1.000): 'The Silent Knight'
[20:40:35]     [PICK] Clicking: /books/ad6c8bbb-2b8f-4518-ac42-eb0ae1669e14
[20:40:37]     [PICK] ✓ Landed on: https://app.thestorygraph.com/books/ad6c8bbb-2b8f-4518-ac42-eb0ae1669e14
[20:40:37]     [PROCESS] Processing book page: https://app.thestorygraph.com/books/ad6c8bbb-2b8f-4518-ac42-eb0ae1669e14
[20:40:37]     [TO-READ] Not marked yet (will click button)
[20:40:37]     [TO-READ] Clicking button (found: button.read-status-button[title="Add to your To-Read Pile"])
[20:40:39]     [OWNED] Not owned yet (will click mark as owned)
[20:40:39]     [OWNED] Clicking Mark as Owned (found: a.mark-as-owned-link[title="Mark as owned"])
[20:40:40]  -> Added: Clicked To Read | Clicked Mark as Owned | SG Owned: Marked Owned
[20:40:49] 
============================================================
[20:40:49] [38/418] Fourth Attempt (Elite Escorts Book 1) | Lynn Burke  (owned=YES)
[20:40:49] ============================================================
[20:40:49]     [PROCESS] Trying 3 queries: ['B0BX7CJRXP', 'Fourth Attempt (Elite Escorts Book 1) Lynn Burke', 'Fourth Attempt (Elite Escorts Book 1)']
[20:40:49]     [PROCESS] Query 1/3: 'B0BX7CJRXP'
[20:40:49]     [SEARCH] Searching for: 'B0BX7CJRXP'
[20:40:55]     [SEARCH] Search submitted, landed on: https://app.thestorygraph.com/browse?search_term=B0BX7CJRXP
[20:40:55]     [PICK] Looking for: title='Fourth Attempt (Elite Escorts Book 1)', author='Lynn Burke'
[20:40:55]     [PICK] Author last names to match: ['burke']
[20:40:55]     [PICK] Current URL: https://app.thestorygraph.com/browse?search_term=B0BX7CJRXP
[20:40:55]     [PICK] Selector 'a[href*="/books/"]': 1 candidates found
[20:40:55]     [PICK] [0] score=0.286 author_ok=True | 'manually add a book to our database' | /books/new
[20:40:55]     [PICK] Selector 'main a[href*="/books/"]': 1 candidates found
[20:40:55]     [PICK] [0] score=0.286 author_ok=True | 'manually add a book to our database' | /books/new
[20:40:55]     [PICK] Selector '.book-pane a': 0 candidates found
[20:40:55]     [PICK] Selector '[class*="book"] a': 0 candidates found
[20:40:55]     [PICK] Selector 'a:has-text("Fourth Attempt (Elite Escorts ")': 0 candidates found
[20:40:55]     [PICK] Found 2 total candidates
[20:40:55]     [PICK] Top candidates:
[20:40:55]     [PICK]   1. score=0.286 author_ok=True | 'manually add a book to our database'
[20:40:55]     [PICK]   2. score=0.286 author_ok=True | 'manually add a book to our database'
[20:40:55]     [PICK] ✗ No match >= 0.6 found
[20:40:55]     [PICK] Threshold: 0.6, Best score found: 0.000
[20:40:55]     [PROCESS] No result matched, trying next query
[20:40:55]     [PROCESS] Query 2/3: 'Fourth Attempt (Elite Escorts Book 1) Lynn Burke'
[20:40:55]     [SEARCH] Searching for: 'Fourth Attempt (Elite Escorts Book 1) Lynn Burke'
[20:41:01]     [SEARCH] Search submitted, landed on: https://app.thestorygraph.com/browse?search_term=Fourth%20Attempt%20(Elite%20Escorts%20Book%201)%20Lynn%20Burke
[20:41:01]     [PICK] Looking for: title='Fourth Attempt (Elite Escorts Book 1)', author='Lynn Burke'
[20:41:01]     [PICK] Author last names to match: ['burke']
[20:41:01]     [PICK] Current URL: https://app.thestorygraph.com/browse?search_term=Fourth%20Attempt%20(Elite%20Escorts%20Book%201)%20Lynn%20Burke
[20:41:01]     [PICK] Selector 'a[href*="/books/"]': 1 candidates found
[20:41:01]     [PICK] [0] score=0.286 author_ok=True | 'manually add a book to our database' | /books/new
[20:41:01]     [PICK] Selector 'main a[href*="/books/"]': 1 candidates found
[20:41:01]     [PICK] [0] score=0.286 author_ok=True | 'manually add a book to our database' | /books/new
[20:41:01]     [PICK] Selector '.book-pane a': 0 candidates found
[20:41:01]     [PICK] Selector '[class*="book"] a': 0 candidates found
[20:41:01]     [PICK] Selector 'a:has-text("Fourth Attempt (Elite Escorts ")': 0 candidates found
[20:41:01]     [PICK] Found 2 total candidates
[20:41:01]     [PICK] Top candidates:
[20:41:01]     [PICK]   1. score=0.286 author_ok=True | 'manually add a book to our database'
[20:41:01]     [PICK]   2. score=0.286 author_ok=True | 'manually add a book to our database'
[20:41:01]     [PICK] ✗ No match >= 0.6 found
[20:41:01]     [PICK] Threshold: 0.6, Best score found: 0.000
[20:41:01]     [PROCESS] No result matched, trying next query
[20:41:01]     [PROCESS] Query 3/3: 'Fourth Attempt (Elite Escorts Book 1)'
[20:41:01]     [SEARCH] Searching for: 'Fourth Attempt (Elite Escorts Book 1)'
[20:41:07]     [SEARCH] Search submitted, landed on: https://app.thestorygraph.com/browse?search_term=Fourth%20Attempt%20(Elite%20Escorts%20Book%201)
[20:41:07]     [PICK] Looking for: title='Fourth Attempt (Elite Escorts Book 1)', author='Lynn Burke'
[20:41:07]     [PICK] Author last names to match: ['burke']
[20:41:07]     [PICK] Current URL: https://app.thestorygraph.com/browse?search_term=Fourth%20Attempt%20(Elite%20Escorts%20Book%201)
[20:41:07]     [PICK] Selector 'a[href*="/books/"]': 1 candidates found
[20:41:07]     [PICK] [0] score=0.286 author_ok=True | 'manually add a book to our database' | /books/new
[20:41:07]     [PICK] Selector 'main a[href*="/books/"]': 1 candidates found
[20:41:07]     [PICK] [0] score=0.286 author_ok=True | 'manually add a book to our database' | /books/new
[20:41:07]     [PICK] Selector '.book-pane a': 0 candidates found
[20:41:07]     [PICK] Selector '[class*="book"] a': 0 candidates found
[20:41:07]     [PICK] Selector 'a:has-text("Fourth Attempt (Elite Escorts ")': 0 candidates found
[20:41:07]     [PICK] Found 2 total candidates
[20:41:07]     [PICK] Top candidates:
[20:41:07]     [PICK]   1. score=0.286 author_ok=True | 'manually add a book to our database'
[20:41:07]     [PICK]   2. score=0.286 author_ok=True | 'manually add a book to our database'
[20:41:07]     [PICK] ✗ No match >= 0.6 found
[20:41:07]     [PICK] Threshold: 0.6, Best score found: 0.000
[20:41:07]     [PROCESS] No result matched, trying next query
[20:41:07]     [PROCESS] ✗ Not found after 3 queries
[20:41:07]  -> Not Found: No matching StoryGraph result after trying all queries
[20:41:16] 
============================================================
[20:41:16] [39/418] Sealed With A Kiss (Coltsville Catches Book 1) | Olive Spencer  (owned=YES)
[20:41:16] ============================================================
[20:41:16]     [PROCESS] Trying 3 queries: ['B0DF6B9CLC', 'Sealed With A Kiss (Coltsville Catches Book 1) Olive Spencer', 'Sealed With A Kiss (Coltsville Catches Book 1)']
[20:41:16]     [PROCESS] Query 1/3: 'B0DF6B9CLC'
[20:41:16]     [SEARCH] Searching for: 'B0DF6B9CLC'
[20:41:22]     [SEARCH] Search submitted, landed on: https://app.thestorygraph.com/browse?search_term=B0DF6B9CLC
[20:41:22]     [PICK] Looking for: title='Sealed With A Kiss (Coltsville Catches Book 1)', author='Olive Spencer'
[20:41:22]     [PICK] Author last names to match: ['spencer']
[20:41:22]     [PICK] Current URL: https://app.thestorygraph.com/browse?search_term=B0DF6B9CLC
[20:41:22]     [PICK] Selector 'a[href*="/books/"]': 1 candidates found
[20:41:22]     [PICK] [0] score=0.302 author_ok=True | 'manually add a book to our database' | /books/new
[20:41:22]     [PICK] Selector 'main a[href*="/books/"]': 1 candidates found
[20:41:22]     [PICK] [0] score=0.302 author_ok=True | 'manually add a book to our database' | /books/new
[20:41:22]     [PICK] Selector '.book-pane a': 0 candidates found
[20:41:22]     [PICK] Selector '[class*="book"] a': 0 candidates found
[20:41:22]     [PICK] Selector 'a:has-text("Sealed With A Kiss (Coltsville")': 0 candidates found
[20:41:22]     [PICK] Found 2 total candidates
[20:41:22]     [PICK] Top candidates:
[20:41:22]     [PICK]   1. score=0.302 author_ok=True | 'manually add a book to our database'
[20:41:22]     [PICK]   2. score=0.302 author_ok=True | 'manually add a book to our database'
[20:41:22]     [PICK] ✗ No match >= 0.6 found
[20:41:22]     [PICK] Threshold: 0.6, Best score found: 0.000
[20:41:22]     [PROCESS] No result matched, trying next query
[20:41:22]     [PROCESS] Query 2/3: 'Sealed With A Kiss (Coltsville Catches Book 1) Olive Spencer'
[20:41:22]     [SEARCH] Searching for: 'Sealed With A Kiss (Coltsville Catches Book 1) Olive Spencer'
[20:41:28]     [SEARCH] Search submitted, landed on: https://app.thestorygraph.com/browse?search_term=Sealed%20With%20A%20Kiss%20(Coltsville%20Catches%20Book%201)%20Olive%20Spencer
[20:41:28]     [PICK] Looking for: title='Sealed With A Kiss (Coltsville Catches Book 1)', author='Olive Spencer'
[20:41:28]     [PICK] Author last names to match: ['spencer']
[20:41:28]     [PICK] Current URL: https://app.thestorygraph.com/browse?search_term=Sealed%20With%20A%20Kiss%20(Coltsville%20Catches%20Book%201)%20Olive%20Spencer
[20:41:28]     [PICK] Selector 'a[href*="/books/"]': 1 candidates found
[20:41:28]     [PICK] [0] score=0.302 author_ok=True | 'manually add a book to our database' | /books/new
[20:41:28]     [PICK] Selector 'main a[href*="/books/"]': 1 candidates found
[20:41:28]     [PICK] [0] score=0.302 author_ok=True | 'manually add a book to our database' | /books/new
[20:41:28]     [PICK] Selector '.book-pane a': 0 candidates found
[20:41:28]     [PICK] Selector '[class*="book"] a': 0 candidates found
[20:41:28]     [PICK] Selector 'a:has-text("Sealed With A Kiss (Coltsville")': 0 candidates found
[20:41:28]     [PICK] Found 2 total candidates
[20:41:28]     [PICK] Top candidates:
[20:41:28]     [PICK]   1. score=0.302 author_ok=True | 'manually add a book to our database'
[20:41:28]     [PICK]   2. score=0.302 author_ok=True | 'manually add a book to our database'
[20:41:28]     [PICK] ✗ No match >= 0.6 found
[20:41:28]     [PICK] Threshold: 0.6, Best score found: 0.000
[20:41:28]     [PROCESS] No result matched, trying next query
[20:41:28]     [PROCESS] Query 3/3: 'Sealed With A Kiss (Coltsville Catches Book 1)'
[20:41:28]     [SEARCH] Searching for: 'Sealed With A Kiss (Coltsville Catches Book 1)'
[20:41:35]     [SEARCH] Search submitted, landed on: https://app.thestorygraph.com/browse?search_term=Sealed%20With%20A%20Kiss%20(Coltsville%20Catches%20Book%201)
[20:41:35]     [PICK] Looking for: title='Sealed With A Kiss (Coltsville Catches Book 1)', author='Olive Spencer'
[20:41:35]     [PICK] Author last names to match: ['spencer']
[20:41:35]     [PICK] Current URL: https://app.thestorygraph.com/browse?search_term=Sealed%20With%20A%20Kiss%20(Coltsville%20Catches%20Book%201)
[20:41:35]     [PICK] Selector 'a[href*="/books/"]': 1 candidates found
[20:41:35]     [PICK] [0] score=0.302 author_ok=True | 'manually add a book to our database' | /books/new
[20:41:35]     [PICK] Selector 'main a[href*="/books/"]': 1 candidates found
[20:41:35]     [PICK] [0] score=0.302 author_ok=True | 'manually add a book to our database' | /books/new
[20:41:35]     [PICK] Selector '.book-pane a': 0 candidates found
[20:41:35]     [PICK] Selector '[class*="book"] a': 0 candidates found
[20:41:35]     [PICK] Selector 'a:has-text("Sealed With A Kiss (Coltsville")': 0 candidates found
[20:41:35]     [PICK] Found 2 total candidates
[20:41:35]     [PICK] Top candidates:
[20:41:35]     [PICK]   1. score=0.302 author_ok=True | 'manually add a book to our database'
[20:41:35]     [PICK]   2. score=0.302 author_ok=True | 'manually add a book to our database'
[20:41:35]     [PICK] ✗ No match >= 0.6 found
[20:41:35]     [PICK] Threshold: 0.6, Best score found: 0.000
[20:41:35]     [PROCESS] No result matched, trying next query
[20:41:35]     [PROCESS] ✗ Not found after 3 queries
[20:41:35]  -> Not Found: No matching StoryGraph result after trying all queries
[20:41:42] 
============================================================
[20:41:42] [40/418] Cade (The Protector Book 3) | Jo Marlies  (owned=YES)
[20:41:42] ============================================================
[20:41:42]     [PROCESS] Trying 3 queries: ['B0CZ4SYG83', 'Cade (The Protector Book 3) Jo Marlies', 'Cade (The Protector Book 3)']
[20:41:42]     [PROCESS] Query 1/3: 'B0CZ4SYG83'
[20:41:42]     [SEARCH] Searching for: 'B0CZ4SYG83'
[20:41:48]     [SEARCH] Search submitted, landed on: https://app.thestorygraph.com/browse?search_term=B0CZ4SYG83
[20:41:48]     [PICK] Looking for: title='Cade (The Protector Book 3)', author='Jo Marlies'
[20:41:48]     [PICK] Author last names to match: ['marlies']
[20:41:48]     [PICK] Current URL: https://app.thestorygraph.com/browse?search_term=B0CZ4SYG83
[20:41:48]     [PICK] Selector 'a[href*="/books/"]': 1 candidates found
[20:41:48]     [PICK] [0] score=0.154 author_ok=True | 'manually add a book to our database' | /books/new
[20:41:48]     [PICK] Selector 'main a[href*="/books/"]': 1 candidates found
[20:41:48]     [PICK] [0] score=0.154 author_ok=True | 'manually add a book to our database' | /books/new
[20:41:48]     [PICK] Selector '.book-pane a': 0 candidates found
[20:41:48]     [PICK] Selector '[class*="book"] a': 0 candidates found
[20:41:48]     [PICK] Selector 'a:has-text("Cade (The Protector Book 3)")': 0 candidates found
[20:41:48]     [PICK] Found 2 total candidates
[20:41:48]     [PICK] Top candidates:
[20:41:48]     [PICK]   1. score=0.154 author_ok=True | 'manually add a book to our database'
[20:41:48]     [PICK]   2. score=0.154 author_ok=True | 'manually add a book to our database'
[20:41:48]     [PICK] ✗ No match >= 0.6 found
[20:41:48]     [PICK] Threshold: 0.6, Best score found: 0.000
[20:41:48]     [PROCESS] No result matched, trying next query
[20:41:48]     [PROCESS] Query 2/3: 'Cade (The Protector Book 3) Jo Marlies'
[20:41:48]     [SEARCH] Searching for: 'Cade (The Protector Book 3) Jo Marlies'
[20:41:54]     [SEARCH] Search submitted, landed on: https://app.thestorygraph.com/browse?search_term=Cade%20(The%20Protector%20Book%203)%20Jo%20Marlies
[20:41:54]     [PICK] Looking for: title='Cade (The Protector Book 3)', author='Jo Marlies'
[20:41:54]     [PICK] Author last names to match: ['marlies']
[20:41:54]     [PICK] Current URL: https://app.thestorygraph.com/browse?search_term=Cade%20(The%20Protector%20Book%203)%20Jo%20Marlies
[20:41:54]     [PICK] Selector 'a[href*="/books/"]': 1 candidates found
[20:41:55]     [PICK] [0] score=0.154 author_ok=True | 'manually add a book to our database' | /books/new
[20:41:55]     [PICK] Selector 'main a[href*="/books/"]': 1 candidates found
[20:41:55]     [PICK] [0] score=0.154 author_ok=True | 'manually add a book to our database' | /books/new
[20:41:55]     [PICK] Selector '.book-pane a': 0 candidates found
[20:41:55]     [PICK] Selector '[class*="book"] a': 0 candidates found
[20:41:55]     [PICK] Selector 'a:has-text("Cade (The Protector Book 3)")': 0 candidates found
[20:41:55]     [PICK] Found 2 total candidates
[20:41:55]     [PICK] Top candidates:
[20:41:55]     [PICK]   1. score=0.154 author_ok=True | 'manually add a book to our database'
[20:41:55]     [PICK]   2. score=0.154 author_ok=True | 'manually add a book to our database'
[20:41:55]     [PICK] ✗ No match >= 0.6 found
[20:41:55]     [PICK] Threshold: 0.6, Best score found: 0.000
[20:41:55]     [PROCESS] No result matched, trying next query
[20:41:55]     [PROCESS] Query 3/3: 'Cade (The Protector Book 3)'
[20:41:55]     [SEARCH] Searching for: 'Cade (The Protector Book 3)'
[20:42:01]     [SEARCH] Search submitted, landed on: https://app.thestorygraph.com/browse?search_term=Cade%20(The%20Protector%20Book%203)
[20:42:01]     [PICK] Looking for: title='Cade (The Protector Book 3)', author='Jo Marlies'
[20:42:01]     [PICK] Author last names to match: ['marlies']
[20:42:01]     [PICK] Current URL: https://app.thestorygraph.com/browse?search_term=Cade%20(The%20Protector%20Book%203)
[20:42:01]     [PICK] Selector 'a[href*="/books/"]': 19 candidates found
[20:42:01]     [PICK] [0] score=0.286 author_ok=True | 'Add a book' | /books/new
[20:42:01]     [PICK] [1] score=0.000 author_ok=True | '' | /books/f99cd7c7-f2c1-46e7-aa3e-779a0195261c
[20:42:01]     [PICK] [2] score=0.200 author_ok=True | 'Vernal (a Royal Protector Academy Novel, Book 1)' | /books/f99cd7c7-f2c1-46e7-aa3e-779a0195261c
[20:42:01]     [PICK] [3] score=0.143 author_ok=True | '4 editions' | /books/f99cd7c7-f2c1-46e7-aa3e-779a0195261c/editions
[20:42:01]     [PICK] [4] score=0.000 author_ok=True | '' | /books/f99cd7c7-f2c1-46e7-aa3e-779a0195261c
[20:42:01]     [PICK] [5] score=0.200 author_ok=True | 'Vernal (a Royal Protector Academy Novel, Book 1)' | /books/f99cd7c7-f2c1-46e7-aa3e-779a0195261c
[20:42:01]     [PICK] [6] score=0.143 author_ok=True | '4 editions' | /books/f99cd7c7-f2c1-46e7-aa3e-779a0195261c/editions
[20:42:01]     [PICK] [7] score=0.000 author_ok=True | '' | /books/b173ef41-8043-44a6-ad63-28eef275aa72
[20:42:01]     [PICK] [8] Parent text: 'Academy of Protectors: The Protector Guild Book 1\n\nGray Holborn'
[20:42:01]     [PICK] [8] Found 6 author links on page
[20:42:01]     [PICK] [8] Authors on page: Randi Cooley Wilson, Randi Cooley Wilson, Gray Holborn, Gray Holborn, Kristine Kathryn Rusch, Kristine Kathryn Rusch
[20:42:01]     [PICK] [8] Sibling text: ' Gray Holborn Gray Holborn'
[20:42:01]     [PICK] [8] ✗ None of ['marlies'] found anywhere
[20:42:01]     [PICK] [8] score=1.000 author_ok=False | 'Academy of Protectors: The Protector Guild Book 1' | /books/b173ef41-8043-44a6-ad63-28eef275aa72
[20:42:01]     [PICK] [9] score=0.143 author_ok=True | '7 editions' | /books/b173ef41-8043-44a6-ad63-28eef275aa72/editions
[20:42:01]     [PICK] [10] score=0.000 author_ok=True | '' | /books/b173ef41-8043-44a6-ad63-28eef275aa72
[20:42:01]     [PICK] [11] Parent text: 'Academy of Protectors: The Protector Guild Book 1'
[20:42:01]     [PICK] [11] Found 6 author links on page
[20:42:01]     [PICK] [11] Authors on page: Randi Cooley Wilson, Randi Cooley Wilson, Gray Holborn, Gray Holborn, Kristine Kathryn Rusch, Kristine Kathryn Rusch
[20:43:01]     [PICK] [11] ✗ None of ['marlies'] found anywhere
[20:43:01]     [PICK] [11] score=1.000 author_ok=False | 'Academy of Protectors: The Protector Guild Book 1' | /books/b173ef41-8043-44a6-ad63-28eef275aa72
[20:43:01]     [PICK] [12] score=0.143 author_ok=True | '7 editions' | /books/b173ef41-8043-44a6-ad63-28eef275aa72/editions
[20:43:01]     [PICK] [13] score=0.000 author_ok=True | '' | /books/560e53ac-7b13-47e4-9daf-70da3716b082
[20:43:01]     [PICK] [14] Parent text: 'The Incident at Serebro Academy: Book 3 of the Qavnerian Protectorate\n\nKristine Kathryn Rusch'
[20:43:01]     [PICK] [14] Found 6 author links on page
[20:43:01]     [PICK] [14] Authors on page: Randi Cooley Wilson, Randi Cooley Wilson, Gray Holborn, Gray Holborn, Kristine Kathryn Rusch, Kristine Kathryn Rusch
[20:43:01]     [PICK] [14] Sibling text: ' Kristine Kathryn Rusch Kristine Kathryn Rusch'
[20:43:01]     [PICK] [14] ✗ None of ['marlies'] found anywhere
[20:43:01]     [PICK] [14] score=1.000 author_ok=False | 'The Incident at Serebro Academy: Book 3 of the Qavnerian Protectorate' | /books/560e53ac-7b13-47e4-9daf-70da3716b082
[20:43:01]     [PICK] [15] score=0.143 author_ok=True | '2 editions' | /books/560e53ac-7b13-47e4-9daf-70da3716b082/editions
[20:43:01]     [PICK] [16] score=0.000 author_ok=True | '' | /books/560e53ac-7b13-47e4-9daf-70da3716b082
[20:43:01]     [PICK] [17] Parent text: 'The Incident at Serebro Academy: Book 3 of the Qavnerian Protectorate'
[20:43:01]     [PICK] [17] Found 6 author links on page
[20:43:01]     [PICK] [17] Authors on page: Randi Cooley Wilson, Randi Cooley Wilson, Gray Holborn, Gray Holborn, Kristine Kathryn Rusch, Kristine Kathryn Rusch
[20:44:01]     [PICK] [17] ✗ None of ['marlies'] found anywhere
[20:44:01]     [PICK] [17] score=1.000 author_ok=False | 'The Incident at Serebro Academy: Book 3 of the Qavnerian Protectorate' | /books/560e53ac-7b13-47e4-9daf-70da3716b082
[20:44:01]     [PICK] [18] score=0.143 author_ok=True | '2 editions' | /books/560e53ac-7b13-47e4-9daf-70da3716b082/editions
[20:44:01]     [PICK] Selector 'main a[href*="/books/"]': 19 candidates found
[20:44:01]     [PICK] [0] score=0.286 author_ok=True | 'Add a book' | /books/new
[20:44:02]     [PICK] [1] score=0.000 author_ok=True | '' | /books/f99cd7c7-f2c1-46e7-aa3e-779a0195261c
[20:44:02]     [PICK] [2] score=0.200 author_ok=True | 'Vernal (a Royal Protector Academy Novel, Book 1)' | /books/f99cd7c7-f2c1-46e7-aa3e-779a0195261c
[20:44:02]     [PICK] [3] score=0.143 author_ok=True | '4 editions' | /books/f99cd7c7-f2c1-46e7-aa3e-779a0195261c/editions
[20:44:02]     [PICK] [4] score=0.000 author_ok=True | '' | /books/f99cd7c7-f2c1-46e7-aa3e-779a0195261c
[20:44:02]     [PICK] [5] score=0.200 author_ok=True | 'Vernal (a Royal Protector Academy Novel, Book 1)' | /books/f99cd7c7-f2c1-46e7-aa3e-779a0195261c
[20:44:02]     [PICK] [6] score=0.143 author_ok=True | '4 editions' | /books/f99cd7c7-f2c1-46e7-aa3e-779a0195261c/editions
[20:44:02]     [PICK] [7] score=0.000 author_ok=True | '' | /books/b173ef41-8043-44a6-ad63-28eef275aa72
[20:44:02]     [PICK] [8] Parent text: 'Academy of Protectors: The Protector Guild Book 1\n\nGray Holborn'
[20:44:02]     [PICK] [8] Found 6 author links on page
[20:44:02]     [PICK] [8] Authors on page: Randi Cooley Wilson, Randi Cooley Wilson, Gray Holborn, Gray Holborn, Kristine Kathryn Rusch, Kristine Kathryn Rusch
[20:44:02]     [PICK] [8] Sibling text: ' Gray Holborn Gray Holborn'
[20:44:02]     [PICK] [8] ✗ None of ['marlies'] found anywhere
[20:44:02]     [PICK] [8] score=1.000 author_ok=False | 'Academy of Protectors: The Protector Guild Book 1' | /books/b173ef41-8043-44a6-ad63-28eef275aa72
[20:44:02]     [PICK] [9] score=0.143 author_ok=True | '7 editions' | /books/b173ef41-8043-44a6-ad63-28eef275aa72/editions
[20:44:02]     [PICK] [10] score=0.000 author_ok=True | '' | /books/b173ef41-8043-44a6-ad63-28eef275aa72
[20:44:02]     [PICK] [11] Parent text: 'Academy of Protectors: The Protector Guild Book 1'
[20:44:02]     [PICK] [11] Found 6 author links on page
[20:44:02]     [PICK] [11] Authors on page: Randi Cooley Wilson, Randi Cooley Wilson, Gray Holborn, Gray Holborn, Kristine Kathryn Rusch, Kristine Kathryn Rusch
[20:45:02]     [PICK] [11] ✗ None of ['marlies'] found anywhere
[20:45:02]     [PICK] [11] score=1.000 author_ok=False | 'Academy of Protectors: The Protector Guild Book 1' | /books/b173ef41-8043-44a6-ad63-28eef275aa72
[20:45:02]     [PICK] [12] score=0.143 author_ok=True | '7 editions' | /books/b173ef41-8043-44a6-ad63-28eef275aa72/editions
[20:45:02]     [PICK] [13] score=0.000 author_ok=True | '' | /books/560e53ac-7b13-47e4-9daf-70da3716b082
[20:45:02]     [PICK] [14] Parent text: 'The Incident at Serebro Academy: Book 3 of the Qavnerian Protectorate\n\nKristine Kathryn Rusch'
[20:45:02]     [PICK] [14] Found 6 author links on page
[20:45:02]     [PICK] [14] Authors on page: Randi Cooley Wilson, Randi Cooley Wilson, Gray Holborn, Gray Holborn, Kristine Kathryn Rusch, Kristine Kathryn Rusch
[20:45:02]     [PICK] [14] Sibling text: ' Kristine Kathryn Rusch Kristine Kathryn Rusch'
[20:45:02]     [PICK] [14] ✗ None of ['marlies'] found anywhere
[20:45:02]     [PICK] [14] score=1.000 author_ok=False | 'The Incident at Serebro Academy: Book 3 of the Qavnerian Protectorate' | /books/560e53ac-7b13-47e4-9daf-70da3716b082
[20:45:02]     [PICK] [15] score=0.143 author_ok=True | '2 editions' | /books/560e53ac-7b13-47e4-9daf-70da3716b082/editions
[20:45:02]     [PICK] [16] score=0.000 author_ok=True | '' | /books/560e53ac-7b13-47e4-9daf-70da3716b082
[20:45:02]     [PICK] [17] Parent text: 'The Incident at Serebro Academy: Book 3 of the Qavnerian Protectorate'
[20:45:02]     [PICK] [17] Found 6 author links on page
[20:45:02]     [PICK] [17] Authors on page: Randi Cooley Wilson, Randi Cooley Wilson, Gray Holborn, Gray Holborn, Kristine Kathryn Rusch, Kristine Kathryn Rusch
[20:46:02]     [PICK] [17] ✗ None of ['marlies'] found anywhere
[20:46:02]     [PICK] [17] score=1.000 author_ok=False | 'The Incident at Serebro Academy: Book 3 of the Qavnerian Protectorate' | /books/560e53ac-7b13-47e4-9daf-70da3716b082
[20:46:02]     [PICK] [18] score=0.143 author_ok=True | '2 editions' | /books/560e53ac-7b13-47e4-9daf-70da3716b082/editions
[20:46:02]     [PICK] Selector '.book-pane a': 42 candidates found
[20:46:02]     [PICK] [0] score=0.000 author_ok=True | '' | /books/f99cd7c7-f2c1-46e7-aa3e-779a0195261c
[20:46:02]     [PICK] [3] score=0.200 author_ok=True | 'Vernal (a Royal Protector Academy Novel, Book 1)' | /books/f99cd7c7-f2c1-46e7-aa3e-779a0195261c
[20:46:02]     [PICK] [5] score=0.143 author_ok=True | '4 editions' | /books/f99cd7c7-f2c1-46e7-aa3e-779a0195261c/editions
[20:46:03]     [PICK] [6] score=0.235 author_ok=True | 'mark as owned' | /mark-as-owned-find-a-book?book_id=f99cd7c7-f2c1-46e7-aa3e-779a0195261c
[20:46:03]     [PICK] [7] score=0.000 author_ok=True | '' | /books/f99cd7c7-f2c1-46e7-aa3e-779a0195261c
[20:46:03]     [PICK] [10] score=0.200 author_ok=True | 'Vernal (a Royal Protector Academy Novel, Book 1)' | /books/f99cd7c7-f2c1-46e7-aa3e-779a0195261c
[20:46:03]     [PICK] [12] score=0.143 author_ok=True | '4 editions' | /books/f99cd7c7-f2c1-46e7-aa3e-779a0195261c/editions
[20:46:03]     [PICK] [13] score=0.235 author_ok=True | 'mark as owned' | /mark-as-owned-find-a-book?book_id=f99cd7c7-f2c1-46e7-aa3e-779a0195261c
[20:46:03]     [PICK] [14] score=0.000 author_ok=True | '' | /books/b173ef41-8043-44a6-ad63-28eef275aa72
[20:46:03]     [PICK] [17] Parent text: 'Academy of Protectors: The Protector Guild Book 1\n\nGray Holborn'
[20:46:03]     [PICK] [17] Found 6 author links on page
[20:46:03]     [PICK] [17] Authors on page: Randi Cooley Wilson, Randi Cooley Wilson, Gray Holborn, Gray Holborn, Kristine Kathryn Rusch, Kristine Kathryn Rusch
[20:46:03]     [PICK] [17] Sibling text: ' Gray Holborn Gray Holborn'
[20:46:03]     [PICK] [17] ✗ None of ['marlies'] found anywhere
[20:46:03]     [PICK] [17] score=1.000 author_ok=False | 'Academy of Protectors: The Protector Guild Book 1' | /books/b173ef41-8043-44a6-ad63-28eef275aa72
[20:46:03]     [PICK] [19] score=0.143 author_ok=True | '7 editions' | /books/b173ef41-8043-44a6-ad63-28eef275aa72/editions
[20:46:03]     [PICK] Selector '[class*="book"] a': 42 candidates found
[20:46:03]     [PICK] [0] score=0.000 author_ok=True | '' | /books/f99cd7c7-f2c1-46e7-aa3e-779a0195261c
[20:46:03]     [PICK] [3] score=0.200 author_ok=True | 'Vernal (a Royal Protector Academy Novel, Book 1)' | /books/f99cd7c7-f2c1-46e7-aa3e-779a0195261c
[20:46:03]     [PICK] [5] score=0.143 author_ok=True | '4 editions' | /books/f99cd7c7-f2c1-46e7-aa3e-779a0195261c/editions
[20:46:03]     [PICK] [6] score=0.235 author_ok=True | 'mark as owned' | /mark-as-owned-find-a-book?book_id=f99cd7c7-f2c1-46e7-aa3e-779a0195261c
[20:46:03]     [PICK] [7] score=0.000 author_ok=True | '' | /books/f99cd7c7-f2c1-46e7-aa3e-779a0195261c
[20:46:03]     [PICK] [10] score=0.200 author_ok=True | 'Vernal (a Royal Protector Academy Novel, Book 1)' | /books/f99cd7c7-f2c1-46e7-aa3e-779a0195261c
[20:46:03]     [PICK] [12] score=0.143 author_ok=True | '4 editions' | /books/f99cd7c7-f2c1-46e7-aa3e-779a0195261c/editions
[20:46:03]     [PICK] [13] score=0.235 author_ok=True | 'mark as owned' | /mark-as-owned-find-a-book?book_id=f99cd7c7-f2c1-46e7-aa3e-779a0195261c
[20:46:03]     [PICK] [14] score=0.000 author_ok=True | '' | /books/b173ef41-8043-44a6-ad63-28eef275aa72
[20:46:03]     [PICK] [17] Parent text: 'Academy of Protectors: The Protector Guild Book 1\n\nGray Holborn'
[20:46:03]     [PICK] [17] Found 6 author links on page
[20:46:04]     [PICK] [17] Authors on page: Randi Cooley Wilson, Randi Cooley Wilson, Gray Holborn, Gray Holborn, Kristine Kathryn Rusch, Kristine Kathryn Rusch
[20:46:04]     [PICK] [17] Sibling text: ' Gray Holborn Gray Holborn'
[20:46:04]     [PICK] [17] ✗ None of ['marlies'] found anywhere
[20:46:04]     [PICK] [17] score=1.000 author_ok=False | 'Academy of Protectors: The Protector Guild Book 1' | /books/b173ef41-8043-44a6-ad63-28eef275aa72
[20:46:04]     [PICK] [19] score=0.143 author_ok=True | '7 editions' | /books/b173ef41-8043-44a6-ad63-28eef275aa72/editions
[20:46:04]     [PICK] Selector 'a:has-text("Cade (The Protector Book 3)")': 0 candidates found
[20:46:04]     [PICK] Found 60 total candidates
[20:46:04]     [PICK] Top candidates:
[20:46:04]     [PICK]   1. score=1.000 author_ok=False | 'Academy of Protectors: The Protector Guild Book 1'
[20:46:04]     [PICK]   2. score=1.000 author_ok=False | 'Academy of Protectors: The Protector Guild Book 1'
[20:46:04]     [PICK]   3. score=1.000 author_ok=False | 'The Incident at Serebro Academy: Book 3 of the Qavnerian Pro'
[20:46:04]     [PICK]   4. score=1.000 author_ok=False | 'The Incident at Serebro Academy: Book 3 of the Qavnerian Pro'
[20:46:04]     [PICK]   5. score=1.000 author_ok=False | 'Academy of Protectors: The Protector Guild Book 1'
[20:46:04]     [PICK] ✗ No match >= 0.6 found
[20:46:04]     [PICK] Threshold: 0.6, Best score found: 0.000
[20:46:04]     [PROCESS] No result matched, trying next query
[20:46:04]     [PROCESS] ✗ Not found after 3 queries
[20:46:04]  -> Not Found: No matching StoryGraph result after trying all queries
[20:46:13] 
============================================================
[20:46:13] [41/418] Callum (The Lumberjacks: Mt. Men 1 Book 4) | Jo Marlies  (owned=YES)
[20:46:13] ============================================================
[20:46:13]     [PROCESS] Trying 4 queries: ['B0CWCJ4G2H', 'Callum (The Lumberjacks: Mt. Men 1 Book 4) Jo Marlies', 'Callum (The Lumberjacks Jo Marlies', 'Callum (The Lumberjacks: Mt. Men 1 Book 4)']
[20:46:13]     [PROCESS] Query 1/4: 'B0CWCJ4G2H'
[20:46:13]     [SEARCH] Searching for: 'B0CWCJ4G2H'
[20:46:19]     [SEARCH] Search submitted, landed on: https://app.thestorygraph.com/browse?search_term=B0CWCJ4G2H
[20:46:19]     [PICK] Looking for: title='Callum (The Lumberjacks: Mt. Men 1 Book 4)', author='Jo Marlies'
[20:46:19]     [PICK] Author last names to match: ['marlies']
[20:46:19]     [PICK] Current URL: https://app.thestorygraph.com/browse?search_term=B0CWCJ4G2H
[20:46:19]     [PICK] Selector 'a[href*="/books/"]': 1 candidates found
[20:46:19]     [PICK] [0] score=0.195 author_ok=True | 'manually add a book to our database' | /books/new
[20:46:19]     [PICK] Selector 'main a[href*="/books/"]': 1 candidates found
[20:46:19]     [PICK] [0] score=0.195 author_ok=True | 'manually add a book to our database' | /books/new
[20:46:19]     [PICK] Selector '.book-pane a': 0 candidates found
[20:46:19]     [PICK] Selector '[class*="book"] a': 0 candidates found
[20:46:19]     [PICK] Selector 'a:has-text("Callum (The Lumberjacks: Mt. M")': 0 candidates found
[20:46:19]     [PICK] Found 2 total candidates
[20:46:19]     [PICK] Top candidates:
[20:46:19]     [PICK]   1. score=0.195 author_ok=True | 'manually add a book to our database'
[20:46:19]     [PICK]   2. score=0.195 author_ok=True | 'manually add a book to our database'
[20:46:19]     [PICK] ✗ No match >= 0.6 found
[20:46:19]     [PICK] Threshold: 0.6, Best score found: 0.000
[20:46:19]     [PROCESS] No result matched, trying next query
[20:46:19]     [PROCESS] Query 2/4: 'Callum (The Lumberjacks: Mt. Men 1 Book 4) Jo Marlies'
[20:46:19]     [SEARCH] Searching for: 'Callum (The Lumberjacks: Mt. Men 1 Book 4) Jo Marlies'
[20:46:25]     [SEARCH] Search submitted, landed on: https://app.thestorygraph.com/browse?search_term=Callum%20(The%20Lumberjacks:%20Mt.%20Men%201%20Book%204)%20Jo%20Marlies
[20:46:25]     [PICK] Looking for: title='Callum (The Lumberjacks: Mt. Men 1 Book 4)', author='Jo Marlies'
[20:46:26]     [PICK] Author last names to match: ['marlies']
[20:46:26]     [PICK] Current URL: https://app.thestorygraph.com/browse?search_term=Callum%20(The%20Lumberjacks:%20Mt.%20Men%201%20Book%204)%20Jo%20Marlies
[20:46:26]     [PICK] Selector 'a[href*="/books/"]': 1 candidates found
[20:46:26]     [PICK] [0] score=0.195 author_ok=True | 'manually add a book to our database' | /books/new
[20:46:26]     [PICK] Selector 'main a[href*="/books/"]': 1 candidates found
[20:46:26]     [PICK] [0] score=0.195 author_ok=True | 'manually add a book to our database' | /books/new
[20:46:26]     [PICK] Selector '.book-pane a': 0 candidates found
[20:46:26]     [PICK] Selector '[class*="book"] a': 0 candidates found
[20:46:26]     [PICK] Selector 'a:has-text("Callum (The Lumberjacks: Mt. M")': 0 candidates found
[20:46:26]     [PICK] Found 2 total candidates
[20:46:26]     [PICK] Top candidates:
[20:46:26]     [PICK]   1. score=0.195 author_ok=True | 'manually add a book to our database'
[20:46:26]     [PICK]   2. score=0.195 author_ok=True | 'manually add a book to our database'
[20:46:26]     [PICK] ✗ No match >= 0.6 found
[20:46:26]     [PICK] Threshold: 0.6, Best score found: 0.000
[20:46:26]     [PROCESS] No result matched, trying next query
[20:46:26]     [PROCESS] Query 3/4: 'Callum (The Lumberjacks Jo Marlies'
[20:46:26]     [SEARCH] Searching for: 'Callum (The Lumberjacks Jo Marlies'
[20:46:32]     [SEARCH] Search submitted, landed on: https://app.thestorygraph.com/browse?search_term=Callum%20(The%20Lumberjacks%20Jo%20Marlies
[20:46:32]     [PICK] Looking for: title='Callum (The Lumberjacks: Mt. Men 1 Book 4)', author='Jo Marlies'
[20:46:32]     [PICK] Author last names to match: ['marlies']
[20:46:32]     [PICK] Current URL: https://app.thestorygraph.com/browse?search_term=Callum%20(The%20Lumberjacks%20Jo%20Marlies
[20:46:32]     [PICK] Selector 'a[href*="/books/"]': 1 candidates found
[20:46:32]     [PICK] [0] score=0.195 author_ok=True | 'manually add a book to our database' | /books/new
[20:46:32]     [PICK] Selector 'main a[href*="/books/"]': 1 candidates found
[20:46:32]     [PICK] [0] score=0.195 author_ok=True | 'manually add a book to our database' | /books/new
[20:46:32]     [PICK] Selector '.book-pane a': 0 candidates found
[20:46:32]     [PICK] Selector '[class*="book"] a': 0 candidates found
[20:46:32]     [PICK] Selector 'a:has-text("Callum (The Lumberjacks: Mt. M")': 0 candidates found
[20:46:32]     [PICK] Found 2 total candidates
[20:46:32]     [PICK] Top candidates:
[20:46:32]     [PICK]   1. score=0.195 author_ok=True | 'manually add a book to our database'
[20:46:32]     [PICK]   2. score=0.195 author_ok=True | 'manually add a book to our database'
[20:46:32]     [PICK] ✗ No match >= 0.6 found
[20:46:32]     [PICK] Threshold: 0.6, Best score found: 0.000
[20:46:32]     [PROCESS] No result matched, trying next query
[20:46:32]     [PROCESS] Query 4/4: 'Callum (The Lumberjacks: Mt. Men 1 Book 4)'
[20:46:32]     [SEARCH] Searching for: 'Callum (The Lumberjacks: Mt. Men 1 Book 4)'
[20:46:37]     [SEARCH] Search submitted, landed on: https://app.thestorygraph.com/browse?search_term=Callum%20(The%20Lumberjacks:%20Mt.%20Men%201%20Book%204)
[20:46:37]     [PICK] Looking for: title='Callum (The Lumberjacks: Mt. Men 1 Book 4)', author='Jo Marlies'
[20:46:37]     [PICK] Author last names to match: ['marlies']
[20:46:37]     [PICK] Current URL: https://app.thestorygraph.com/browse?search_term=Callum%20(The%20Lumberjacks:%20Mt.%20Men%201%20Book%204)
[20:46:37]     [PICK] Selector 'a[href*="/books/"]': 1 candidates found
[20:46:37]     [PICK] [0] score=0.195 author_ok=True | 'manually add a book to our database' | /books/new
[20:46:37]     [PICK] Selector 'main a[href*="/books/"]': 1 candidates found
[20:46:37]     [PICK] [0] score=0.195 author_ok=True | 'manually add a book to our database' | /books/new
[20:46:38]     [PICK] Selector '.book-pane a': 0 candidates found
[20:46:38]     [PICK] Selector '[class*="book"] a': 0 candidates found
[20:46:38]     [PICK] Selector 'a:has-text("Callum (The Lumberjacks: Mt. M")': 0 candidates found
[20:46:38]     [PICK] Found 2 total candidates
[20:46:38]     [PICK] Top candidates:
[20:46:38]     [PICK]   1. score=0.195 author_ok=True | 'manually add a book to our database'
[20:46:38]     [PICK]   2. score=0.195 author_ok=True | 'manually add a book to our database'
[20:46:38]     [PICK] ✗ No match >= 0.6 found
[20:46:38]     [PICK] Threshold: 0.6, Best score found: 0.000
[20:46:38]     [PROCESS] No result matched, trying next query
[20:46:38]     [PROCESS] ✗ Not found after 4 queries
[20:46:38]  -> Not Found: No matching StoryGraph result after trying all queries
[20:46:45] 
============================================================
[20:46:45] [42/418] Ruthless Mafia Boss: Luca and Alexis (Ruthless Mafia Bosses Book 1) | Posey Parks, Michelle Edrington-Areaux  (owned=YES)
[20:46:45] ============================================================
[20:46:45]     [PROCESS] Trying 4 queries: ['B09PPNFB5G', 'Ruthless Mafia Boss: Luca and Alexis (Ruthless Mafia Bosses Book 1) Posey Parks, Michelle Edrington-Areaux', 'Ruthless Mafia Boss Posey Parks, Michelle Edrington-Areaux', 'Ruthless Mafia Boss: Luca and Alexis (Ruthless Mafia Bosses Book 1)']
[20:46:45]     [PROCESS] Query 1/4: 'B09PPNFB5G'
[20:46:45]     [SEARCH] Searching for: 'B09PPNFB5G'
[20:46:51]     [SEARCH] Search submitted, landed on: https://app.thestorygraph.com/browse?search_term=B09PPNFB5G
[20:46:51]     [PICK] Looking for: title='Ruthless Mafia Boss: Luca and Alexis (Ruthless Mafia Bosses Book 1)', author='Posey Parks, Michelle Edrington-Areaux'
[20:46:51]     [PICK] Author last names to match: ['parks', 'edrington-areaux']
[20:46:51]     [PICK] Current URL: https://app.thestorygraph.com/browse?search_term=B09PPNFB5G
[20:46:51]     [PICK] Selector 'a[href*="/books/"]': 7 candidates found
[20:46:51]     [PICK] [0] score=0.345 author_ok=True | 'Add a book' | /books/new
[20:46:51]     [PICK] [1] score=0.000 author_ok=True | '' | /books/cf73936e-e4d1-48f9-8b48-f796ddd29468
[20:46:51]     [PICK] [2] Parent text: 'Ruthless Mafia Boss: Luca and Lexis\n\nPosey Parks'
[20:46:51]     [PICK] [2] ✓ Author 'parks' found in parent
[20:46:51]     [PICK] [2] score=1.000 author_ok=True | 'Ruthless Mafia Boss: Luca and Lexis' | /books/cf73936e-e4d1-48f9-8b48-f796ddd29468
[20:46:51]     [PICK] [3] score=0.214 author_ok=True | '1 edition' | /books/cf73936e-e4d1-48f9-8b48-f796ddd29468/editions
[20:46:51]     [PICK] [4] score=0.000 author_ok=True | '' | /books/cf73936e-e4d1-48f9-8b48-f796ddd29468
[20:46:51]     [PICK] [5] Parent text: 'Ruthless Mafia Boss: Luca and Lexis'
[20:46:51]     [PICK] [5] Found 2 author links on page
[20:46:51]     [PICK] [5] ✓ Author 'parks' found in link: 'Posey Parks'
[20:46:51]     [PICK] [5] score=1.000 author_ok=True | 'Ruthless Mafia Boss: Luca and Lexis' | /books/cf73936e-e4d1-48f9-8b48-f796ddd29468
[20:46:51]     [PICK] [6] score=0.214 author_ok=True | '1 edition' | /books/cf73936e-e4d1-48f9-8b48-f796ddd29468/editions
[20:46:52]     [PICK] Selector 'main a[href*="/books/"]': 7 candidates found
[20:46:52]     [PICK] [0] score=0.345 author_ok=True | 'Add a book' | /books/new
[20:46:52]     [PICK] [1] score=0.000 author_ok=True | '' | /books/cf73936e-e4d1-48f9-8b48-f796ddd29468
[20:46:52]     [PICK] [2] Parent text: 'Ruthless Mafia Boss: Luca and Lexis\n\nPosey Parks'
[20:46:52]     [PICK] [2] ✓ Author 'parks' found in parent
[20:46:52]     [PICK] [2] score=1.000 author_ok=True | 'Ruthless Mafia Boss: Luca and Lexis' | /books/cf73936e-e4d1-48f9-8b48-f796ddd29468
[20:46:52]     [PICK] [3] score=0.214 author_ok=True | '1 edition' | /books/cf73936e-e4d1-48f9-8b48-f796ddd29468/editions
[20:46:52]     [PICK] [4] score=0.000 author_ok=True | '' | /books/cf73936e-e4d1-48f9-8b48-f796ddd29468
[20:46:52]     [PICK] [5] Parent text: 'Ruthless Mafia Boss: Luca and Lexis'
[20:46:52]     [PICK] [5] Found 2 author links on page
[20:46:52]     [PICK] [5] ✓ Author 'parks' found in link: 'Posey Parks'
[20:46:52]     [PICK] [5] score=1.000 author_ok=True | 'Ruthless Mafia Boss: Luca and Lexis' | /books/cf73936e-e4d1-48f9-8b48-f796ddd29468
[20:46:52]     [PICK] [6] score=0.214 author_ok=True | '1 edition' | /books/cf73936e-e4d1-48f9-8b48-f796ddd29468/editions
[20:46:52]     [PICK] Selector '.book-pane a': 14 candidates found
[20:46:52]     [PICK] [0] score=0.000 author_ok=True | '' | /books/cf73936e-e4d1-48f9-8b48-f796ddd29468
[20:46:52]     [PICK] [3] Parent text: 'Ruthless Mafia Boss: Luca and Lexis\n\nPosey Parks'
[20:46:52]     [PICK] [3] ✓ Author 'parks' found in parent
[20:46:52]     [PICK] [3] score=1.000 author_ok=True | 'Ruthless Mafia Boss: Luca and Lexis' | /books/cf73936e-e4d1-48f9-8b48-f796ddd29468
[20:46:52]     [PICK] [5] score=0.214 author_ok=True | '1 edition' | /books/cf73936e-e4d1-48f9-8b48-f796ddd29468/editions
[20:46:52]     [PICK] [6] score=0.250 author_ok=True | 'mark as owned' | /mark-as-owned-find-a-book?book_id=cf73936e-e4d1-48f9-8b48-f796ddd29468
[20:46:52]     [PICK] [7] score=0.000 author_ok=True | '' | /books/cf73936e-e4d1-48f9-8b48-f796ddd29468
[20:46:52]     [PICK] [10] Parent text: 'Ruthless Mafia Boss: Luca and Lexis'
[20:46:52]     [PICK] [10] Found 2 author links on page
[20:46:52]     [PICK] [10] ✓ Author 'parks' found in link: 'Posey Parks'
[20:46:52]     [PICK] [10] score=1.000 author_ok=True | 'Ruthless Mafia Boss: Luca and Lexis' | /books/cf73936e-e4d1-48f9-8b48-f796ddd29468
[20:46:52]     [PICK] [12] score=0.214 author_ok=True | '1 edition' | /books/cf73936e-e4d1-48f9-8b48-f796ddd29468/editions
[20:46:52]     [PICK] [13] score=0.250 author_ok=True | 'mark as owned' | /mark-as-owned-find-a-book?book_id=cf73936e-e4d1-48f9-8b48-f796ddd29468
[20:46:52]     [PICK] Selector '[class*="book"] a': 14 candidates found
[20:46:52]     [PICK] [0] score=0.000 author_ok=True | '' | /books/cf73936e-e4d1-48f9-8b48-f796ddd29468
[20:46:52]     [PICK] [3] Parent text: 'Ruthless Mafia Boss: Luca and Lexis\n\nPosey Parks'
[20:46:52]     [PICK] [3] ✓ Author 'parks' found in parent
[20:46:52]     [PICK] [3] score=1.000 author_ok=True | 'Ruthless Mafia Boss: Luca and Lexis' | /books/cf73936e-e4d1-48f9-8b48-f796ddd29468
[20:46:52]     [PICK] [5] score=0.214 author_ok=True | '1 edition' | /books/cf73936e-e4d1-48f9-8b48-f796ddd29468/editions
[20:46:52]     [PICK] [6] score=0.250 author_ok=True | 'mark as owned' | /mark-as-owned-find-a-book?book_id=cf73936e-e4d1-48f9-8b48-f796ddd29468
[20:46:52]     [PICK] [7] score=0.000 author_ok=True | '' | /books/cf73936e-e4d1-48f9-8b48-f796ddd29468
[20:46:52]     [PICK] [10] Parent text: 'Ruthless Mafia Boss: Luca and Lexis'
[20:46:52]     [PICK] [10] Found 2 author links on page
[20:46:52]     [PICK] [10] ✓ Author 'parks' found in link: 'Posey Parks'
[20:46:52]     [PICK] [10] score=1.000 author_ok=True | 'Ruthless Mafia Boss: Luca and Lexis' | /books/cf73936e-e4d1-48f9-8b48-f796ddd29468
[20:46:53]     [PICK] [12] score=0.214 author_ok=True | '1 edition' | /books/cf73936e-e4d1-48f9-8b48-f796ddd29468/editions
[20:46:53]     [PICK] [13] score=0.250 author_ok=True | 'mark as owned' | /mark-as-owned-find-a-book?book_id=cf73936e-e4d1-48f9-8b48-f796ddd29468
[20:46:53]     [PICK] Selector 'a:has-text("Ruthless Mafia Boss: Luca and ")': 2 candidates found
[20:46:53]     [PICK] [0] Parent text: 'Ruthless Mafia Boss: Luca and Lexis\n\nPosey Parks'
[20:46:53]     [PICK] [0] ✓ Author 'parks' found in parent
[20:46:53]     [PICK] [0] score=1.000 author_ok=True | 'Ruthless Mafia Boss: Luca and Lexis' | /books/cf73936e-e4d1-48f9-8b48-f796ddd29468
[20:46:53]     [PICK] [1] Parent text: 'Ruthless Mafia Boss: Luca and Lexis'
[20:46:53]     [PICK] [1] Found 2 author links on page
[20:46:53]     [PICK] [1] ✓ Author 'parks' found in link: 'Posey Parks'
[20:46:53]     [PICK] [1] score=1.000 author_ok=True | 'Ruthless Mafia Boss: Luca and Lexis' | /books/cf73936e-e4d1-48f9-8b48-f796ddd29468
[20:46:53]     [PICK] Found 32 total candidates
[20:46:53]     [PICK] Top candidates:
[20:46:53]     [PICK]   1. score=1.000 author_ok=True | 'Ruthless Mafia Boss: Luca and Lexis'
[20:46:53]     [PICK]   2. score=1.000 author_ok=True | 'Ruthless Mafia Boss: Luca and Lexis'
[20:46:53]     [PICK]   3. score=1.000 author_ok=True | 'Ruthless Mafia Boss: Luca and Lexis'
[20:46:53]     [PICK]   4. score=1.000 author_ok=True | 'Ruthless Mafia Boss: Luca and Lexis'
[20:46:53]     [PICK]   5. score=1.000 author_ok=True | 'Ruthless Mafia Boss: Luca and Lexis'
[20:46:53]     [PICK] ✓ Best match (score=1.000): 'Ruthless Mafia Boss: Luca and Lexis'
[20:46:53]     [PICK] Clicking: /books/cf73936e-e4d1-48f9-8b48-f796ddd29468
[20:46:55]     [PICK] ✓ Landed on: https://app.thestorygraph.com/books/cf73936e-e4d1-48f9-8b48-f796ddd29468
[20:46:55]     [PROCESS] Processing book page: https://app.thestorygraph.com/books/cf73936e-e4d1-48f9-8b48-f796ddd29468
[20:46:55]     [TO-READ] Not marked yet (will click button)
[20:46:55]     [TO-READ] Clicking button (found: button.read-status-button[title="Add to your To-Read Pile"])
[20:46:57]     [OWNED] Not owned yet (will click mark as owned)
[20:46:57]     [OWNED] Clicking Mark as Owned (found: a.mark-as-owned-link[title="Mark as owned"])
[20:46:58]  -> Added: Clicked To Read | Clicked Mark as Owned | SG Owned: Marked Owned
[20:47:05] 
============================================================
[20:47:05] [43/418] Missing in Action (Task Force 779 Book 1) | KL Donn, KA Matthews  (owned=YES)
[20:47:05] ============================================================
[20:47:05]     [PROCESS] Trying 3 queries: ['B07PGQHV8Y', 'Missing in Action (Task Force 779 Book 1) KL Donn, KA Matthews', 'Missing in Action (Task Force 779 Book 1)']
[20:47:05]     [PROCESS] Query 1/3: 'B07PGQHV8Y'
[20:47:05]     [SEARCH] Searching for: 'B07PGQHV8Y'
[20:47:12]     [SEARCH] Search submitted, landed on: https://app.thestorygraph.com/browse?search_term=B07PGQHV8Y
[20:47:12]     [PICK] Looking for: title='Missing in Action (Task Force 779 Book 1)', author='KL Donn, KA Matthews'
[20:47:12]     [PICK] Author last names to match: ['donn', 'matthews']
[20:47:12]     [PICK] Current URL: https://app.thestorygraph.com/browse?search_term=B07PGQHV8Y
[20:47:12]     [PICK] Selector 'a[href*="/books/"]': 1 candidates found
[20:47:12]     [PICK] [0] score=0.192 author_ok=True | 'manually add a book to our database' | /books/new
[20:47:12]     [PICK] Selector 'main a[href*="/books/"]': 1 candidates found
[20:47:12]     [PICK] [0] score=0.192 author_ok=True | 'manually add a book to our database' | /books/new
[20:47:12]     [PICK] Selector '.book-pane a': 0 candidates found
[20:47:12]     [PICK] Selector '[class*="book"] a': 0 candidates found
[20:47:12]     [PICK] Selector 'a:has-text("Missing in Action (Task Force ")': 0 candidates found
[20:47:12]     [PICK] Found 2 total candidates
[20:47:12]     [PICK] Top candidates:
[20:47:12]     [PICK]   1. score=0.192 author_ok=True | 'manually add a book to our database'
[20:47:12]     [PICK]   2. score=0.192 author_ok=True | 'manually add a book to our database'
[20:47:12]     [PICK] ✗ No match >= 0.6 found
[20:47:12]     [PICK] Threshold: 0.6, Best score found: 0.000
[20:47:12]     [PROCESS] No result matched, trying next query
[20:47:12]     [PROCESS] Query 2/3: 'Missing in Action (Task Force 779 Book 1) KL Donn, KA Matthews'
[20:47:12]     [SEARCH] Searching for: 'Missing in Action (Task Force 779 Book 1) KL Donn, KA Matthews'
[20:47:17]     [SEARCH] Search submitted, landed on: https://app.thestorygraph.com/browse?search_term=Missing%20in%20Action%20(Task%20Force%20779%20Book%201)%20KL%20Donn,%20KA%20Matthews
[20:47:17]     [PICK] Looking for: title='Missing in Action (Task Force 779 Book 1)', author='KL Donn, KA Matthews'
[20:47:17]     [PICK] Author last names to match: ['donn', 'matthews']
[20:47:17]     [PICK] Current URL: https://app.thestorygraph.com/browse?search_term=Missing%20in%20Action%20(Task%20Force%20779%20Book%201)%20KL%20Donn,%20KA%20Matthews
[20:47:17]     [PICK] Selector 'a[href*="/books/"]': 1 candidates found
[20:47:17]     [PICK] [0] score=0.192 author_ok=True | 'manually add a book to our database' | /books/new
[20:47:17]     [PICK] Selector 'main a[href*="/books/"]': 1 candidates found
[20:47:17]     [PICK] [0] score=0.192 author_ok=True | 'manually add a book to our database' | /books/new
[20:47:17]     [PICK] Selector '.book-pane a': 0 candidates found
[20:47:17]     [PICK] Selector '[class*="book"] a': 0 candidates found
[20:47:17]     [PICK] Selector 'a:has-text("Missing in Action (Task Force ")': 0 candidates found
[20:47:17]     [PICK] Found 2 total candidates
[20:47:17]     [PICK] Top candidates:
[20:47:17]     [PICK]   1. score=0.192 author_ok=True | 'manually add a book to our database'
[20:47:17]     [PICK]   2. score=0.192 author_ok=True | 'manually add a book to our database'
[20:47:17]     [PICK] ✗ No match >= 0.6 found
[20:47:17]     [PICK] Threshold: 0.6, Best score found: 0.000
[20:47:17]     [PROCESS] No result matched, trying next query
[20:47:17]     [PROCESS] Query 3/3: 'Missing in Action (Task Force 779 Book 1)'
[20:47:17]     [SEARCH] Searching for: 'Missing in Action (Task Force 779 Book 1)'
[20:47:23]     [SEARCH] Search submitted, landed on: https://app.thestorygraph.com/browse?search_term=Missing%20in%20Action%20(Task%20Force%20779%20Book%201)
[20:47:23]     [PICK] Looking for: title='Missing in Action (Task Force 779 Book 1)', author='KL Donn, KA Matthews'
[20:47:23]     [PICK] Author last names to match: ['donn', 'matthews']
[20:47:23]     [PICK] Current URL: https://app.thestorygraph.com/browse?search_term=Missing%20in%20Action%20(Task%20Force%20779%20Book%201)
[20:47:23]     [PICK] Selector 'a[href*="/books/"]': 1 candidates found
[20:47:23]     [PICK] [0] score=0.192 author_ok=True | 'manually add a book to our database' | /books/new
[20:47:23]     [PICK] Selector 'main a[href*="/books/"]': 1 candidates found
[20:47:23]     [PICK] [0] score=0.192 author_ok=True | 'manually add a book to our database' | /books/new
[20:47:23]     [PICK] Selector '.book-pane a': 0 candidates found
[20:47:23]     [PICK] Selector '[class*="book"] a': 0 candidates found
[20:47:23]     [PICK] Selector 'a:has-text("Missing in Action (Task Force ")': 0 candidates found
[20:47:23]     [PICK] Found 2 total candidates
[20:47:23]     [PICK] Top candidates:
[20:47:23]     [PICK]   1. score=0.192 author_ok=True | 'manually add a book to our database'
[20:47:23]     [PICK]   2. score=0.192 author_ok=True | 'manually add a book to our database'
[20:47:23]     [PICK] ✗ No match >= 0.6 found
[20:47:23]     [PICK] Threshold: 0.6, Best score found: 0.000
[20:47:23]     [PROCESS] No result matched, trying next query
[20:47:23]     [PROCESS] ✗ Not found after 3 queries
[20:47:23]  -> Not Found: No matching StoryGraph result after trying all queries
[20:47:29] 
============================================================
[20:47:29] [44/418] Claiming Her SEAL (ASSIGNMENT: Caribbean Nights Book 1) | Kat Cantrell  (owned=YES)
[20:47:29] ============================================================
[20:47:29]     [PROCESS] Trying 4 queries: ['B01BU7PHA4', 'Claiming Her SEAL (ASSIGNMENT: Caribbean Nights Book 1) Kat Cantrell', 'Claiming Her SEAL (ASSIGNMENT Kat Cantrell', 'Claiming Her SEAL (ASSIGNMENT: Caribbean Nights Book 1)']
[20:47:29]     [PROCESS] Query 1/4: 'B01BU7PHA4'
[20:47:29]     [SEARCH] Searching for: 'B01BU7PHA4'
[20:47:35]     [SEARCH] Search submitted, landed on: https://app.thestorygraph.com/browse?search_term=B01BU7PHA4
[20:47:35]     [PICK] Looking for: title='Claiming Her SEAL (ASSIGNMENT: Caribbean Nights Book 1)', author='Kat Cantrell'
[20:47:35]     [PICK] Author last names to match: ['cantrell']
[20:47:35]     [PICK] Current URL: https://app.thestorygraph.com/browse?search_term=B01BU7PHA4
[20:47:35]     [PICK] Selector 'a[href*="/books/"]': 1 candidates found
[20:47:35]     [PICK] [0] score=0.154 author_ok=True | 'manually add a book to our database' | /books/new
[20:47:35]     [PICK] Selector 'main a[href*="/books/"]': 1 candidates found
[20:47:35]     [PICK] [0] score=0.154 author_ok=True | 'manually add a book to our database' | /books/new
[20:47:35]     [PICK] Selector '.book-pane a': 0 candidates found
[20:47:35]     [PICK] Selector '[class*="book"] a': 0 candidates found
[20:47:35]     [PICK] Selector 'a:has-text("Claiming Her SEAL (ASSIGNMENT:")': 0 candidates found
[20:47:35]     [PICK] Found 2 total candidates
[20:47:35]     [PICK] Top candidates:
[20:47:35]     [PICK]   1. score=0.154 author_ok=True | 'manually add a book to our database'
[20:47:35]     [PICK]   2. score=0.154 author_ok=True | 'manually add a book to our database'
[20:47:35]     [PICK] ✗ No match >= 0.6 found
[20:47:35]     [PICK] Threshold: 0.6, Best score found: 0.000
[20:47:35]     [PROCESS] No result matched, trying next query
[20:47:35]     [PROCESS] Query 2/4: 'Claiming Her SEAL (ASSIGNMENT: Caribbean Nights Book 1) Kat Cantrell'
[20:47:35]     [SEARCH] Searching for: 'Claiming Her SEAL (ASSIGNMENT: Caribbean Nights Book 1) Kat Cantrell'
[20:47:41]     [SEARCH] Search submitted, landed on: https://app.thestorygraph.com/browse?search_term=Claiming%20Her%20SEAL%20(ASSIGNMENT:%20Caribbean%20Nights%20Book%201)%20Kat%20Cantrell
[20:47:41]     [PICK] Looking for: title='Claiming Her SEAL (ASSIGNMENT: Caribbean Nights Book 1)', author='Kat Cantrell'
[20:47:41]     [PICK] Author last names to match: ['cantrell']
[20:47:41]     [PICK] Current URL: https://app.thestorygraph.com/browse?search_term=Claiming%20Her%20SEAL%20(ASSIGNMENT:%20Caribbean%20Nights%20Book%201)%20Kat%20Cantrell
[20:47:41]     [PICK] Selector 'a[href*="/books/"]': 1 candidates found
[20:47:41]     [PICK] [0] score=0.154 author_ok=True | 'manually add a book to our database' | /books/new
[20:47:41]     [PICK] Selector 'main a[href*="/books/"]': 1 candidates found
[20:47:42]     [PICK] [0] score=0.154 author_ok=True | 'manually add a book to our database' | /books/new
[20:47:42]     [PICK] Selector '.book-pane a': 0 candidates found
[20:47:42]     [PICK] Selector '[class*="book"] a': 0 candidates found
[20:47:42]     [PICK] Selector 'a:has-text("Claiming Her SEAL (ASSIGNMENT:")': 0 candidates found
[20:47:42]     [PICK] Found 2 total candidates
[20:47:42]     [PICK] Top candidates:
[20:47:42]     [PICK]   1. score=0.154 author_ok=True | 'manually add a book to our database'
[20:47:42]     [PICK]   2. score=0.154 author_ok=True | 'manually add a book to our database'
[20:47:42]     [PICK] ✗ No match >= 0.6 found
[20:47:42]     [PICK] Threshold: 0.6, Best score found: 0.000
[20:47:42]     [PROCESS] No result matched, trying next query
[20:47:42]     [PROCESS] Query 3/4: 'Claiming Her SEAL (ASSIGNMENT Kat Cantrell'
[20:47:42]     [SEARCH] Searching for: 'Claiming Her SEAL (ASSIGNMENT Kat Cantrell'
[20:47:48]     [SEARCH] Search submitted, landed on: https://app.thestorygraph.com/browse?search_term=Claiming%20Her%20SEAL%20(ASSIGNMENT%20Kat%20Cantrell
[20:47:48]     [PICK] Looking for: title='Claiming Her SEAL (ASSIGNMENT: Caribbean Nights Book 1)', author='Kat Cantrell'
[20:47:48]     [PICK] Author last names to match: ['cantrell']
[20:47:48]     [PICK] Current URL: https://app.thestorygraph.com/browse?search_term=Claiming%20Her%20SEAL%20(ASSIGNMENT%20Kat%20Cantrell
[20:47:48]     [PICK] Selector 'a[href*="/books/"]': 1 candidates found
[20:47:48]     [PICK] [0] score=0.154 author_ok=True | 'manually add a book to our database' | /books/new
[20:47:48]     [PICK] Selector 'main a[href*="/books/"]': 1 candidates found
[20:47:48]     [PICK] [0] score=0.154 author_ok=True | 'manually add a book to our database' | /books/new
[20:47:48]     [PICK] Selector '.book-pane a': 0 candidates found
[20:47:48]     [PICK] Selector '[class*="book"] a': 0 candidates found
[20:47:48]     [PICK] Selector 'a:has-text("Claiming Her SEAL (ASSIGNMENT:")': 0 candidates found
[20:47:48]     [PICK] Found 2 total candidates
[20:47:48]     [PICK] Top candidates:
[20:47:48]     [PICK]   1. score=0.154 author_ok=True | 'manually add a book to our database'
[20:47:48]     [PICK]   2. score=0.154 author_ok=True | 'manually add a book to our database'
[20:47:48]     [PICK] ✗ No match >= 0.6 found
[20:47:48]     [PICK] Threshold: 0.6, Best score found: 0.000
[20:47:48]     [PROCESS] No result matched, trying next query
[20:47:48]     [PROCESS] Query 4/4: 'Claiming Her SEAL (ASSIGNMENT: Caribbean Nights Book 1)'
[20:47:48]     [SEARCH] Searching for: 'Claiming Her SEAL (ASSIGNMENT: Caribbean Nights Book 1)'
[20:47:54]     [SEARCH] Search submitted, landed on: https://app.thestorygraph.com/browse?search_term=Claiming%20Her%20SEAL%20(ASSIGNMENT:%20Caribbean%20Nights%20Book%201)
[20:47:54]     [PICK] Looking for: title='Claiming Her SEAL (ASSIGNMENT: Caribbean Nights Book 1)', author='Kat Cantrell'
[20:47:54]     [PICK] Author last names to match: ['cantrell']
[20:47:54]     [PICK] Current URL: https://app.thestorygraph.com/browse?search_term=Claiming%20Her%20SEAL%20(ASSIGNMENT:%20Caribbean%20Nights%20Book%201)
[20:47:54]     [PICK] Selector 'a[href*="/books/"]': 1 candidates found
[20:47:54]     [PICK] [0] score=0.154 author_ok=True | 'manually add a book to our database' | /books/new
[20:47:54]     [PICK] Selector 'main a[href*="/books/"]': 1 candidates found
[20:47:54]     [PICK] [0] score=0.154 author_ok=True | 'manually add a book to our database' | /books/new
[20:47:54]     [PICK] Selector '.book-pane a': 0 candidates found
[20:47:54]     [PICK] Selector '[class*="book"] a': 0 candidates found
[20:47:54]     [PICK] Selector 'a:has-text("Claiming Her SEAL (ASSIGNMENT:")': 0 candidates found
[20:47:54]     [PICK] Found 2 total candidates
[20:47:54]     [PICK] Top candidates:
[20:47:54]     [PICK]   1. score=0.154 author_ok=True | 'manually add a book to our database'
[20:47:54]     [PICK]   2. score=0.154 author_ok=True | 'manually add a book to our database'
[20:47:54]     [PICK] ✗ No match >= 0.6 found
[20:47:54]     [PICK] Threshold: 0.6, Best score found: 0.000
[20:47:54]     [PROCESS] No result matched, trying next query
[20:47:54]     [PROCESS] ✗ Not found after 4 queries
[20:47:54]  -> Not Found: No matching StoryGraph result after trying all queries
[20:48:00] 
============================================================
[20:48:00] [45/418] The Highlander's Stolen Touch (The MacLerie Clan Book 5) | Terri Brisbin  (owned=YES)
[20:48:00] ============================================================
[20:48:00]     [PROCESS] Trying 3 queries: ['B0088NH1CQ', "The Highlander's Stolen Touch (The MacLerie Clan Book 5) Terri Brisbin", "The Highlander's Stolen Touch (The MacLerie Clan Book 5)"]
[20:48:00]     [PROCESS] Query 1/3: 'B0088NH1CQ'
[20:48:00]     [SEARCH] Searching for: 'B0088NH1CQ'
[20:48:07]     [SEARCH] Search submitted, landed on: https://app.thestorygraph.com/browse?search_term=B0088NH1CQ
[20:48:07]     [PICK] Looking for: title="The Highlander's Stolen Touch (The MacLerie Clan Book 5)", author='Terri Brisbin'
[20:48:07]     [PICK] Author last names to match: ['brisbin']
[20:48:07]     [PICK] Current URL: https://app.thestorygraph.com/browse?search_term=B0088NH1CQ
[20:48:07]     [PICK] Selector 'a[href*="/books/"]': 1 candidates found
[20:48:07]     [PICK] [0] score=0.219 author_ok=True | 'manually add a book to our database' | /books/new
[20:48:07]     [PICK] Selector 'main a[href*="/books/"]': 1 candidates found
[20:48:07]     [PICK] [0] score=0.219 author_ok=True | 'manually add a book to our database' | /books/new
[20:48:07]     [PICK] Selector '.book-pane a': 0 candidates found
[20:48:07]     [PICK] Selector '[class*="book"] a': 0 candidates found
[20:48:07]     [PICK] Selector 'a:has-text("The Highlander's Stolen Touch ")': 0 candidates found
[20:48:07]     [PICK] Found 2 total candidates
[20:48:07]     [PICK] Top candidates:
[20:48:07]     [PICK]   1. score=0.219 author_ok=True | 'manually add a book to our database'
[20:48:07]     [PICK]   2. score=0.219 author_ok=True | 'manually add a book to our database'
[20:48:07]     [PICK] ✗ No match >= 0.6 found
[20:48:07]     [PICK] Threshold: 0.6, Best score found: 0.000
[20:48:07]     [PROCESS] No result matched, trying next query
[20:48:07]     [PROCESS] Query 2/3: "The Highlander's Stolen Touch (The MacLerie Clan Book 5) Terri Brisbin"
[20:48:07]     [SEARCH] Searching for: "The Highlander's Stolen Touch (The MacLerie Clan Book 5) Terri Brisbin"
[20:48:13]     [SEARCH] Search submitted, landed on: https://app.thestorygraph.com/browse?search_term=The%20Highlander%27s%20Stolen%20Touch%20(The%20MacLerie%20Clan%20Book%205)%20Terri%20Brisbin
[20:48:13]     [PICK] Looking for: title="The Highlander's Stolen Touch (The MacLerie Clan Book 5)", author='Terri Brisbin'
[20:48:13]     [PICK] Author last names to match: ['brisbin']
[20:48:13]     [PICK] Current URL: https://app.thestorygraph.com/browse?search_term=The%20Highlander%27s%20Stolen%20Touch%20(The%20MacLerie%20Clan%20Book%205)%20Terri%20Brisbin
[20:48:13]     [PICK] Selector 'a[href*="/books/"]': 1 candidates found
[20:48:13]     [PICK] [0] score=0.219 author_ok=True | 'manually add a book to our database' | /books/new
[20:48:13]     [PICK] Selector 'main a[href*="/books/"]': 1 candidates found
[20:48:13]     [PICK] [0] score=0.219 author_ok=True | 'manually add a book to our database' | /books/new
[20:48:13]     [PICK] Selector '.book-pane a': 0 candidates found
[20:48:13]     [PICK] Selector '[class*="book"] a': 0 candidates found
[20:48:13]     [PICK] Selector 'a:has-text("The Highlander's Stolen Touch ")': 0 candidates found
[20:48:13]     [PICK] Found 2 total candidates
[20:48:13]     [PICK] Top candidates:
[20:48:13]     [PICK]   1. score=0.219 author_ok=True | 'manually add a book to our database'
[20:48:13]     [PICK]   2. score=0.219 author_ok=True | 'manually add a book to our database'
[20:48:13]     [PICK] ✗ No match >= 0.6 found
[20:48:13]     [PICK] Threshold: 0.6, Best score found: 0.000
[20:48:13]     [PROCESS] No result matched, trying next query
[20:48:13]     [PROCESS] Query 3/3: "The Highlander's Stolen Touch (The MacLerie Clan Book 5)"
[20:48:13]     [SEARCH] Searching for: "The Highlander's Stolen Touch (The MacLerie Clan Book 5)"
[20:48:19]     [SEARCH] Search submitted, landed on: https://app.thestorygraph.com/browse?search_term=The%20Highlander%27s%20Stolen%20Touch%20(The%20MacLerie%20Clan%20Book%205)
[20:48:19]     [PICK] Looking for: title="The Highlander's Stolen Touch (The MacLerie Clan Book 5)", author='Terri Brisbin'
[20:48:19]     [PICK] Author last names to match: ['brisbin']
[20:48:19]     [PICK] Current URL: https://app.thestorygraph.com/browse?search_term=The%20Highlander%27s%20Stolen%20Touch%20(The%20MacLerie%20Clan%20Book%205)
[20:48:19]     [PICK] Selector 'a[href*="/books/"]': 1 candidates found
[20:48:20]     [PICK] [0] score=0.219 author_ok=True | 'manually add a book to our database' | /books/new
[20:48:20]     [PICK] Selector 'main a[href*="/books/"]': 1 candidates found
[20:48:20]     [PICK] [0] score=0.219 author_ok=True | 'manually add a book to our database' | /books/new
[20:48:20]     [PICK] Selector '.book-pane a': 0 candidates found
[20:48:20]     [PICK] Selector '[class*="book"] a': 0 candidates found
[20:48:20]     [PICK] Selector 'a:has-text("The Highlander's Stolen Touch ")': 0 candidates found
[20:48:20]     [PICK] Found 2 total candidates
[20:48:20]     [PICK] Top candidates:
[20:48:20]     [PICK]   1. score=0.219 author_ok=True | 'manually add a book to our database'
[20:48:20]     [PICK]   2. score=0.219 author_ok=True | 'manually add a book to our database'
[20:48:20]     [PICK] ✗ No match >= 0.6 found
[20:48:20]     [PICK] Threshold: 0.6, Best score found: 0.000
[20:48:20]     [PROCESS] No result matched, trying next query
[20:48:20]     [PROCESS] ✗ Not found after 3 queries
[20:48:20]  -> Not Found: No matching StoryGraph result after trying all queries
[20:48:29] 
============================================================
[20:48:29] [46/418] Demons and Roses (The Eternal Brides Series Book 1) | Beka Westrup  (owned=YES)
[20:48:29] ============================================================
[20:48:29]     [PROCESS] Trying 3 queries: ['B0C1HKSQYW', 'Demons and Roses (The Eternal Brides Series Book 1) Beka Westrup', 'Demons and Roses (The Eternal Brides Series Book 1)']
[20:48:29]     [PROCESS] Query 1/3: 'B0C1HKSQYW'
[20:48:29]     [SEARCH] Searching for: 'B0C1HKSQYW'
[20:48:35]     [SEARCH] Search submitted, landed on: https://app.thestorygraph.com/browse?search_term=B0C1HKSQYW
[20:48:35]     [PICK] Looking for: title='Demons and Roses (The Eternal Brides Series Book 1)', author='Beka Westrup'
[20:48:35]     [PICK] Author last names to match: ['westrup']
[20:48:35]     [PICK] Current URL: https://app.thestorygraph.com/browse?search_term=B0C1HKSQYW
[20:48:35]     [PICK] Selector 'a[href*="/books/"]': 1 candidates found
[20:48:35]     [PICK] [0] score=0.314 author_ok=True | 'manually add a book to our database' | /books/new
[20:48:35]     [PICK] Selector 'main a[href*="/books/"]': 1 candidates found
[20:48:35]     [PICK] [0] score=0.314 author_ok=True | 'manually add a book to our database' | /books/new
[20:48:35]     [PICK] Selector '.book-pane a': 0 candidates found
[20:48:35]     [PICK] Selector '[class*="book"] a': 0 candidates found
[20:48:35]     [PICK] Selector 'a:has-text("Demons and Roses (The Eternal ")': 0 candidates found
[20:48:35]     [PICK] Found 2 total candidates
[20:48:35]     [PICK] Top candidates:
[20:48:35]     [PICK]   1. score=0.314 author_ok=True | 'manually add a book to our database'
[20:48:35]     [PICK]   2. score=0.314 author_ok=True | 'manually add a book to our database'
[20:48:35]     [PICK] ✗ No match >= 0.6 found
[20:48:35]     [PICK] Threshold: 0.6, Best score found: 0.000
[20:48:35]     [PROCESS] No result matched, trying next query
[20:48:35]     [PROCESS] Query 2/3: 'Demons and Roses (The Eternal Brides Series Book 1) Beka Westrup'
[20:48:35]     [SEARCH] Searching for: 'Demons and Roses (The Eternal Brides Series Book 1) Beka Westrup'
[20:48:41]     [SEARCH] Search submitted, landed on: https://app.thestorygraph.com/browse?search_term=Demons%20and%20Roses%20(The%20Eternal%20Brides%20Series%20Book%201)%20Beka%20Westrup
[20:48:41]     [PICK] Looking for: title='Demons and Roses (The Eternal Brides Series Book 1)', author='Beka Westrup'
[20:48:41]     [PICK] Author last names to match: ['westrup']
[20:48:41]     [PICK] Current URL: https://app.thestorygraph.com/browse?search_term=Demons%20and%20Roses%20(The%20Eternal%20Brides%20Series%20Book%201)%20Beka%20Westrup
[20:48:41]     [PICK] Selector 'a[href*="/books/"]': 1 candidates found
[20:48:41]     [PICK] [0] score=0.314 author_ok=True | 'manually add a book to our database' | /books/new
[20:48:41]     [PICK] Selector 'main a[href*="/books/"]': 1 candidates found
[20:48:41]     [PICK] [0] score=0.314 author_ok=True | 'manually add a book to our database' | /books/new
[20:48:41]     [PICK] Selector '.book-pane a': 0 candidates found
[20:48:41]     [PICK] Selector '[class*="book"] a': 0 candidates found
[20:48:41]     [PICK] Selector 'a:has-text("Demons and Roses (The Eternal ")': 0 candidates found
[20:48:41]     [PICK] Found 2 total candidates
[20:48:41]     [PICK] Top candidates:
[20:48:41]     [PICK]   1. score=0.314 author_ok=True | 'manually add a book to our database'
[20:48:41]     [PICK]   2. score=0.314 author_ok=True | 'manually add a book to our database'
[20:48:41]     [PICK] ✗ No match >= 0.6 found
[20:48:41]     [PICK] Threshold: 0.6, Best score found: 0.000
[20:48:41]     [PROCESS] No result matched, trying next query
[20:48:41]     [PROCESS] Query 3/3: 'Demons and Roses (The Eternal Brides Series Book 1)'
[20:48:41]     [SEARCH] Searching for: 'Demons and Roses (The Eternal Brides Series Book 1)'
[20:48:46]     [SEARCH] Search submitted, landed on: https://app.thestorygraph.com/browse?search_term=Demons%20and%20Roses%20(The%20Eternal%20Brides%20Series%20Book%201)
[20:48:46]     [PICK] Looking for: title='Demons and Roses (The Eternal Brides Series Book 1)', author='Beka Westrup'
[20:48:46]     [PICK] Author last names to match: ['westrup']
[20:48:46]     [PICK] Current URL: https://app.thestorygraph.com/browse?search_term=Demons%20and%20Roses%20(The%20Eternal%20Brides%20Series%20Book%201)
[20:48:46]     [PICK] Selector 'a[href*="/books/"]': 1 candidates found
[20:48:46]     [PICK] [0] score=0.314 author_ok=True | 'manually add a book to our database' | /books/new
[20:48:46]     [PICK] Selector 'main a[href*="/books/"]': 1 candidates found
[20:48:46]     [PICK] [0] score=0.314 author_ok=True | 'manually add a book to our database' | /books/new
[20:48:46]     [PICK] Selector '.book-pane a': 0 candidates found
[20:48:46]     [PICK] Selector '[class*="book"] a': 0 candidates found
[20:48:46]     [PICK] Selector 'a:has-text("Demons and Roses (The Eternal ")': 0 candidates found
[20:48:46]     [PICK] Found 2 total candidates
[20:48:46]     [PICK] Top candidates:
[20:48:46]     [PICK]   1. score=0.314 author_ok=True | 'manually add a book to our database'
[20:48:46]     [PICK]   2. score=0.314 author_ok=True | 'manually add a book to our database'
[20:48:46]     [PICK] ✗ No match >= 0.6 found
[20:48:46]     [PICK] Threshold: 0.6, Best score found: 0.000
[20:48:46]     [PROCESS] No result matched, trying next query
[20:48:46]     [PROCESS] ✗ Not found after 3 queries
[20:48:46]  -> Not Found: No matching StoryGraph result after trying all queries
[20:48:53] 
============================================================
[20:48:53] [47/418] When an Earl Turns Wicked (Bluestockings Defying Rogues Book 1) | Dawn Brower  (owned=YES)
[20:48:53] ============================================================
[20:48:53]     [PROCESS] Trying 3 queries: ['B078MTF896', 'When an Earl Turns Wicked (Bluestockings Defying Rogues Book 1) Dawn Brower', 'When an Earl Turns Wicked (Bluestockings Defying Rogues Book 1)']
[20:48:53]     [PROCESS] Query 1/3: 'B078MTF896'
[20:48:53]     [SEARCH] Searching for: 'B078MTF896'
[20:48:59]     [SEARCH] Search submitted, landed on: https://app.thestorygraph.com/browse?search_term=B078MTF896
[20:48:59]     [PICK] Looking for: title='When an Earl Turns Wicked (Bluestockings Defying Rogues Book 1)', author='Dawn Brower'
[20:48:59]     [PICK] Author last names to match: ['brower']
[20:48:59]     [PICK] Current URL: https://app.thestorygraph.com/browse?search_term=B078MTF896
[20:48:59]     [PICK] Selector 'a[href*="/books/"]': 1 candidates found
[20:48:59]     [PICK] [0] score=0.333 author_ok=True | 'manually add a book to our database' | /books/new
[20:48:59]     [PICK] Selector 'main a[href*="/books/"]': 1 candidates found
[20:48:59]     [PICK] [0] score=0.333 author_ok=True | 'manually add a book to our database' | /books/new
[20:48:59]     [PICK] Selector '.book-pane a': 0 candidates found
[20:48:59]     [PICK] Selector '[class*="book"] a': 0 candidates found
[20:48:59]     [PICK] Selector 'a:has-text("When an Earl Turns Wicked (Blu")': 0 candidates found
[20:48:59]     [PICK] Found 2 total candidates
[20:48:59]     [PICK] Top candidates:
[20:48:59]     [PICK]   1. score=0.333 author_ok=True | 'manually add a book to our database'
[20:48:59]     [PICK]   2. score=0.333 author_ok=True | 'manually add a book to our database'
[20:48:59]     [PICK] ✗ No match >= 0.6 found
[20:48:59]     [PICK] Threshold: 0.6, Best score found: 0.000
[20:48:59]     [PROCESS] No result matched, trying next query
[20:48:59]     [PROCESS] Query 2/3: 'When an Earl Turns Wicked (Bluestockings Defying Rogues Book 1) Dawn Brower'
[20:48:59]     [SEARCH] Searching for: 'When an Earl Turns Wicked (Bluestockings Defying Rogues Book 1) Dawn Brower'
[20:49:05]     [SEARCH] Search submitted, landed on: https://app.thestorygraph.com/browse?search_term=When%20an%20Earl%20Turns%20Wicked%20(Bluestockings%20Defying%20Rogues%20Book%201)%20Dawn%20Brower
[20:49:05]     [PICK] Looking for: title='When an Earl Turns Wicked (Bluestockings Defying Rogues Book 1)', author='Dawn Brower'
[20:49:05]     [PICK] Author last names to match: ['brower']
[20:49:05]     [PICK] Current URL: https://app.thestorygraph.com/browse?search_term=When%20an%20Earl%20Turns%20Wicked%20(Bluestockings%20Defying%20Rogues%20Book%201)%20Dawn%20Brower
[20:49:05]     [PICK] Selector 'a[href*="/books/"]': 1 candidates found
[20:49:05]     [PICK] [0] score=0.333 author_ok=True | 'manually add a book to our database' | /books/new
[20:49:05]     [PICK] Selector 'main a[href*="/books/"]': 1 candidates found
[20:49:05]     [PICK] [0] score=0.333 author_ok=True | 'manually add a book to our database' | /books/new
[20:49:05]     [PICK] Selector '.book-pane a': 0 candidates found
[20:49:05]     [PICK] Selector '[class*="book"] a': 0 candidates found
[20:49:05]     [PICK] Selector 'a:has-text("When an Earl Turns Wicked (Blu")': 0 candidates found
[20:49:05]     [PICK] Found 2 total candidates
[20:49:05]     [PICK] Top candidates:
[20:49:05]     [PICK]   1. score=0.333 author_ok=True | 'manually add a book to our database'
[20:49:05]     [PICK]   2. score=0.333 author_ok=True | 'manually add a book to our database'
[20:49:05]     [PICK] ✗ No match >= 0.6 found
[20:49:05]     [PICK] Threshold: 0.6, Best score found: 0.000
[20:49:05]     [PROCESS] No result matched, trying next query
[20:49:05]     [PROCESS] Query 3/3: 'When an Earl Turns Wicked (Bluestockings Defying Rogues Book 1)'
[20:49:05]     [SEARCH] Searching for: 'When an Earl Turns Wicked (Bluestockings Defying Rogues Book 1)'
[20:49:10]     [SEARCH] Search submitted, landed on: https://app.thestorygraph.com/browse?search_term=When%20an%20Earl%20Turns%20Wicked%20(Bluestockings%20Defying%20Rogues%20Book%201)
[20:49:10]     [PICK] Looking for: title='When an Earl Turns Wicked (Bluestockings Defying Rogues Book 1)', author='Dawn Brower'
[20:49:10]     [PICK] Author last names to match: ['brower']
[20:49:10]     [PICK] Current URL: https://app.thestorygraph.com/browse?search_term=When%20an%20Earl%20Turns%20Wicked%20(Bluestockings%20Defying%20Rogues%20Book%201)
[20:49:10]     [PICK] Selector 'a[href*="/books/"]': 1 candidates found
[20:49:10]     [PICK] [0] score=0.333 author_ok=True | 'manually add a book to our database' | /books/new
[20:49:10]     [PICK] Selector 'main a[href*="/books/"]': 1 candidates found
[20:49:10]     [PICK] [0] score=0.333 author_ok=True | 'manually add a book to our database' | /books/new
[20:49:10]     [PICK] Selector '.book-pane a': 0 candidates found
[20:49:11]     [PICK] Selector '[class*="book"] a': 0 candidates found
[20:49:11]     [PICK] Selector 'a:has-text("When an Earl Turns Wicked (Blu")': 0 candidates found
[20:49:11]     [PICK] Found 2 total candidates
[20:49:11]     [PICK] Top candidates:
[20:49:11]     [PICK]   1. score=0.333 author_ok=True | 'manually add a book to our database'
[20:49:11]     [PICK]   2. score=0.333 author_ok=True | 'manually add a book to our database'
[20:49:11]     [PICK] ✗ No match >= 0.6 found
[20:49:11]     [PICK] Threshold: 0.6, Best score found: 0.000
[20:49:11]     [PROCESS] No result matched, trying next query
[20:49:11]     [PROCESS] ✗ Not found after 3 queries
[20:49:11]  -> Not Found: No matching StoryGraph result after trying all queries
[20:49:18] 
============================================================
[20:49:18] [48/418] The Governess Gamble (The Duchess Society Book 7) | Tracy Sumner  (owned=YES)
[20:49:18] ============================================================
[20:49:18]     [PROCESS] Trying 3 queries: ['B0BNHZ5QXR', 'The Governess Gamble (The Duchess Society Book 7) Tracy Sumner', 'The Governess Gamble (The Duchess Society Book 7)']
[20:49:18]     [PROCESS] Query 1/3: 'B0BNHZ5QXR'
[20:49:18]     [SEARCH] Searching for: 'B0BNHZ5QXR'
[20:49:24]     [SEARCH] Search submitted, landed on: https://app.thestorygraph.com/browse?search_term=B0BNHZ5QXR
[20:49:24]     [PICK] Looking for: title='The Governess Gamble (The Duchess Society Book 7)', author='Tracy Sumner'
[20:49:24]     [PICK] Author last names to match: ['sumner']
[20:49:24]     [PICK] Current URL: https://app.thestorygraph.com/browse?search_term=B0BNHZ5QXR
[20:49:24]     [PICK] Selector 'a[href*="/books/"]': 1 candidates found
[20:49:24]     [PICK] [0] score=0.109 author_ok=True | 'manually add a book to our database' | /books/new
[20:49:24]     [PICK] Selector 'main a[href*="/books/"]': 1 candidates found
[20:49:24]     [PICK] [0] score=0.109 author_ok=True | 'manually add a book to our database' | /books/new
[20:49:24]     [PICK] Selector '.book-pane a': 0 candidates found
[20:49:24]     [PICK] Selector '[class*="book"] a': 0 candidates found
[20:49:24]     [PICK] Selector 'a:has-text("The Governess Gamble (The Duch")': 0 candidates found
[20:49:24]     [PICK] Found 2 total candidates
[20:49:24]     [PICK] Top candidates:
[20:49:24]     [PICK]   1. score=0.109 author_ok=True | 'manually add a book to our database'
[20:49:24]     [PICK]   2. score=0.109 author_ok=True | 'manually add a book to our database'
[20:49:24]     [PICK] ✗ No match >= 0.6 found
[20:49:24]     [PICK] Threshold: 0.6, Best score found: 0.000
[20:49:24]     [PROCESS] No result matched, trying next query
[20:49:24]     [PROCESS] Query 2/3: 'The Governess Gamble (The Duchess Society Book 7) Tracy Sumner'
[20:49:24]     [SEARCH] Searching for: 'The Governess Gamble (The Duchess Society Book 7) Tracy Sumner'
[20:49:30]     [SEARCH] Search submitted, landed on: https://app.thestorygraph.com/browse?search_term=The%20Governess%20Gamble%20(The%20Duchess%20Society%20Book%207)%20Tracy%20Sumner
[20:49:30]     [PICK] Looking for: title='The Governess Gamble (The Duchess Society Book 7)', author='Tracy Sumner'
[20:49:30]     [PICK] Author last names to match: ['sumner']
[20:49:30]     [PICK] Current URL: https://app.thestorygraph.com/browse?search_term=The%20Governess%20Gamble%20(The%20Duchess%20Society%20Book%207)%20Tracy%20Sumner
[20:49:30]     [PICK] Selector 'a[href*="/books/"]': 1 candidates found
[20:49:30]     [PICK] [0] score=0.109 author_ok=True | 'manually add a book to our database' | /books/new
[20:49:30]     [PICK] Selector 'main a[href*="/books/"]': 1 candidates found
[20:49:30]     [PICK] [0] score=0.109 author_ok=True | 'manually add a book to our database' | /books/new
[20:49:30]     [PICK] Selector '.book-pane a': 0 candidates found
[20:49:30]     [PICK] Selector '[class*="book"] a': 0 candidates found
[20:49:30]     [PICK] Selector 'a:has-text("The Governess Gamble (The Duch")': 0 candidates found
[20:49:30]     [PICK] Found 2 total candidates
[20:49:30]     [PICK] Top candidates:
[20:49:30]     [PICK]   1. score=0.109 author_ok=True | 'manually add a book to our database'
[20:49:30]     [PICK]   2. score=0.109 author_ok=True | 'manually add a book to our database'
[20:49:30]     [PICK] ✗ No match >= 0.6 found
[20:49:30]     [PICK] Threshold: 0.6, Best score found: 0.000
[20:49:30]     [PROCESS] No result matched, trying next query
[20:49:30]     [PROCESS] Query 3/3: 'The Governess Gamble (The Duchess Society Book 7)'
[20:49:30]     [SEARCH] Searching for: 'The Governess Gamble (The Duchess Society Book 7)'
[20:49:36]     [SEARCH] Search submitted, landed on: https://app.thestorygraph.com/browse?search_term=The%20Governess%20Gamble%20(The%20Duchess%20Society%20Book%207)
[20:49:36]     [PICK] Looking for: title='The Governess Gamble (The Duchess Society Book 7)', author='Tracy Sumner'
[20:49:36]     [PICK] Author last names to match: ['sumner']
[20:49:36]     [PICK] Current URL: https://app.thestorygraph.com/browse?search_term=The%20Governess%20Gamble%20(The%20Duchess%20Society%20Book%207)
[20:49:36]     [PICK] Selector 'a[href*="/books/"]': 1 candidates found
[20:49:36]     [PICK] [0] score=0.109 author_ok=True | 'manually add a book to our database' | /books/new
[20:49:36]     [PICK] Selector 'main a[href*="/books/"]': 1 candidates found
[20:49:36]     [PICK] [0] score=0.109 author_ok=True | 'manually add a book to our database' | /books/new
[20:49:36]     [PICK] Selector '.book-pane a': 0 candidates found
[20:49:36]     [PICK] Selector '[class*="book"] a': 0 candidates found
[20:49:36]     [PICK] Selector 'a:has-text("The Governess Gamble (The Duch")': 0 candidates found
[20:49:36]     [PICK] Found 2 total candidates
[20:49:36]     [PICK] Top candidates:
[20:49:36]     [PICK]   1. score=0.109 author_ok=True | 'manually add a book to our database'
[20:49:36]     [PICK]   2. score=0.109 author_ok=True | 'manually add a book to our database'
[20:49:36]     [PICK] ✗ No match >= 0.6 found
[20:49:36]     [PICK] Threshold: 0.6, Best score found: 0.000
[20:49:36]     [PROCESS] No result matched, trying next query
[20:49:36]     [PROCESS] ✗ Not found after 3 queries
[20:49:36]  -> Not Found: No matching StoryGraph result after trying all queries
[20:49:43] 
============================================================
[20:49:43] [49/418] To Tame a Highland Warrior (Highlander Book 2) | Karen Marie Moning  (owned=YES)
[20:49:43] ============================================================
[20:49:43]     [PROCESS] Trying 3 queries: ['B002WJM69A', 'To Tame a Highland Warrior (Highlander Book 2) Karen Marie Moning', 'To Tame a Highland Warrior (Highlander Book 2)']
[20:49:43]     [PROCESS] Query 1/3: 'B002WJM69A'
[20:49:43]     [SEARCH] Searching for: 'B002WJM69A'
[20:49:49]     [SEARCH] Search submitted, landed on: https://app.thestorygraph.com/browse?search_term=B002WJM69A
[20:49:49]     [PICK] Looking for: title='To Tame a Highland Warrior (Highlander Book 2)', author='Karen Marie Moning'
[20:49:49]     [PICK] Author last names to match: ['moning']
[20:49:49]     [PICK] Current URL: https://app.thestorygraph.com/browse?search_term=B002WJM69A
[20:49:49]     [PICK] Selector 'a[href*="/books/"]': 1 candidates found
[20:49:49]     [PICK] [0] score=0.197 author_ok=True | 'manually add a book to our database' | /books/new
[20:49:49]     [PICK] Selector 'main a[href*="/books/"]': 1 candidates found
[20:49:49]     [PICK] [0] score=0.197 author_ok=True | 'manually add a book to our database' | /books/new
[20:49:49]     [PICK] Selector '.book-pane a': 0 candidates found
[20:49:49]     [PICK] Selector '[class*="book"] a': 0 candidates found
[20:49:49]     [PICK] Selector 'a:has-text("To Tame a Highland Warrior (Hi")': 0 candidates found
[20:49:49]     [PICK] Found 2 total candidates
[20:49:49]     [PICK] Top candidates:
[20:49:49]     [PICK]   1. score=0.197 author_ok=True | 'manually add a book to our database'
[20:49:49]     [PICK]   2. score=0.197 author_ok=True | 'manually add a book to our database'
[20:49:49]     [PICK] ✗ No match >= 0.6 found
[20:49:49]     [PICK] Threshold: 0.6, Best score found: 0.000
[20:49:49]     [PROCESS] No result matched, trying next query
[20:49:49]     [PROCESS] Query 2/3: 'To Tame a Highland Warrior (Highlander Book 2) Karen Marie Moning'
[20:49:49]     [SEARCH] Searching for: 'To Tame a Highland Warrior (Highlander Book 2) Karen Marie Moning'
[20:49:55]     [SEARCH] Search submitted, landed on: https://app.thestorygraph.com/browse?search_term=To%20Tame%20a%20Highland%20Warrior%20(Highlander%20Book%202)%20Karen%20Marie%20Moning
[20:49:55]     [PICK] Looking for: title='To Tame a Highland Warrior (Highlander Book 2)', author='Karen Marie Moning'
[20:49:55]     [PICK] Author last names to match: ['moning']
[20:49:55]     [PICK] Current URL: https://app.thestorygraph.com/browse?search_term=To%20Tame%20a%20Highland%20Warrior%20(Highlander%20Book%202)%20Karen%20Marie%20Moning
[20:49:55]     [PICK] Selector 'a[href*="/books/"]': 1 candidates found
[20:49:55]     [PICK] [0] score=0.197 author_ok=True | 'manually add a book to our database' | /books/new
[20:49:55]     [PICK] Selector 'main a[href*="/books/"]': 1 candidates found
[20:49:55]     [PICK] [0] score=0.197 author_ok=True | 'manually add a book to our database' | /books/new
[20:49:55]     [PICK] Selector '.book-pane a': 0 candidates found
[20:49:55]     [PICK] Selector '[class*="book"] a': 0 candidates found
[20:49:55]     [PICK] Selector 'a:has-text("To Tame a Highland Warrior (Hi")': 0 candidates found
[20:49:55]     [PICK] Found 2 total candidates
[20:49:55]     [PICK] Top candidates:
[20:49:55]     [PICK]   1. score=0.197 author_ok=True | 'manually add a book to our database'
[20:49:55]     [PICK]   2. score=0.197 author_ok=True | 'manually add a book to our database'
[20:49:55]     [PICK] ✗ No match >= 0.6 found
[20:49:55]     [PICK] Threshold: 0.6, Best score found: 0.000
[20:49:55]     [PROCESS] No result matched, trying next query
[20:49:55]     [PROCESS] Query 3/3: 'To Tame a Highland Warrior (Highlander Book 2)'
[20:49:55]     [SEARCH] Searching for: 'To Tame a Highland Warrior (Highlander Book 2)'
[20:50:01]     [SEARCH] Search submitted, landed on: https://app.thestorygraph.com/browse?search_term=To%20Tame%20a%20Highland%20Warrior%20(Highlander%20Book%202)
[20:50:01]     [PICK] Looking for: title='To Tame a Highland Warrior (Highlander Book 2)', author='Karen Marie Moning'
[20:50:01]     [PICK] Author last names to match: ['moning']
[20:50:01]     [PICK] Current URL: https://app.thestorygraph.com/browse?search_term=To%20Tame%20a%20Highland%20Warrior%20(Highlander%20Book%202)
[20:50:01]     [PICK] Selector 'a[href*="/books/"]': 1 candidates found
[20:50:01]     [PICK] [0] score=0.197 author_ok=True | 'manually add a book to our database' | /books/new
[20:50:01]     [PICK] Selector 'main a[href*="/books/"]': 1 candidates found
[20:50:01]     [PICK] [0] score=0.197 author_ok=True | 'manually add a book to our database' | /books/new
[20:50:01]     [PICK] Selector '.book-pane a': 0 candidates found
[20:50:01]     [PICK] Selector '[class*="book"] a': 0 candidates found
[20:50:01]     [PICK] Selector 'a:has-text("To Tame a Highland Warrior (Hi")': 0 candidates found
[20:50:01]     [PICK] Found 2 total candidates
[20:50:01]     [PICK] Top candidates:
[20:50:01]     [PICK]   1. score=0.197 author_ok=True | 'manually add a book to our database'
[20:50:01]     [PICK]   2. score=0.197 author_ok=True | 'manually add a book to our database'
[20:50:01]     [PICK] ✗ No match >= 0.6 found
[20:50:01]     [PICK] Threshold: 0.6, Best score found: 0.000
[20:50:01]     [PROCESS] No result matched, trying next query
[20:50:01]     [PROCESS] ✗ Not found after 3 queries
[20:50:01]  -> Not Found: No matching StoryGraph result after trying all queries
[20:50:07] 
============================================================
[20:50:07] [50/418] Corrupted Chaos | Shain Rose  (owned=YES)
[20:50:07] ============================================================
[20:50:07]     [PROCESS] Trying 4 queries: ['B0B7FD6GV7', '9798990000000.0', 'Corrupted Chaos Shain Rose', 'Corrupted Chaos']
[20:50:07]     [PROCESS] Query 1/4: 'B0B7FD6GV7'
[20:50:07]     [SEARCH] Searching for: 'B0B7FD6GV7'
[20:50:13]     [SEARCH] Search submitted, landed on: https://app.thestorygraph.com/browse?search_term=B0B7FD6GV7
[20:50:13]     [PICK] Looking for: title='Corrupted Chaos', author='Shain Rose'
[20:50:13]     [PICK] Author last names to match: ['rose']
[20:50:13]     [PICK] Current URL: https://app.thestorygraph.com/browse?search_term=B0B7FD6GV7
[20:50:13]     [PICK] Selector 'a[href*="/books/"]': 7 candidates found
[20:50:13]     [PICK] [0] score=0.320 author_ok=True | 'Add a book' | /books/new
[20:50:13]     [PICK] [1] score=0.000 author_ok=True | '' | /books/12665a7d-1cc5-41e3-a949-b554883ed720
[20:50:13]     [PICK] [2] Parent text: 'Corrupted Chaos\n\nShain Rose'
[20:50:13]     [PICK] [2] ✓ Author 'rose' found in parent
[20:50:13]     [PICK] [2] score=1.000 author_ok=True | 'Corrupted Chaos' | /books/12665a7d-1cc5-41e3-a949-b554883ed720
[20:50:13]     [PICK] [3] score=0.308 author_ok=True | '15 editions' | /books/12665a7d-1cc5-41e3-a949-b554883ed720/editions
[20:50:13]     [PICK] [4] score=0.000 author_ok=True | '' | /books/12665a7d-1cc5-41e3-a949-b554883ed720
[20:50:14]     [PICK] [5] Parent text: 'Corrupted Chaos'
[20:50:14]     [PICK] [5] Found 2 author links on page
[20:50:14]     [PICK] [5] ✓ Author 'rose' found in link: 'Shain Rose'
[20:50:14]     [PICK] [5] score=1.000 author_ok=True | 'Corrupted Chaos' | /books/12665a7d-1cc5-41e3-a949-b554883ed720
[20:50:14]     [PICK] [6] score=0.308 author_ok=True | '15 editions' | /books/12665a7d-1cc5-41e3-a949-b554883ed720/editions
[20:50:14]     [PICK] Selector 'main a[href*="/books/"]': 7 candidates found
[20:50:14]     [PICK] [0] score=0.320 author_ok=True | 'Add a book' | /books/new
[20:50:14]     [PICK] [1] score=0.000 author_ok=True | '' | /books/12665a7d-1cc5-41e3-a949-b554883ed720
[20:50:14]     [PICK] [2] Parent text: 'Corrupted Chaos\n\nShain Rose'
[20:50:14]     [PICK] [2] ✓ Author 'rose' found in parent
[20:50:14]     [PICK] [2] score=1.000 author_ok=True | 'Corrupted Chaos' | /books/12665a7d-1cc5-41e3-a949-b554883ed720
[20:50:14]     [PICK] [3] score=0.308 author_ok=True | '15 editions' | /books/12665a7d-1cc5-41e3-a949-b554883ed720/editions
[20:50:14]     [PICK] [4] score=0.000 author_ok=True | '' | /books/12665a7d-1cc5-41e3-a949-b554883ed720
[20:50:14]     [PICK] [5] Parent text: 'Corrupted Chaos'
[20:50:14]     [PICK] [5] Found 2 author links on page
[20:50:14]     [PICK] [5] ✓ Author 'rose' found in link: 'Shain Rose'
[20:50:14]     [PICK] [5] score=1.000 author_ok=True | 'Corrupted Chaos' | /books/12665a7d-1cc5-41e3-a949-b554883ed720
[20:50:14]     [PICK] [6] score=0.308 author_ok=True | '15 editions' | /books/12665a7d-1cc5-41e3-a949-b554883ed720/editions
[20:50:14]     [PICK] Selector '.book-pane a': 14 candidates found
[20:50:14]     [PICK] [0] score=0.000 author_ok=True | '' | /books/12665a7d-1cc5-41e3-a949-b554883ed720
[20:50:14]     [PICK] [3] Parent text: 'Corrupted Chaos\n\nShain Rose'
[20:50:14]     [PICK] [3] ✓ Author 'rose' found in parent
[20:50:14]     [PICK] [3] score=1.000 author_ok=True | 'Corrupted Chaos' | /books/12665a7d-1cc5-41e3-a949-b554883ed720
[20:50:14]     [PICK] [5] score=0.308 author_ok=True | '15 editions' | /books/12665a7d-1cc5-41e3-a949-b554883ed720/editions
[20:50:14]     [PICK] [6] score=0.214 author_ok=True | 'mark as owned' | /mark-as-owned-find-a-book?book_id=12665a7d-1cc5-41e3-a949-b554883ed720
[20:50:14]     [PICK] [7] score=0.000 author_ok=True | '' | /books/12665a7d-1cc5-41e3-a949-b554883ed720
[20:50:14]     [PICK] [10] Parent text: 'Corrupted Chaos'
[20:50:14]     [PICK] [10] Found 2 author links on page
[20:50:14]     [PICK] [10] ✓ Author 'rose' found in link: 'Shain Rose'
[20:50:14]     [PICK] [10] score=1.000 author_ok=True | 'Corrupted Chaos' | /books/12665a7d-1cc5-41e3-a949-b554883ed720
[20:50:14]     [PICK] [12] score=0.308 author_ok=True | '15 editions' | /books/12665a7d-1cc5-41e3-a949-b554883ed720/editions
[20:50:14]     [PICK] [13] score=0.214 author_ok=True | 'mark as owned' | /mark-as-owned-find-a-book?book_id=12665a7d-1cc5-41e3-a949-b554883ed720
[20:50:14]     [PICK] Selector '[class*="book"] a': 14 candidates found
[20:50:14]     [PICK] [0] score=0.000 author_ok=True | '' | /books/12665a7d-1cc5-41e3-a949-b554883ed720
[20:50:15]     [PICK] [3] Parent text: 'Corrupted Chaos\n\nShain Rose'
[20:50:15]     [PICK] [3] ✓ Author 'rose' found in parent
[20:50:15]     [PICK] [3] score=1.000 author_ok=True | 'Corrupted Chaos' | /books/12665a7d-1cc5-41e3-a949-b554883ed720
[20:50:15]     [PICK] [5] score=0.308 author_ok=True | '15 editions' | /books/12665a7d-1cc5-41e3-a949-b554883ed720/editions
[20:50:15]     [PICK] [6] score=0.214 author_ok=True | 'mark as owned' | /mark-as-owned-find-a-book?book_id=12665a7d-1cc5-41e3-a949-b554883ed720
[20:50:15]     [PICK] [7] score=0.000 author_ok=True | '' | /books/12665a7d-1cc5-41e3-a949-b554883ed720
[20:50:15]     [PICK] [10] Parent text: 'Corrupted Chaos'
[20:50:15]     [PICK] [10] Found 2 author links on page
[20:50:15]     [PICK] [10] ✓ Author 'rose' found in link: 'Shain Rose'
[20:50:15]     [PICK] [10] score=1.000 author_ok=True | 'Corrupted Chaos' | /books/12665a7d-1cc5-41e3-a949-b554883ed720
[20:50:15]     [PICK] [12] score=0.308 author_ok=True | '15 editions' | /books/12665a7d-1cc5-41e3-a949-b554883ed720/editions
[20:50:15]     [PICK] [13] score=0.214 author_ok=True | 'mark as owned' | /mark-as-owned-find-a-book?book_id=12665a7d-1cc5-41e3-a949-b554883ed720
[20:50:15]     [PICK] Selector 'a:has-text("Corrupted Chaos")': 2 candidates found
[20:50:15]     [PICK] [0] Parent text: 'Corrupted Chaos\n\nShain Rose'
[20:50:15]     [PICK] [0] ✓ Author 'rose' found in parent
[20:50:15]     [PICK] [0] score=1.000 author_ok=True | 'Corrupted Chaos' | /books/12665a7d-1cc5-41e3-a949-b554883ed720
[20:50:15]     [PICK] [1] Parent text: 'Corrupted Chaos'
[20:50:15]     [PICK] [1] Found 2 author links on page
[20:50:15]     [PICK] [1] ✓ Author 'rose' found in link: 'Shain Rose'
[20:50:15]     [PICK] [1] score=1.000 author_ok=True | 'Corrupted Chaos' | /books/12665a7d-1cc5-41e3-a949-b554883ed720
[20:50:15]     [PICK] Found 32 total candidates
[20:50:15]     [PICK] Top candidates:
[20:50:15]     [PICK]   1. score=1.000 author_ok=True | 'Corrupted Chaos'
[20:50:15]     [PICK]   2. score=1.000 author_ok=True | 'Corrupted Chaos'
[20:50:15]     [PICK]   3. score=1.000 author_ok=True | 'Corrupted Chaos'
[20:50:15]     [PICK]   4. score=1.000 author_ok=True | 'Corrupted Chaos'
[20:50:15]     [PICK]   5. score=1.000 author_ok=True | 'Corrupted Chaos'
[20:50:15]     [PICK] ✓ Best match (score=1.000): 'Corrupted Chaos'
[20:50:15]     [PICK] Clicking: /books/12665a7d-1cc5-41e3-a949-b554883ed720
[20:50:17]     [PICK] ✓ Landed on: https://app.thestorygraph.com/books/12665a7d-1cc5-41e3-a949-b554883ed720
[20:50:17]     [PROCESS] Processing book page: https://app.thestorygraph.com/books/12665a7d-1cc5-41e3-a949-b554883ed720
[20:50:18]     [TO-READ] Not marked yet (will click button)
[20:50:18]     [TO-READ] Clicking button (found: button.read-status-button[title="Add to your To-Read Pile"])
[20:50:19]     [OWNED] Not owned yet (will click mark as owned)
[20:50:19]     [OWNED] Clicking Mark as Owned (found: a.mark-as-owned-link[title="Mark as owned"])
[20:50:21]  -> Added: Clicked To Read | Clicked Mark as Owned | SG Owned: Marked Owned
[20:50:28] 
============================================================
[20:50:28] [51/418] Buried Beneath Sin | MT Addams  (owned=YES)
[20:50:28] ============================================================
[20:50:28]     [PROCESS] Trying 3 queries: ['B0D8GZD2GH', 'Buried Beneath Sin MT Addams', 'Buried Beneath Sin']
[20:50:28]     [PROCESS] Query 1/3: 'B0D8GZD2GH'
[20:50:28]     [SEARCH] Searching for: 'B0D8GZD2GH'
[20:50:34]     [SEARCH] Search submitted, landed on: https://app.thestorygraph.com/browse?search_term=B0D8GZD2GH
[20:50:34]     [PICK] Looking for: title='Buried Beneath Sin', author='MT Addams'
[20:50:34]     [PICK] Author last names to match: ['addams']
[20:50:34]     [PICK] Current URL: https://app.thestorygraph.com/browse?search_term=B0D8GZD2GH
[20:50:35]     [PICK] Selector 'a[href*="/books/"]': 7 candidates found
[20:50:35]     [PICK] [0] score=0.286 author_ok=True | 'Add a book' | /books/new
[20:50:35]     [PICK] [1] score=0.000 author_ok=True | '' | /books/8570923d-72ca-4406-bfe0-64f3579fdc6c
[20:50:35]     [PICK] [2] Parent text: 'Buried Beneath Sin'
[20:50:35]     [PICK] [2] Found 0 author links on page
[20:50:35]     [PICK] [2] Sibling text: '  '
[20:50:35]     [PICK] [2] ✗ None of ['addams'] found anywhere
[20:50:35]     [PICK] [2] score=1.000 author_ok=False | 'Buried Beneath Sin' | /books/8570923d-72ca-4406-bfe0-64f3579fdc6c
[20:50:35]     [PICK] [3] score=0.286 author_ok=True | '2 editions' | /books/8570923d-72ca-4406-bfe0-64f3579fdc6c/editions
[20:50:35]     [PICK] [4] score=0.000 author_ok=True | '' | /books/8570923d-72ca-4406-bfe0-64f3579fdc6c
[20:50:35]     [PICK] [5] Parent text: 'Buried Beneath Sin'
[20:50:35]     [PICK] [5] Found 0 author links on page
[20:51:35]     [PICK] [5] ✗ None of ['addams'] found anywhere
[20:51:35]     [PICK] [5] score=1.000 author_ok=False | 'Buried Beneath Sin' | /books/8570923d-72ca-4406-bfe0-64f3579fdc6c
[20:51:35]     [PICK] [6] score=0.286 author_ok=True | '2 editions' | /books/8570923d-72ca-4406-bfe0-64f3579fdc6c/editions
[20:51:35]     [PICK] Selector 'main a[href*="/books/"]': 7 candidates found
[20:51:35]     [PICK] [0] score=0.286 author_ok=True | 'Add a book' | /books/new
[20:51:35]     [PICK] [1] score=0.000 author_ok=True | '' | /books/8570923d-72ca-4406-bfe0-64f3579fdc6c
[20:51:35]     [PICK] [2] Parent text: 'Buried Beneath Sin'
[20:51:35]     [PICK] [2] Found 0 author links on page
[20:51:35]     [PICK] [2] Sibling text: '  '
[20:51:35]     [PICK] [2] ✗ None of ['addams'] found anywhere
[20:51:35]     [PICK] [2] score=1.000 author_ok=False | 'Buried Beneath Sin' | /books/8570923d-72ca-4406-bfe0-64f3579fdc6c
[20:51:35]     [PICK] [3] score=0.286 author_ok=True | '2 editions' | /books/8570923d-72ca-4406-bfe0-64f3579fdc6c/editions
[20:51:35]     [PICK] [4] score=0.000 author_ok=True | '' | /books/8570923d-72ca-4406-bfe0-64f3579fdc6c
[20:51:35]     [PICK] [5] Parent text: 'Buried Beneath Sin'
[20:51:35]     [PICK] [5] Found 0 author links on page
[20:52:35]     [PICK] [5] ✗ None of ['addams'] found anywhere
[20:52:35]     [PICK] [5] score=1.000 author_ok=False | 'Buried Beneath Sin' | /books/8570923d-72ca-4406-bfe0-64f3579fdc6c
[20:52:35]     [PICK] [6] score=0.286 author_ok=True | '2 editions' | /books/8570923d-72ca-4406-bfe0-64f3579fdc6c/editions
[20:52:35]     [PICK] Selector '.book-pane a': 12 candidates found
[20:52:35]     [PICK] [0] score=0.000 author_ok=True | '' | /books/8570923d-72ca-4406-bfe0-64f3579fdc6c
[20:52:35]     [PICK] [3] Parent text: 'Buried Beneath Sin'
[20:52:35]     [PICK] [3] Found 0 author links on page
[20:52:35]     [PICK] [3] Sibling text: '  '
[20:52:35]     [PICK] [3] ✗ None of ['addams'] found anywhere
[20:52:35]     [PICK] [3] score=1.000 author_ok=False | 'Buried Beneath Sin' | /books/8570923d-72ca-4406-bfe0-64f3579fdc6c
[20:52:35]     [PICK] [4] score=0.286 author_ok=True | '2 editions' | /books/8570923d-72ca-4406-bfe0-64f3579fdc6c/editions
[20:52:35]     [PICK] [5] score=0.258 author_ok=True | 'mark as owned' | /mark-as-owned-find-a-book?book_id=8570923d-72ca-4406-bfe0-64f3579fdc6c
[20:52:35]     [PICK] [6] score=0.000 author_ok=True | '' | /books/8570923d-72ca-4406-bfe0-64f3579fdc6c
[20:52:35]     [PICK] [9] Parent text: 'Buried Beneath Sin'
[20:52:35]     [PICK] [9] Found 0 author links on page
[20:53:35]     [PICK] [9] ✗ None of ['addams'] found anywhere
[20:53:35]     [PICK] [9] score=1.000 author_ok=False | 'Buried Beneath Sin' | /books/8570923d-72ca-4406-bfe0-64f3579fdc6c
[20:53:35]     [PICK] [10] score=0.286 author_ok=True | '2 editions' | /books/8570923d-72ca-4406-bfe0-64f3579fdc6c/editions
[20:53:35]     [PICK] [11] score=0.258 author_ok=True | 'mark as owned' | /mark-as-owned-find-a-book?book_id=8570923d-72ca-4406-bfe0-64f3579fdc6c
[20:53:35]     [PICK] Selector '[class*="book"] a': 12 candidates found
[20:53:35]     [PICK] [0] score=0.000 author_ok=True | '' | /books/8570923d-72ca-4406-bfe0-64f3579fdc6c
[20:53:35]     [PICK] [3] Parent text: 'Buried Beneath Sin'
[20:53:35]     [PICK] [3] Found 0 author links on page
[20:53:35]     [PICK] [3] Sibling text: '  '
[20:53:35]     [PICK] [3] ✗ None of ['addams'] found anywhere
[20:53:35]     [PICK] [3] score=1.000 author_ok=False | 'Buried Beneath Sin' | /books/8570923d-72ca-4406-bfe0-64f3579fdc6c
[20:53:35]     [PICK] [4] score=0.286 author_ok=True | '2 editions' | /books/8570923d-72ca-4406-bfe0-64f3579fdc6c/editions
[20:53:36]     [PICK] [5] score=0.258 author_ok=True | 'mark as owned' | /mark-as-owned-find-a-book?book_id=8570923d-72ca-4406-bfe0-64f3579fdc6c
[20:53:36]     [PICK] [6] score=0.000 author_ok=True | '' | /books/8570923d-72ca-4406-bfe0-64f3579fdc6c
[20:53:36]     [PICK] [9] Parent text: 'Buried Beneath Sin'
[20:53:36]     [PICK] [9] Found 0 author links on page
[20:54:36]     [PICK] [9] ✗ None of ['addams'] found anywhere
[20:54:36]     [PICK] [9] score=1.000 author_ok=False | 'Buried Beneath Sin' | /books/8570923d-72ca-4406-bfe0-64f3579fdc6c
[20:54:36]     [PICK] [10] score=0.286 author_ok=True | '2 editions' | /books/8570923d-72ca-4406-bfe0-64f3579fdc6c/editions
[20:54:36]     [PICK] [11] score=0.258 author_ok=True | 'mark as owned' | /mark-as-owned-find-a-book?book_id=8570923d-72ca-4406-bfe0-64f3579fdc6c
[20:54:36]     [PICK] Selector 'a:has-text("Buried Beneath Sin")': 2 candidates found
[20:54:36]     [PICK] [0] Parent text: 'Buried Beneath Sin'
[20:54:36]     [PICK] [0] Found 0 author links on page
[20:54:36]     [PICK] [0] Sibling text: '  '
[20:54:36]     [PICK] [0] ✗ None of ['addams'] found anywhere
[20:54:36]     [PICK] [0] score=1.000 author_ok=False | 'Buried Beneath Sin' | /books/8570923d-72ca-4406-bfe0-64f3579fdc6c
[20:54:36]     [PICK] [1] Parent text: 'Buried Beneath Sin'
[20:54:36]     [PICK] [1] Found 0 author links on page
[20:55:36]     [PICK] [1] ✗ None of ['addams'] found anywhere
[20:55:36]     [PICK] [1] score=1.000 author_ok=False | 'Buried Beneath Sin' | /books/8570923d-72ca-4406-bfe0-64f3579fdc6c
[20:55:36]     [PICK] Found 32 total candidates
[20:55:36]     [PICK] Top candidates:
[20:55:36]     [PICK]   1. score=1.000 author_ok=False | 'Buried Beneath Sin'
[20:55:36]     [PICK]   2. score=1.000 author_ok=False | 'Buried Beneath Sin'
[20:55:36]     [PICK]   3. score=1.000 author_ok=False | 'Buried Beneath Sin'
[20:55:36]     [PICK]   4. score=1.000 author_ok=False | 'Buried Beneath Sin'
[20:55:36]     [PICK]   5. score=1.000 author_ok=False | 'Buried Beneath Sin'
[20:55:36]     [PICK] ✗ No match >= 0.6 found
[20:55:36]     [PICK] Threshold: 0.6, Best score found: 0.000
[20:55:36]     [PROCESS] No result matched, trying next query
[20:55:36]     [PROCESS] Query 2/3: 'Buried Beneath Sin MT Addams'
[20:55:36]     [SEARCH] Searching for: 'Buried Beneath Sin MT Addams'
[20:55:42]     [SEARCH] Search submitted, landed on: https://app.thestorygraph.com/browse?search_term=Buried%20Beneath%20Sin%20MT%20Addams
[20:55:42]     [PICK] Looking for: title='Buried Beneath Sin', author='MT Addams'
[20:55:42]     [PICK] Author last names to match: ['addams']
[20:55:42]     [PICK] Current URL: https://app.thestorygraph.com/browse?search_term=Buried%20Beneath%20Sin%20MT%20Addams
[20:55:42]     [PICK] Selector 'a[href*="/books/"]': 13 candidates found
[20:55:42]     [PICK] [0] score=0.286 author_ok=True | 'Add a book' | /books/new
[20:55:42]     [PICK] [1] score=0.000 author_ok=True | '' | /books/8570923d-72ca-4406-bfe0-64f3579fdc6c
[20:55:42]     [PICK] [2] Parent text: 'Buried Beneath Sin'
[20:55:42]     [PICK] [2] Found 0 author links on page
[20:55:42]     [PICK] [2] Sibling text: '  '
[20:55:42]     [PICK] [2] ✗ None of ['addams'] found anywhere
[20:55:42]     [PICK] [2] score=1.000 author_ok=False | 'Buried Beneath Sin' | /books/8570923d-72ca-4406-bfe0-64f3579fdc6c
[20:55:43]     [PICK] [3] score=0.286 author_ok=True | '2 editions' | /books/8570923d-72ca-4406-bfe0-64f3579fdc6c/editions
[20:55:43]     [PICK] [4] score=0.000 author_ok=True | '' | /books/8570923d-72ca-4406-bfe0-64f3579fdc6c
[20:55:43]     [PICK] [5] Parent text: 'Buried Beneath Sin'
[20:55:43]     [PICK] [5] Found 0 author links on page
[20:56:43]     [PICK] [5] ✗ None of ['addams'] found anywhere
[20:56:43]     [PICK] [5] score=1.000 author_ok=False | 'Buried Beneath Sin' | /books/8570923d-72ca-4406-bfe0-64f3579fdc6c
[20:56:43]     [PICK] [6] score=0.286 author_ok=True | '2 editions' | /books/8570923d-72ca-4406-bfe0-64f3579fdc6c/editions
[20:56:43]     [PICK] [7] Parent text: 'Buried Beneath Sin\n—'
[20:56:43]     [PICK] [7] Found 0 author links on page
[20:57:43]     [PICK] [7] ✗ None of ['addams'] found anywhere
[20:57:43]     [PICK] [7] score=1.000 author_ok=False | 'Buried Beneath Sin\n—' | /books/39f82881-1484-4854-8370-8433e841c4b8
[20:57:43]     [PICK] [8] Parent text: 'Buried Beneath Sin'
[20:57:43]     [PICK] [8] Found 0 author links on page
[20:57:43]     [PICK] [8] Sibling text: '  '
[20:57:43]     [PICK] [8] ✗ None of ['addams'] found anywhere
[20:57:43]     [PICK] [8] score=1.000 author_ok=False | 'Buried Beneath Sin' | /books/39f82881-1484-4854-8370-8433e841c4b8
[20:57:43]     [PICK] [9] score=0.296 author_ok=True | '1 edition' | /books/39f82881-1484-4854-8370-8433e841c4b8/editions
[20:57:43]     [PICK] [10] Parent text: 'Buried Beneath Sin—'
[20:57:43]     [PICK] [10] Found 0 author links on page
[20:58:43]     [PICK] [10] ✗ None of ['addams'] found anywhere
[20:58:43]     [PICK] [10] score=1.000 author_ok=False | 'Buried Beneath Sin—' | /books/39f82881-1484-4854-8370-8433e841c4b8
[20:58:43]     [PICK] [11] Parent text: 'Buried Beneath Sin'
[20:58:43]     [PICK] [11] Found 0 author links on page
[20:59:43]     [PICK] [11] ✗ None of ['addams'] found anywhere
[20:59:43]     [PICK] [11] score=1.000 author_ok=False | 'Buried Beneath Sin' | /books/39f82881-1484-4854-8370-8433e841c4b8
[20:59:43]     [PICK] [12] score=0.296 author_ok=True | '1 edition' | /books/39f82881-1484-4854-8370-8433e841c4b8/editions
[20:59:43]     [PICK] Selector 'main a[href*="/books/"]': 13 candidates found
[20:59:43]     [PICK] [0] score=0.286 author_ok=True | 'Add a book' | /books/new
[20:59:43]     [PICK] [1] score=0.000 author_ok=True | '' | /books/8570923d-72ca-4406-bfe0-64f3579fdc6c
[20:59:43]     [PICK] [2] Parent text: 'Buried Beneath Sin'
[20:59:43]     [PICK] [2] Found 0 author links on page
[20:59:43]     [PICK] [2] Sibling text: '  '
[20:59:43]     [PICK] [2] ✗ None of ['addams'] found anywhere
[20:59:43]     [PICK] [2] score=1.000 author_ok=False | 'Buried Beneath Sin' | /books/8570923d-72ca-4406-bfe0-64f3579fdc6c
[20:59:43]     [PICK] [3] score=0.286 author_ok=True | '2 editions' | /books/8570923d-72ca-4406-bfe0-64f3579fdc6c/editions
[20:59:43]     [PICK] [4] score=0.000 author_ok=True | '' | /books/8570923d-72ca-4406-bfe0-64f3579fdc6c
[20:59:43]     [PICK] [5] Parent text: 'Buried Beneath Sin'
[20:59:43]     [PICK] [5] Found 0 author links on page
[21:00:43]     [PICK] [5] ✗ None of ['addams'] found anywhere
[21:00:43]     [PICK] [5] score=1.000 author_ok=False | 'Buried Beneath Sin' | /books/8570923d-72ca-4406-bfe0-64f3579fdc6c
[21:00:43]     [PICK] [6] score=0.286 author_ok=True | '2 editions' | /books/8570923d-72ca-4406-bfe0-64f3579fdc6c/editions
[21:00:43]     [PICK] [7] Parent text: 'Buried Beneath Sin\n—'
[21:00:43]     [PICK] [7] Found 0 author links on page
[21:01:43]     [PICK] [7] ✗ None of ['addams'] found anywhere
[21:01:43]     [PICK] [7] score=1.000 author_ok=False | 'Buried Beneath Sin\n—' | /books/39f82881-1484-4854-8370-8433e841c4b8
[21:01:43]     [PICK] [8] Parent text: 'Buried Beneath Sin'
[21:01:43]     [PICK] [8] Found 0 author links on page
[21:01:44]     [PICK] [8] Sibling text: '  '
[21:01:44]     [PICK] [8] ✗ None of ['addams'] found anywhere
[21:01:44]     [PICK] [8] score=1.000 author_ok=False | 'Buried Beneath Sin' | /books/39f82881-1484-4854-8370-8433e841c4b8
[21:01:44]     [PICK] [9] score=0.296 author_ok=True | '1 edition' | /books/39f82881-1484-4854-8370-8433e841c4b8/editions
[21:01:44]     [PICK] [10] Parent text: 'Buried Beneath Sin—'
[21:01:44]     [PICK] [10] Found 0 author links on page
[21:02:44]     [PICK] [10] ✗ None of ['addams'] found anywhere
[21:02:44]     [PICK] [10] score=1.000 author_ok=False | 'Buried Beneath Sin—' | /books/39f82881-1484-4854-8370-8433e841c4b8
[21:02:44]     [PICK] [11] Parent text: 'Buried Beneath Sin'
[21:02:44]     [PICK] [11] Found 0 author links on page
[21:03:44]     [PICK] [11] ✗ None of ['addams'] found anywhere
[21:03:44]     [PICK] [11] score=1.000 author_ok=False | 'Buried Beneath Sin' | /books/39f82881-1484-4854-8370-8433e841c4b8
[21:03:44]     [PICK] [12] score=0.296 author_ok=True | '1 edition' | /books/39f82881-1484-4854-8370-8433e841c4b8/editions
[21:03:44]     [PICK] Selector '.book-pane a': 20 candidates found
[21:03:44]     [PICK] [0] score=0.000 author_ok=True | '' | /books/8570923d-72ca-4406-bfe0-64f3579fdc6c
[21:03:44]     [PICK] [3] Parent text: 'Buried Beneath Sin'
[21:03:44]     [PICK] [3] Found 0 author links on page
[21:03:44]     [PICK] [3] Sibling text: '  '
[21:03:44]     [PICK] [3] ✗ None of ['addams'] found anywhere
[21:03:44]     [PICK] [3] score=1.000 author_ok=False | 'Buried Beneath Sin' | /books/8570923d-72ca-4406-bfe0-64f3579fdc6c
[21:03:44]     [PICK] [4] score=0.286 author_ok=True | '2 editions' | /books/8570923d-72ca-4406-bfe0-64f3579fdc6c/editions
[21:03:44]     [PICK] [5] score=0.258 author_ok=True | 'mark as owned' | /mark-as-owned-find-a-book?book_id=8570923d-72ca-4406-bfe0-64f3579fdc6c
[21:03:44]     [PICK] [6] score=0.000 author_ok=True | '' | /books/8570923d-72ca-4406-bfe0-64f3579fdc6c
[21:03:44]     [PICK] [9] Parent text: 'Buried Beneath Sin'
[21:03:44]     [PICK] [9] Found 0 author links on page
[21:04:44]     [PICK] [9] ✗ None of ['addams'] found anywhere
[21:04:44]     [PICK] [9] score=1.000 author_ok=False | 'Buried Beneath Sin' | /books/8570923d-72ca-4406-bfe0-64f3579fdc6c
[21:04:44]     [PICK] [10] score=0.286 author_ok=True | '2 editions' | /books/8570923d-72ca-4406-bfe0-64f3579fdc6c/editions
[21:04:44]     [PICK] [11] score=0.258 author_ok=True | 'mark as owned' | /mark-as-owned-find-a-book?book_id=8570923d-72ca-4406-bfe0-64f3579fdc6c
[21:04:44]     [PICK] [12] Parent text: 'Buried Beneath Sin\n—'
[21:04:44]     [PICK] [12] Found 0 author links on page
[21:05:44]     [PICK] [12] ✗ None of ['addams'] found anywhere
[21:05:44]     [PICK] [12] score=1.000 author_ok=False | 'Buried Beneath Sin\n—' | /books/39f82881-1484-4854-8370-8433e841c4b8
[21:05:44]     [PICK] [13] Parent text: 'Buried Beneath Sin'
[21:05:44]     [PICK] [13] Found 0 author links on page
[21:05:44]     [PICK] [13] Sibling text: '  '
[21:05:44]     [PICK] [13] ✗ None of ['addams'] found anywhere
[21:05:44]     [PICK] [13] score=1.000 author_ok=False | 'Buried Beneath Sin' | /books/39f82881-1484-4854-8370-8433e841c4b8
[21:05:44]     [PICK] [14] score=0.296 author_ok=True | '1 edition' | /books/39f82881-1484-4854-8370-8433e841c4b8/editions
[21:05:44]     [PICK] [15] score=0.258 author_ok=True | 'mark as owned' | /mark-as-owned-find-a-book?book_id=39f82881-1484-4854-8370-8433e841c4b8
[21:05:44]     [PICK] [16] Parent text: 'Buried Beneath Sin—'
[21:05:44]     [PICK] [16] Found 0 author links on page
[21:06:44]     [PICK] [16] ✗ None of ['addams'] found anywhere
[21:06:44]     [PICK] [16] score=1.000 author_ok=False | 'Buried Beneath Sin—' | /books/39f82881-1484-4854-8370-8433e841c4b8
[21:06:44]     [PICK] [17] Parent text: 'Buried Beneath Sin'
[21:06:44]     [PICK] [17] Found 0 author links on page
[21:07:44]     [PICK] [17] ✗ None of ['addams'] found anywhere
[21:07:44]     [PICK] [17] score=1.000 author_ok=False | 'Buried Beneath Sin' | /books/39f82881-1484-4854-8370-8433e841c4b8
[21:07:44]     [PICK] [18] score=0.296 author_ok=True | '1 edition' | /books/39f82881-1484-4854-8370-8433e841c4b8/editions
[21:07:44]     [PICK] [19] score=0.258 author_ok=True | 'mark as owned' | /mark-as-owned-find-a-book?book_id=39f82881-1484-4854-8370-8433e841c4b8
[21:07:44]     [PICK] Selector '[class*="book"] a': 20 candidates found
[21:07:45]     [PICK] [0] score=0.000 author_ok=True | '' | /books/8570923d-72ca-4406-bfe0-64f3579fdc6c
[21:07:45]     [PICK] [3] Parent text: 'Buried Beneath Sin'
[21:07:45]     [PICK] [3] Found 0 author links on page
[21:07:45]     [PICK] [3] Sibling text: '  '
[21:07:45]     [PICK] [3] ✗ None of ['addams'] found anywhere
[21:07:45]     [PICK] [3] score=1.000 author_ok=False | 'Buried Beneath Sin' | /books/8570923d-72ca-4406-bfe0-64f3579fdc6c
[21:07:45]     [PICK] [4] score=0.286 author_ok=True | '2 editions' | /books/8570923d-72ca-4406-bfe0-64f3579fdc6c/editions
[21:07:45]     [PICK] [5] score=0.258 author_ok=True | 'mark as owned' | /mark-as-owned-find-a-book?book_id=8570923d-72ca-4406-bfe0-64f3579fdc6c
[21:07:45]     [PICK] [6] score=0.000 author_ok=True | '' | /books/8570923d-72ca-4406-bfe0-64f3579fdc6c
[21:07:45]     [PICK] [9] Parent text: 'Buried Beneath Sin'
[21:07:45]     [PICK] [9] Found 0 author links on page
[21:08:45]     [PICK] [9] ✗ None of ['addams'] found anywhere
[21:08:45]     [PICK] [9] score=1.000 author_ok=False | 'Buried Beneath Sin' | /books/8570923d-72ca-4406-bfe0-64f3579fdc6c
[21:08:45]     [PICK] [10] score=0.286 author_ok=True | '2 editions' | /books/8570923d-72ca-4406-bfe0-64f3579fdc6c/editions
[21:08:45]     [PICK] [11] score=0.258 author_ok=True | 'mark as owned' | /mark-as-owned-find-a-book?book_id=8570923d-72ca-4406-bfe0-64f3579fdc6c
[21:08:45]     [PICK] [12] Parent text: 'Buried Beneath Sin\n—'
[21:08:45]     [PICK] [12] Found 0 author links on page
[21:09:45]     [PICK] [12] ✗ None of ['addams'] found anywhere
[21:09:45]     [PICK] [12] score=1.000 author_ok=False | 'Buried Beneath Sin\n—' | /books/39f82881-1484-4854-8370-8433e841c4b8
[21:09:45]     [PICK] [13] Parent text: 'Buried Beneath Sin'
[21:09:45]     [PICK] [13] Found 0 author links on page
[21:09:45]     [PICK] [13] Sibling text: '  '
[21:09:45]     [PICK] [13] ✗ None of ['addams'] found anywhere
[21:09:45]     [PICK] [13] score=1.000 author_ok=False | 'Buried Beneath Sin' | /books/39f82881-1484-4854-8370-8433e841c4b8
[21:09:45]     [PICK] [14] score=0.296 author_ok=True | '1 edition' | /books/39f82881-1484-4854-8370-8433e841c4b8/editions
[21:09:45]     [PICK] [15] score=0.258 author_ok=True | 'mark as owned' | /mark-as-owned-find-a-book?book_id=39f82881-1484-4854-8370-8433e841c4b8
[21:09:45]     [PICK] [16] Parent text: 'Buried Beneath Sin—'
[21:09:45]     [PICK] [16] Found 0 author links on page
[21:10:45]     [PICK] [16] ✗ None of ['addams'] found anywhere
[21:10:45]     [PICK] [16] score=1.000 author_ok=False | 'Buried Beneath Sin—' | /books/39f82881-1484-4854-8370-8433e841c4b8
[21:10:45]     [PICK] [17] Parent text: 'Buried Beneath Sin'
[21:10:45]     [PICK] [17] Found 0 author links on page
[21:11:45]     [PICK] [17] ✗ None of ['addams'] found anywhere
[21:11:45]     [PICK] [17] score=1.000 author_ok=False | 'Buried Beneath Sin' | /books/39f82881-1484-4854-8370-8433e841c4b8
[21:11:45]     [PICK] [18] score=0.296 author_ok=True | '1 edition' | /books/39f82881-1484-4854-8370-8433e841c4b8/editions
[21:11:45]     [PICK] [19] score=0.258 author_ok=True | 'mark as owned' | /mark-as-owned-find-a-book?book_id=39f82881-1484-4854-8370-8433e841c4b8
[21:11:45]     [PICK] Selector 'a:has-text("Buried Beneath Sin")': 6 candidates found
[21:11:45]     [PICK] [0] Parent text: 'Buried Beneath Sin'
[21:11:45]     [PICK] [0] Found 0 author links on page
[21:11:45]     [PICK] [0] Sibling text: '  '
[21:11:45]     [PICK] [0] ✗ None of ['addams'] found anywhere
[21:11:45]     [PICK] [0] score=1.000 author_ok=False | 'Buried Beneath Sin' | /books/8570923d-72ca-4406-bfe0-64f3579fdc6c
[21:11:45]     [PICK] [1] Parent text: 'Buried Beneath Sin'
[21:11:45]     [PICK] [1] Found 0 author links on page
[21:12:45]     [PICK] [1] ✗ None of ['addams'] found anywhere
[21:12:45]     [PICK] [1] score=1.000 author_ok=False | 'Buried Beneath Sin' | /books/8570923d-72ca-4406-bfe0-64f3579fdc6c
[21:12:45]     [PICK] [2] Parent text: 'Buried Beneath Sin\n—'
[21:12:45]     [PICK] [2] Found 0 author links on page
[21:13:45]     [PICK] [2] ✗ None of ['addams'] found anywhere
[21:13:45]     [PICK] [2] score=1.000 author_ok=False | 'Buried Beneath Sin\n—' | /books/39f82881-1484-4854-8370-8433e841c4b8
[21:13:45]     [PICK] [3] Parent text: 'Buried Beneath Sin'
[21:13:45]     [PICK] [3] Found 0 author links on page
[21:13:45]     [PICK] [3] Sibling text: '  '
[21:13:45]     [PICK] [3] ✗ None of ['addams'] found anywhere
[21:13:45]     [PICK] [3] score=1.000 author_ok=False | 'Buried Beneath Sin' | /books/39f82881-1484-4854-8370-8433e841c4b8
[21:13:45]     [PICK] [4] Parent text: 'Buried Beneath Sin—'
[21:13:45]     [PICK] [4] Found 0 author links on page
[21:14:45]     [PICK] [4] ✗ None of ['addams'] found anywhere
[21:14:45]     [PICK] [4] score=1.000 author_ok=False | 'Buried Beneath Sin—' | /books/39f82881-1484-4854-8370-8433e841c4b8
[21:14:46]     [PICK] [5] Parent text: 'Buried Beneath Sin'
[21:14:46]     [PICK] [5] Found 0 author links on page
[21:15:46]     [PICK] [5] ✗ None of ['addams'] found anywhere
[21:15:46]     [PICK] [5] score=1.000 author_ok=False | 'Buried Beneath Sin' | /books/39f82881-1484-4854-8370-8433e841c4b8
[21:15:46]     [PICK] Found 64 total candidates
[21:15:46]     [PICK] Top candidates:
[21:15:46]     [PICK]   1. score=1.000 author_ok=False | 'Buried Beneath Sin'
[21:15:46]     [PICK]   2. score=1.000 author_ok=False | 'Buried Beneath Sin'
[21:15:46]     [PICK]   3. score=1.000 author_ok=False | 'Buried Beneath Sin\n—'
[21:15:46]     [PICK]   4. score=1.000 author_ok=False | 'Buried Beneath Sin'
[21:15:46]     [PICK]   5. score=1.000 author_ok=False | 'Buried Beneath Sin—'
[21:15:46]     [PICK] ✗ No match >= 0.6 found
[21:15:46]     [PICK] Threshold: 0.6, Best score found: 0.000
[21:15:46]     [PROCESS] No result matched, trying next query
[21:15:46]     [PROCESS] Query 3/3: 'Buried Beneath Sin'
[21:15:46]     [SEARCH] Searching for: 'Buried Beneath Sin'
[21:15:52]     [SEARCH] Search submitted, landed on: https://app.thestorygraph.com/browse?search_term=Buried%20Beneath%20Sin
[21:15:52]     [PICK] Looking for: title='Buried Beneath Sin', author='MT Addams'
[21:15:52]     [PICK] Author last names to match: ['addams']
[21:15:52]     [PICK] Current URL: https://app.thestorygraph.com/browse?search_term=Buried%20Beneath%20Sin
[21:15:52]     [PICK] Selector 'a[href*="/books/"]': 37 candidates found
[21:15:52]     [PICK] [0] score=0.286 author_ok=True | 'Add a book' | /books/new
[21:15:52]     [PICK] [1] score=0.000 author_ok=True | '' | /books/8570923d-72ca-4406-bfe0-64f3579fdc6c
[21:15:52]     [PICK] [2] Parent text: 'Buried Beneath Sin'
[21:15:52]     [PICK] [2] Found 6 author links on page
[21:15:52]     [PICK] [2] Authors on page: Debbie Baldwin, Debbie Baldwin, Kelly Ann Hopkins, Kelly Ann Hopkins, Melissa Silvey, Melissa Silvey
[21:15:52]     [PICK] [2] Sibling text: '  '
[21:15:52]     [PICK] [2] ✗ None of ['addams'] found anywhere
[21:15:52]     [PICK] [2] score=1.000 author_ok=False | 'Buried Beneath Sin' | /books/8570923d-72ca-4406-bfe0-64f3579fdc6c
[21:15:52]     [PICK] [3] score=0.286 author_ok=True | '2 editions' | /books/8570923d-72ca-4406-bfe0-64f3579fdc6c/editions
[21:15:52]     [PICK] [4] score=0.000 author_ok=True | '' | /books/8570923d-72ca-4406-bfe0-64f3579fdc6c
[21:15:53]     [PICK] [5] Parent text: 'Buried Beneath Sin'
[21:15:53]     [PICK] [5] Found 6 author links on page
[21:15:53]     [PICK] [5] Authors on page: Debbie Baldwin, Debbie Baldwin, Kelly Ann Hopkins, Kelly Ann Hopkins, Melissa Silvey, Melissa Silvey
[21:16:29]     [PICK] [5] ✗ None of ['addams'] found anywhere
[21:16:29]     [PICK] [5] score=1.000 author_ok=False | 'Buried Beneath Sin' | /books/8570923d-72ca-4406-bfe0-64f3579fdc6c
[21:16:29]     [PICK] [6] Error getting text/href: Locator.inner_text: Target page, context or browser has been closed
[21:16:29]     [PICK] [7] Error getting text/href: Locator.inner_text: Target page, context or browser has been closed
[21:16:29]     [PICK] [8] Error getting text/href: Locator.inner_text: Target page, context or browser has been closed
[21:16:29]     [PICK] [9] Error getting text/href: Locator.inner_text: Target page, context or browser has been closed
[21:16:29]     [PICK] [10] Error getting text/href: Locator.inner_text: Target page, context or browser has been closed
[21:16:29]     [PICK] [11] Error getting text/href: Locator.inner_text: Target page, context or browser has been closed
[21:16:29]     [PICK] [12] Error getting text/href: Locator.inner_text: Target page, context or browser has been closed
[21:16:29]     [PICK] [13] Error getting text/href: Locator.inner_text: Target page, context or browser has been closed
[21:16:29]     [PICK] [14] Error getting text/href: Locator.inner_text: Target page, context or browser has been closed
[21:16:29]     [PICK] [15] Error getting text/href: Locator.inner_text: Target page, context or browser has been closed
[21:16:29]     [PICK] [16] Error getting text/href: Locator.inner_text: Target page, context or browser has been closed
[21:16:29]     [PICK] [17] Error getting text/href: Locator.inner_text: Target page, context or browser has been closed
[21:16:29]     [PICK] [18] Error getting text/href: Locator.inner_text: Target page, context or browser has been closed
[21:16:29]     [PICK] [19] Error getting text/href: Locator.inner_text: Target page, context or browser has been closed
[21:16:29]     [PICK] Selector 'main a[href*="/books/"]' error: Locator.count: Target page, context or browser has been closed
[21:16:29]     [PICK] Selector '.book-pane a' error: Locator.count: Target page, context or browser has been closed
[21:16:29]     [PICK] Selector '[class*="book"] a' error: Locator.count: Target page, context or browser has been closed
[21:16:29]     [PICK] Selector 'a:has-text("Buried Beneath Sin")' error: Locator.count: Target page, context or browser has been closed
[21:16:29]     [PICK] Found 6 total candidates
[21:16:29]     [PICK] Top candidates:
[21:16:29]     [PICK]   1. score=1.000 author_ok=False | 'Buried Beneath Sin'
[21:16:29]     [PICK]   2. score=1.000 author_ok=False | 'Buried Beneath Sin'
[21:16:29]     [PICK]   3. score=0.286 author_ok=True | 'Add a book'
[21:16:29]     [PICK]   4. score=0.286 author_ok=True | '2 editions'
[21:16:29]     [PICK]   5. score=0.000 author_ok=True | ''
[21:16:29]     [PICK] ✗ No match >= 0.6 found
[21:16:29]     [PICK] Threshold: 0.6, Best score found: 0.000
[21:16:29]     [PROCESS] No result matched, trying next query
[21:16:29]     [PROCESS] ✗ Not found after 3 queries
[21:16:29]  -> Not Found: No matching StoryGraph result after trying all queries
[21:16:37] 
============================================================
[21:16:37] [52/418] Down and Dirty series | Jeanne St James  (owned=YES)
[21:16:37] ============================================================
[21:16:37]     [PROCESS] Trying 3 queries: ['B074BHR5JG', 'Down and Dirty series Jeanne St James', 'Down and Dirty series']
[21:16:37]     [PROCESS] Query 1/3: 'B074BHR5JG'
[21:16:37]     [SEARCH] Searching for: 'B074BHR5JG'
[21:16:37]     [SEARCH] Navigation to https://app.thestorygraph.com/browse failed: Page.goto: Target page, context or browser has been closed
[21:16:37]     [SEARCH] Navigation to https://app.thestorygraph.com/search failed: Page.goto: Target page, context or browser has been closed
[21:16:37]     [SEARCH] Navigation to https://app.thestorygraph.com failed: Page.goto: Target page, context or browser has been closed
[21:16:37]     [SEARCH] ERROR: Could not navigate to any search page
[21:16:37]     [PROCESS] Search submission failed, trying next query
[21:16:37]     [PROCESS] Query 2/3: 'Down and Dirty series Jeanne St James'
[21:16:37]     [SEARCH] Searching for: 'Down and Dirty series Jeanne St James'
[21:16:37]     [SEARCH] Navigation to https://app.thestorygraph.com/browse failed: Page.goto: Target page, context or browser has been closed
[21:16:37]     [SEARCH] Navigation to https://app.thestorygraph.com/search failed: Page.goto: Target page, context or browser has been closed
[21:16:37]     [SEARCH] Navigation to https://app.thestorygraph.com failed: Page.goto: Target page, context or browser has been closed
[21:16:37]     [SEARCH] ERROR: Could not navigate to any search page
[21:16:37]     [PROCESS] Search submission failed, trying next query
[21:16:37]     [PROCESS] Query 3/3: 'Down and Dirty series'
[21:16:37]     [SEARCH] Searching for: 'Down and Dirty series'
[21:16:37]     [SEARCH] Navigation to https://app.thestorygraph.com/browse failed: Page.goto: Target page, context or browser has been closed
[21:16:37]     [SEARCH] Navigation to https://app.thestorygraph.com/search failed: Page.goto: Target page, context or browser has been closed
[21:16:37]     [SEARCH] Navigation to https://app.thestorygraph.com failed: Page.goto: Target page, context or browser has been closed
[21:16:37]     [SEARCH] ERROR: Could not navigate to any search page
[21:16:37]     [PROCESS] Search submission failed, trying next query
[21:16:37]     [PROCESS] ✗ Not found after 3 queries
[21:16:37]  -> Not Found: No matching StoryGraph result after trying all queries
[21:16:49] 
============================================================
[21:16:49] [53/418] Nights of Obedience | Rachel Mays  (owned=YES)
[21:16:49] ============================================================
[21:16:49]     [PROCESS] Trying 3 queries: ['B0CQ5NVMP4', 'Nights of Obedience Rachel Mays', 'Nights of Obedience']
[21:16:49]     [PROCESS] Query 1/3: 'B0CQ5NVMP4'
[21:16:49]     [SEARCH] Searching for: 'B0CQ5NVMP4'
[21:16:49]     [SEARCH] Navigation to https://app.thestorygraph.com/browse failed: Page.goto: Target page, context or browser has been closed
[21:16:49]     [SEARCH] Navigation to https://app.thestorygraph.com/search failed: Page.goto: Target page, context or browser has been closed
[21:16:49]     [SEARCH] Navigation to https://app.thestorygraph.com failed: Page.goto: Target page, context or browser has been closed
[21:16:49]     [SEARCH] ERROR: Could not navigate to any search page
[21:16:49]     [PROCESS] Search submission failed, trying next query
[21:16:49]     [PROCESS] Query 2/3: 'Nights of Obedience Rachel Mays'
[21:16:49]     [SEARCH] Searching for: 'Nights of Obedience Rachel Mays'
[21:16:49]     [SEARCH] Navigation to https://app.thestorygraph.com/browse failed: Page.goto: Target page, context or browser has been closed
[21:16:49]     [SEARCH] Navigation to https://app.thestorygraph.com/search failed: Page.goto: Target page, context or browser has been closed
[21:16:49]     [SEARCH] Navigation to https://app.thestorygraph.com failed: Page.goto: Target page, context or browser has been closed
[21:16:49]     [SEARCH] ERROR: Could not navigate to any search page
[21:16:49]     [PROCESS] Search submission failed, trying next query
[21:16:49]     [PROCESS] Query 3/3: 'Nights of Obedience'
[21:16:49]     [SEARCH] Searching for: 'Nights of Obedience'
[21:16:49]     [SEARCH] Navigation to https://app.thestorygraph.com/browse failed: Page.goto: Target page, context or browser has been closed
[21:16:49]     [SEARCH] Navigation to https://app.thestorygraph.com/search failed: Page.goto: Target page, context or browser has been closed
[21:16:49]     [SEARCH] Navigation to https://app.thestorygraph.com failed: Page.goto: Target page, context or browser has been closed
[21:16:49]     [SEARCH] ERROR: Could not navigate to any search page
[21:16:49]     [PROCESS] Search submission failed, trying next query
[21:16:50]     [PROCESS] ✗ Not found after 3 queries
[21:16:50]  -> Not Found: No matching StoryGraph result after trying all queries
[21:16:58] 
============================================================
[21:16:58] [54/418] Prey Tell | Amanda Richardson  (owned=YES)
[21:16:58] ============================================================
[21:16:58]     [PROCESS] Trying 3 queries: ['B0BQ79WJLC', 'Prey Tell Amanda Richardson', 'Prey Tell']
[21:16:58]     [PROCESS] Query 1/3: 'B0BQ79WJLC'
[21:16:58]     [SEARCH] Searching for: 'B0BQ79WJLC'
[21:16:58]     [SEARCH] Navigation to https://app.thestorygraph.com/browse failed: Page.goto: Target page, context or browser has been closed
[21:16:58]     [SEARCH] Navigation to https://app.thestorygraph.com/search failed: Page.goto: Target page, context or browser has been closed
[21:16:58]     [SEARCH] Navigation to https://app.thestorygraph.com failed: Page.goto: Target page, context or browser has been closed
[21:16:58]     [SEARCH] ERROR: Could not navigate to any search page
[21:16:58]     [PROCESS] Search submission failed, trying next query
[21:16:58]     [PROCESS] Query 2/3: 'Prey Tell Amanda Richardson'
[21:16:58]     [SEARCH] Searching for: 'Prey Tell Amanda Richardson'
[21:16:58]     [SEARCH] Navigation to https://app.thestorygraph.com/browse failed: Page.goto: Target page, context or browser has been closed
[21:16:58]     [SEARCH] Navigation to https://app.thestorygraph.com/search failed: Page.goto: Target page, context or browser has been closed
[21:16:58]     [SEARCH] Navigation to https://app.thestorygraph.com failed: Page.goto: Target page, context or browser has been closed
[21:16:58]     [SEARCH] ERROR: Could not navigate to any search page
[21:16:58]     [PROCESS] Search submission failed, trying next query
[21:16:58]     [PROCESS] Query 3/3: 'Prey Tell'
[21:16:58]     [SEARCH] Searching for: 'Prey Tell'
[21:16:58]     [SEARCH] Navigation to https://app.thestorygraph.com/browse failed: Page.goto: Target page, context or browser has been closed
[21:16:58]     [SEARCH] Navigation to https://app.thestorygraph.com/search failed: Page.goto: Target page, context or browser has been closed
[21:16:58]     [SEARCH] Navigation to https://app.thestorygraph.com failed: Page.goto: Target page, context or browser has been closed
[21:16:58]     [SEARCH] ERROR: Could not navigate to any search page
[21:16:58]     [PROCESS] Search submission failed, trying next query
[21:16:58]     [PROCESS] ✗ Not found after 3 queries
[21:16:58]  -> Not Found: No matching StoryGraph result after trying all queries
[21:17:04] 
============================================================
[21:17:04] [55/418] Merger & Submission: A BDSM Office Romance Novella (Standalone Spicy Romance and Completed Series) | April Cross  (owned=YES)
[21:17:04] ============================================================
[21:17:04]     [PROCESS] Trying 4 queries: ['B0FJF7G1CG', 'Merger & Submission: A BDSM Office Romance Novella (Standalone Spicy Romance and Completed Series) April Cross', 'Merger & Submission April Cross', 'Merger & Submission: A BDSM Office Romance Novella (Standalone Spicy Romance and Completed Series)']
[21:17:04]     [PROCESS] Query 1/4: 'B0FJF7G1CG'
[21:17:04]     [SEARCH] Searching for: 'B0FJF7G1CG'
[21:17:04]     [SEARCH] Navigation to https://app.thestorygraph.com/browse failed: Page.goto: Target page, context or browser has been closed
[21:17:04]     [SEARCH] Navigation to https://app.thestorygraph.com/search failed: Page.goto: Target page, context or browser has been closed
[21:17:04]     [SEARCH] Navigation to https://app.thestorygraph.com failed: Page.goto: Target page, context or browser has been closed
[21:17:04]     [SEARCH] ERROR: Could not navigate to any search page
[21:17:04]     [PROCESS] Search submission failed, trying next query
[21:17:04]     [PROCESS] Query 2/4: 'Merger & Submission: A BDSM Office Romance Novella (Standalone Spicy Romance and Completed Series) April Cross'
[21:17:04]     [SEARCH] Searching for: 'Merger & Submission: A BDSM Office Romance Novella (Standalone Spicy Romance and Completed Series) April Cross'
[21:17:04]     [SEARCH] Navigation to https://app.thestorygraph.com/browse failed: Page.goto: Target page, context or browser has been closed
[21:17:04]     [SEARCH] Navigation to https://app.thestorygraph.com/search failed: Page.goto: Target page, context or browser has been closed
[21:17:04]     [SEARCH] Navigation to https://app.thestorygraph.com failed: Page.goto: Target page, context or browser has been closed
[21:17:04]     [SEARCH] ERROR: Could not navigate to any search page
[21:17:04]     [PROCESS] Search submission failed, trying next query
[21:17:04]     [PROCESS] Query 3/4: 'Merger & Submission April Cross'
[21:17:04]     [SEARCH] Searching for: 'Merger & Submission April Cross'
[21:17:04]     [SEARCH] Navigation to https://app.thestorygraph.com/browse failed: Page.goto: Target page, context or browser has been closed
[21:17:04]     [SEARCH] Navigation to https://app.thestorygraph.com/search failed: Page.goto: Target page, context or browser has been closed
[21:17:05]     [SEARCH] Navigation to https://app.thestorygraph.com failed: Page.goto: Target page, context or browser has been closed
[21:17:05]     [SEARCH] ERROR: Could not navigate to any search page
[21:17:05]     [PROCESS] Search submission failed, trying next query
[21:17:05]     [PROCESS] Query 4/4: 'Merger & Submission: A BDSM Office Romance Novella (Standalone Spicy Romance and Completed Series)'
[21:17:05]     [SEARCH] Searching for: 'Merger & Submission: A BDSM Office Romance Novella (Standalone Spicy Romance and Completed Series)'
[21:17:05]     [SEARCH] Navigation to https://app.thestorygraph.com/browse failed: Page.goto: Target page, context or browser has been closed
[21:17:05]     [SEARCH] Navigation to https://app.thestorygraph.com/search failed: Page.goto: Target page, context or browser has been closed
[21:17:05]     [SEARCH] Navigation to https://app.thestorygraph.com failed: Page.goto: Target page, context or browser has been closed
[21:17:05]     [SEARCH] ERROR: Could not navigate to any search page
[21:17:05]     [PROCESS] Search submission failed, trying next query
[21:17:05]     [PROCESS] ✗ Not found after 4 queries
[21:17:05]  -> Not Found: No matching StoryGraph result after trying all queries
[21:17:13] 
============================================================
[21:17:13] [56/418] Forever Be My Always: A Small Town, Second Chance Romance (Jessamine Beach Book 1) | C.Z. Reeves  (owned=YES)
[21:17:13] ============================================================
[21:17:13]     [PROCESS] Trying 4 queries: ['B0CNZ6SG49', 'Forever Be My Always: A Small Town, Second Chance Romance (Jessamine Beach Book 1) C.Z. Reeves', 'Forever Be My Always C.Z. Reeves', 'Forever Be My Always: A Small Town, Second Chance Romance (Jessamine Beach Book 1)']
[21:17:13]     [PROCESS] Query 1/4: 'B0CNZ6SG49'
[21:17:13]     [SEARCH] Searching for: 'B0CNZ6SG49'
[21:17:13]     [SEARCH] Navigation to https://app.thestorygraph.com/browse failed: Page.goto: Target page, context or browser has been closed
[21:17:14]     [SEARCH] Navigation to https://app.thestorygraph.com/search failed: Page.goto: Target page, context or browser has been closed
[21:17:14]     [SEARCH] Navigation to https://app.thestorygraph.com failed: Page.goto: Target page, context or browser has been closed
[21:17:14]     [SEARCH] ERROR: Could not navigate to any search page
[21:17:14]     [PROCESS] Search submission failed, trying next query
[21:17:14]     [PROCESS] Query 2/4: 'Forever Be My Always: A Small Town, Second Chance Romance (Jessamine Beach Book 1) C.Z. Reeves'
[21:17:14]     [SEARCH] Searching for: 'Forever Be My Always: A Small Town, Second Chance Romance (Jessamine Beach Book 1) C.Z. Reeves'
[21:17:14]     [SEARCH] Navigation to https://app.thestorygraph.com/browse failed: Page.goto: Target page, context or browser has been closed
[21:17:14]     [SEARCH] Navigation to https://app.thestorygraph.com/search failed: Page.goto: Target page, context or browser has been closed
[21:17:14]     [SEARCH] Navigation to https://app.thestorygraph.com failed: Page.goto: Target page, context or browser has been closed
[21:17:14]     [SEARCH] ERROR: Could not navigate to any search page
[21:17:14]     [PROCESS] Search submission failed, trying next query
[21:17:14]     [PROCESS] Query 3/4: 'Forever Be My Always C.Z. Reeves'
[21:17:14]     [SEARCH] Searching for: 'Forever Be My Always C.Z. Reeves'
[21:17:14]     [SEARCH] Navigation to https://app.thestorygraph.com/browse failed: Page.goto: Target page, context or browser has been closed
[21:17:14]     [SEARCH] Navigation to https://app.thestorygraph.com/search failed: Page.goto: Target page, context or browser has been closed
[21:17:14]     [SEARCH] Navigation to https://app.thestorygraph.com failed: Page.goto: Target page, context or browser has been closed
[21:17:14]     [SEARCH] ERROR: Could not navigate to any search page
[21:17:14]     [PROCESS] Search submission failed, trying next query
[21:17:14]     [PROCESS] Query 4/4: 'Forever Be My Always: A Small Town, Second Chance Romance (Jessamine Beach Book 1)'
[21:17:14]     [SEARCH] Searching for: 'Forever Be My Always: A Small Town, Second Chance Romance (Jessamine Beach Book 1)'
[21:17:14]     [SEARCH] Navigation to https://app.thestorygraph.com/browse failed: Page.goto: Target page, context or browser has been closed
[21:17:14]     [SEARCH] Navigation to https://app.thestorygraph.com/search failed: Page.goto: Target page, context or browser has been closed
[21:17:14]     [SEARCH] Navigation to https://app.thestorygraph.com failed: Page.goto: Target page, context or browser has been closed
[21:17:14]     [SEARCH] ERROR: Could not navigate to any search page
[21:17:14]     [PROCESS] Search submission failed, trying next query
[21:17:14]     [PROCESS] ✗ Not found after 4 queries
[21:17:14]  -> Not Found: No matching StoryGraph result after trying all queries
[21:17:23] 
============================================================
[21:17:23] [57/418] Theirs to Hold: A Twin Billionaire Auction Romance (Titans Captivated Book 1) | Sierra Cartwright, books  (owned=YES)
[21:17:23] ============================================================
[21:17:23]     [PROCESS] Trying 4 queries: ['B09KG3N23N', 'Theirs to Hold: A Twin Billionaire Auction Romance (Titans Captivated Book 1) Sierra Cartwright, books', 'Theirs to Hold Sierra Cartwright, books', 'Theirs to Hold: A Twin Billionaire Auction Romance (Titans Captivated Book 1)']
[21:17:23]     [PROCESS] Query 1/4: 'B09KG3N23N'
[21:17:23]     [SEARCH] Searching for: 'B09KG3N23N'
[21:17:23]     [SEARCH] Navigation to https://app.thestorygraph.com/browse failed: Page.goto: Target page, context or browser has been closed
[21:17:23]     [SEARCH] Navigation to https://app.thestorygraph.com/search failed: Page.goto: Target page, context or browser has been closed
[21:17:23]     [SEARCH] Navigation to https://app.thestorygraph.com failed: Page.goto: Target page, context or browser has been closed
[21:17:23]     [SEARCH] ERROR: Could not navigate to any search page
[21:17:23]     [PROCESS] Search submission failed, trying next query
[21:17:23]     [PROCESS] Query 2/4: 'Theirs to Hold: A Twin Billionaire Auction Romance (Titans Captivated Book 1) Sierra Cartwright, books'
[21:17:23]     [SEARCH] Searching for: 'Theirs to Hold: A Twin Billionaire Auction Romance (Titans Captivated Book 1) Sierra Cartwright, books'
[21:17:23]     [SEARCH] Navigation to https://app.thestorygraph.com/browse failed: Page.goto: Target page, context or browser has been closed
[21:17:23]     [SEARCH] Navigation to https://app.thestorygraph.com/search failed: Page.goto: Target page, context or browser has been closed
[21:17:23]     [SEARCH] Navigation to https://app.thestorygraph.com failed: Page.goto: Target page, context or browser has been closed
[21:17:23]     [SEARCH] ERROR: Could not navigate to any search page
[21:17:23]     [PROCESS] Search submission failed, trying next query
[21:17:23]     [PROCESS] Query 3/4: 'Theirs to Hold Sierra Cartwright, books'
[21:17:23]     [SEARCH] Searching for: 'Theirs to Hold Sierra Cartwright, books'
[21:17:23]     [SEARCH] Navigation to https://app.thestorygraph.com/browse failed: Page.goto: Target page, context or browser has been closed
[21:17:23]     [SEARCH] Navigation to https://app.thestorygraph.com/search failed: Page.goto: Target page, context or browser has been closed
[21:17:23]     [SEARCH] Navigation to https://app.thestorygraph.com failed: Page.goto: Target page, context or browser has been closed
[21:17:23]     [SEARCH] ERROR: Could not navigate to any search page
[21:17:23]     [PROCESS] Search submission failed, trying next query
[21:17:23]     [PROCESS] Query 4/4: 'Theirs to Hold: A Twin Billionaire Auction Romance (Titans Captivated Book 1)'
[21:17:23]     [SEARCH] Searching for: 'Theirs to Hold: A Twin Billionaire Auction Romance (Titans Captivated Book 1)'
[21:17:23]     [SEARCH] Navigation to https://app.thestorygraph.com/browse failed: Page.goto: Target page, context or browser has been closed
[21:17:23]     [SEARCH] Navigation to https://app.thestorygraph.com/search failed: Page.goto: Target page, context or browser has been closed
[21:17:23]     [SEARCH] Navigation to https://app.thestorygraph.com failed: Page.goto: Target page, context or browser has been closed
[21:17:23]     [SEARCH] ERROR: Could not navigate to any search page
[21:17:23]     [PROCESS] Search submission failed, trying next query
[21:17:23]     [PROCESS] ✗ Not found after 4 queries
[21:17:23]  -> Not Found: No matching StoryGraph result after trying all queries
[21:17:31] 
============================================================
[21:17:31] [58/418] Leather & Lace (Trident Security Book 1) | Samantha Cole, Eve Arroyo  (owned=YES)
[21:17:31] ============================================================
[21:17:31]     [PROCESS] Trying 3 queries: ['B00WHHY7TE', 'Leather & Lace (Trident Security Book 1) Samantha Cole, Eve Arroyo', 'Leather & Lace (Trident Security Book 1)']
[21:17:31]     [PROCESS] Query 1/3: 'B00WHHY7TE'
[21:17:31]     [SEARCH] Searching for: 'B00WHHY7TE'
[21:17:31]     [SEARCH] Navigation to https://app.thestorygraph.com/browse failed: Page.goto: Target page, context or browser has been closed
[21:17:31]     [SEARCH] Navigation to https://app.thestorygraph.com/search failed: Page.goto: Target page, context or browser has been closed
[21:17:31]     [SEARCH] Navigation to https://app.thestorygraph.com failed: Page.goto: Target page, context or browser has been closed
[21:17:31]     [SEARCH] ERROR: Could not navigate to any search page
[21:17:31]     [PROCESS] Search submission failed, trying next query
[21:17:31]     [PROCESS] Query 2/3: 'Leather & Lace (Trident Security Book 1) Samantha Cole, Eve Arroyo'
[21:17:31]     [SEARCH] Searching for: 'Leather & Lace (Trident Security Book 1) Samantha Cole, Eve Arroyo'
[21:17:31]     [SEARCH] Navigation to https://app.thestorygraph.com/browse failed: Page.goto: Target page, context or browser has been closed
[21:17:31]     [SEARCH] Navigation to https://app.thestorygraph.com/search failed: Page.goto: Target page, context or browser has been closed
[21:17:31]     [SEARCH] Navigation to https://app.thestorygraph.com failed: Page.goto: Target page, context or browser has been closed
[21:17:32]     [SEARCH] ERROR: Could not navigate to any search page
[21:17:32]     [PROCESS] Search submission failed, trying next query
[21:17:32]     [PROCESS] Query 3/3: 'Leather & Lace (Trident Security Book 1)'
[21:17:32]     [SEARCH] Searching for: 'Leather & Lace (Trident Security Book 1)'
[21:17:32]     [SEARCH] Navigation to https://app.thestorygraph.com/browse failed: Page.goto: Target page, context or browser has been closed
[21:17:32]     [SEARCH] Navigation to https://app.thestorygraph.com/search failed: Page.goto: Target page, context or browser has been closed
[21:17:32]     [SEARCH] Navigation to https://app.thestorygraph.com failed: Page.goto: Target page, context or browser has been closed
[21:17:32]     [SEARCH] ERROR: Could not navigate to any search page
[21:17:32]     [PROCESS] Search submission failed, trying next query
[21:17:32]     [PROCESS] ✗ Not found after 3 queries
[21:17:32]  -> Not Found: No matching StoryGraph result after trying all queries
[21:17:38] 
============================================================
[21:17:38] [59/418] Ruthless Possession: A Dark Mafia Forced Marriage Romance (Dark Enemies Book 1) | Zoe Delaney, Jen Katemi, Lindsey Loucks  (owned=YES)
[21:17:38] ============================================================
[21:17:38]     [PROCESS] Trying 4 queries: ['B0C6NWDLHR', 'Ruthless Possession: A Dark Mafia Forced Marriage Romance (Dark Enemies Book 1) Zoe Delaney, Jen Katemi, Lindsey Loucks', 'Ruthless Possession Zoe Delaney, Jen Katemi, Lindsey Loucks', 'Ruthless Possession: A Dark Mafia Forced Marriage Romance (Dark Enemies Book 1)']
[21:17:38]     [PROCESS] Query 1/4: 'B0C6NWDLHR'
[21:17:38]     [SEARCH] Searching for: 'B0C6NWDLHR'
[21:17:38]     [SEARCH] Navigation to https://app.thestorygraph.com/browse failed: Page.goto: Target page, context or browser has been closed
[21:17:38]     [SEARCH] Navigation to https://app.thestorygraph.com/search failed: Page.goto: Target page, context or browser has been closed
[21:17:38]     [SEARCH] Navigation to https://app.thestorygraph.com failed: Page.goto: Target page, context or browser has been closed
[21:17:38]     [SEARCH] ERROR: Could not navigate to any search page
[21:17:38]     [PROCESS] Search submission failed, trying next query
[21:17:38]     [PROCESS] Query 2/4: 'Ruthless Possession: A Dark Mafia Forced Marriage Romance (Dark Enemies Book 1) Zoe Delaney, Jen Katemi, Lindsey Loucks'
[21:17:38]     [SEARCH] Searching for: 'Ruthless Possession: A Dark Mafia Forced Marriage Romance (Dark Enemies Book 1) Zoe Delaney, Jen Katemi, Lindsey Loucks'
[21:17:38]     [SEARCH] Navigation to https://app.thestorygraph.com/browse failed: Page.goto: Target page, context or browser has been closed
[21:17:38]     [SEARCH] Navigation to https://app.thestorygraph.com/search failed: Page.goto: Target page, context or browser has been closed
[21:17:38]     [SEARCH] Navigation to https://app.thestorygraph.com failed: Page.goto: Target page, context or browser has been closed
[21:17:38]     [SEARCH] ERROR: Could not navigate to any search page
[21:17:38]     [PROCESS] Search submission failed, trying next query
[21:17:38]     [PROCESS] Query 3/4: 'Ruthless Possession Zoe Delaney, Jen Katemi, Lindsey Loucks'
[21:17:39]     [SEARCH] Searching for: 'Ruthless Possession Zoe Delaney, Jen Katemi, Lindsey Loucks'
[21:17:39]     [SEARCH] Navigation to https://app.thestorygraph.com/browse failed: Page.goto: Target page, context or browser has been closed
[21:17:39]     [SEARCH] Navigation to https://app.thestorygraph.com/search failed: Page.goto: Target page, context or browser has been closed
[21:17:39]     [SEARCH] Navigation to https://app.thestorygraph.com failed: Page.goto: Target page, context or browser has been closed
[21:17:39]     [SEARCH] ERROR: Could not navigate to any search page
[21:17:39]     [PROCESS] Search submission failed, trying next query
[21:17:39]     [PROCESS] Query 4/4: 'Ruthless Possession: A Dark Mafia Forced Marriage Romance (Dark Enemies Book 1)'
[21:17:39]     [SEARCH] Searching for: 'Ruthless Possession: A Dark Mafia Forced Marriage Romance (Dark Enemies Book 1)'
[21:17:39]     [SEARCH] Navigation to https://app.thestorygraph.com/browse failed: Page.goto: Target page, context or browser has been closed
[21:17:39]     [SEARCH] Navigation to https://app.thestorygraph.com/search failed: Page.goto: Target page, context or browser has been closed
[21:17:39]     [SEARCH] Navigation to https://app.thestorygraph.com failed: Page.goto: Target page, context or browser has been closed
[21:17:39]     [SEARCH] ERROR: Could not navigate to any search page
[21:17:39]     [PROCESS] Search submission failed, trying next query
[21:17:39]     [PROCESS] ✗ Not found after 4 queries
[21:17:39]  -> Not Found: No matching StoryGraph result after trying all queries
[21:17:46] 
============================================================
[21:17:46] [60/418] The Dark Side Of Love: A Dark Irish Mob Romance (Love's Shadow Trilogy Book 2) | Emily Klepp, Amanda Austin, Jade Katzchen  (owned=YES)
[21:17:46] ============================================================
[21:17:46]     [PROCESS] Trying 4 queries: ['B0CQJRHGYS', "The Dark Side Of Love: A Dark Irish Mob Romance (Love's Shadow Trilogy Book 2) Emily Klepp, Amanda Austin, Jade Katzchen", 'The Dark Side Of Love Emily Klepp, Amanda Austin, Jade Katzchen', "The Dark Side Of Love: A Dark Irish Mob Romance (Love's Shadow Trilogy Book 2)"]
[21:17:46]     [PROCESS] Query 1/4: 'B0CQJRHGYS'
[21:17:46]     [SEARCH] Searching for: 'B0CQJRHGYS'
[21:17:46]     [SEARCH] Navigation to https://app.thestorygraph.com/browse failed: Page.goto: Target page, context or browser has been closed
[21:17:46]     [SEARCH] Navigation to https://app.thestorygraph.com/search failed: Page.goto: Target page, context or browser has been closed
[21:17:46]     [SEARCH] Navigation to https://app.thestorygraph.com failed: Page.goto: Target page, context or browser has been closed
[21:17:46]     [SEARCH] ERROR: Could not navigate to any search page
[21:17:46]     [PROCESS] Search submission failed, trying next query
[21:17:46]     [PROCESS] Query 2/4: "The Dark Side Of Love: A Dark Irish Mob Romance (Love's Shadow Trilogy Book 2) Emily Klepp, Amanda Austin, Jade Katzchen"
[21:17:46]     [SEARCH] Searching for: "The Dark Side Of Love: A Dark Irish Mob Romance (Love's Shadow Trilogy Book 2) Emily Klepp, Amanda Austin, Jade Katzchen"
[21:17:46]     [SEARCH] Navigation to https://app.thestorygraph.com/browse failed: Page.goto: Target page, context or browser has been closed
[21:17:46]     [SEARCH] Navigation to https://app.thestorygraph.com/search failed: Page.goto: Target page, context or browser has been closed
[21:17:46]     [SEARCH] Navigation to https://app.thestorygraph.com failed: Page.goto: Target page, context or browser has been closed
[21:17:46]     [SEARCH] ERROR: Could not navigate to any search page
[21:17:46]     [PROCESS] Search submission failed, trying next query
[21:17:46]     [PROCESS] Query 3/4: 'The Dark Side Of Love Emily Klepp, Amanda Austin, Jade Katzchen'
[21:17:47]     [SEARCH] Searching for: 'The Dark Side Of Love Emily Klepp, Amanda Austin, Jade Katzchen'
[21:17:47]     [SEARCH] Navigation to https://app.thestorygraph.com/browse failed: Page.goto: Target page, context or browser has been closed
[21:17:47]     [SEARCH] Navigation to https://app.thestorygraph.com/search failed: Page.goto: Target page, context or browser has been closed
[21:17:47]     [SEARCH] Navigation to https://app.thestorygraph.com failed: Page.goto: Target page, context or browser has been closed
[21:17:47]     [SEARCH] ERROR: Could not navigate to any search page
[21:17:47]     [PROCESS] Search submission failed, trying next query
[21:17:47]     [PROCESS] Query 4/4: "The Dark Side Of Love: A Dark Irish Mob Romance (Love's Shadow Trilogy Book 2)"
[21:17:47]     [SEARCH] Searching for: "The Dark Side Of Love: A Dark Irish Mob Romance (Love's Shadow Trilogy Book 2)"
[21:17:47]     [SEARCH] Navigation to https://app.thestorygraph.com/browse failed: Page.goto: Target page, context or browser has been closed
[21:17:47]     [SEARCH] Navigation to https://app.thestorygraph.com/search failed: Page.goto: Target page, context or browser has been closed
[21:17:47]     [SEARCH] Navigation to https://app.thestorygraph.com failed: Page.goto: Target page, context or browser has been closed
[21:17:47]     [SEARCH] ERROR: Could not navigate to any search page
[21:17:47]     [PROCESS] Search submission failed, trying next query
[21:17:47]     [PROCESS] ✗ Not found after 4 queries
[21:17:47]  -> Not Found: No matching StoryGraph result after trying all queries
[21:17:54] 
============================================================
[21:17:54] [61/418] Stolen (The Devil's Disciples Book 1) | JM Johnson  (owned=YES)
[21:17:54] ============================================================
[21:17:54]     [PROCESS] Trying 3 queries: ['B0D4MZ6QL3', "Stolen (The Devil's Disciples Book 1) JM Johnson", "Stolen (The Devil's Disciples Book 1)"]
[21:17:54]     [PROCESS] Query 1/3: 'B0D4MZ6QL3'
[21:17:54]     [SEARCH] Searching for: 'B0D4MZ6QL3'
[21:17:54]     [SEARCH] Navigation to https://app.thestorygraph.com/browse failed: Page.goto: Target page, context or browser has been closed
[21:17:54]     [SEARCH] Navigation to https://app.thestorygraph.com/search failed: Page.goto: Target page, context or browser has been closed
[21:17:54]     [SEARCH] Navigation to https://app.thestorygraph.com failed: Page.goto: Target page, context or browser has been closed
[21:17:54]     [SEARCH] ERROR: Could not navigate to any search page
[21:17:54]     [PROCESS] Search submission failed, trying next query
[21:17:54]     [PROCESS] Query 2/3: "Stolen (The Devil's Disciples Book 1) JM Johnson"
[21:17:54]     [SEARCH] Searching for: "Stolen (The Devil's Disciples Book 1) JM Johnson"
[21:17:54]     [SEARCH] Navigation to https://app.thestorygraph.com/browse failed: Page.goto: Target page, context or browser has been closed
[21:17:54]     [SEARCH] Navigation to https://app.thestorygraph.com/search failed: Page.goto: Target page, context or browser has been closed
[21:17:54]     [SEARCH] Navigation to https://app.thestorygraph.com failed: Page.goto: Target page, context or browser has been closed
[21:17:54]     [SEARCH] ERROR: Could not navigate to any search page
[21:17:54]     [PROCESS] Search submission failed, trying next query
[21:17:54]     [PROCESS] Query 3/3: "Stolen (The Devil's Disciples Book 1)"
[21:17:54]     [SEARCH] Searching for: "Stolen (The Devil's Disciples Book 1)"
[21:17:54]     [SEARCH] Navigation to https://app.thestorygraph.com/browse failed: Page.goto: Target page, context or browser has been closed
[21:17:54]     [SEARCH] Navigation to https://app.thestorygraph.com/search failed: Page.goto: Target page, context or browser has been closed
[21:17:55]     [SEARCH] Navigation to https://app.thestorygraph.com failed: Page.goto: Target page, context or browser has been closed
[21:17:55]     [SEARCH] ERROR: Could not navigate to any search page
[21:17:55]     [PROCESS] Search submission failed, trying next query
[21:17:55]     [PROCESS] ✗ Not found after 3 queries
[21:17:55]  -> Not Found: No matching StoryGraph result after trying all queries
[21:18:05] 
============================================================
[21:18:05] [62/418] Cruise (Moonshine Task Force Book 6) | Laramie Briscoe  (owned=YES)
[21:18:05] ============================================================
[21:18:05]     [PROCESS] Trying 3 queries: ['B07B2PZNWW', 'Cruise (Moonshine Task Force Book 6) Laramie Briscoe', 'Cruise (Moonshine Task Force Book 6)']
[21:18:05]     [PROCESS] Query 1/3: 'B07B2PZNWW'
[21:18:05]     [SEARCH] Searching for: 'B07B2PZNWW'
[21:18:05]     [SEARCH] Navigation to https://app.thestorygraph.com/browse failed: Page.goto: Target page, context or browser has been closed
[21:18:05]     [SEARCH] Navigation to https://app.thestorygraph.com/search failed: Page.goto: Target page, context or browser has been closed
[21:18:05]     [SEARCH] Navigation to https://app.thestorygraph.com failed: Page.goto: Target page, context or browser has been closed
[21:18:05]     [SEARCH] ERROR: Could not navigate to any search page
[21:18:05]     [PROCESS] Search submission failed, trying next query
[21:18:05]     [PROCESS] Query 2/3: 'Cruise (Moonshine Task Force Book 6) Laramie Briscoe'
[21:18:05]     [SEARCH] Searching for: 'Cruise (Moonshine Task Force Book 6) Laramie Briscoe'
[21:18:05]     [SEARCH] Navigation to https://app.thestorygraph.com/browse failed: Page.goto: Target page, context or browser has been closed
[21:18:05]     [SEARCH] Navigation to https://app.thestorygraph.com/search failed: Page.goto: Target page, context or browser has been closed
[21:18:05]     [SEARCH] Navigation to https://app.thestorygraph.com failed: Page.goto: Target page, context or browser has been closed
[21:18:05]     [SEARCH] ERROR: Could not navigate to any search page
[21:18:05]     [PROCESS] Search submission failed, trying next query
[21:18:05]     [PROCESS] Query 3/3: 'Cruise (Moonshine Task Force Book 6)'
[21:18:05]     [SEARCH] Searching for: 'Cruise (Moonshine Task Force Book 6)'
[21:18:05]     [SEARCH] Navigation to https://app.thestorygraph.com/browse failed: Page.goto: Target page, context or browser has been closed
[21:18:05]     [SEARCH] Navigation to https://app.thestorygraph.com/search failed: Page.goto: Target page, context or browser has been closed
[21:18:06]     [SEARCH] Navigation to https://app.thestorygraph.com failed: Page.goto: Target page, context or browser has been closed
[21:18:06]     [SEARCH] ERROR: Could not navigate to any search page
[21:18:06]     [PROCESS] Search submission failed, trying next query
[21:18:06]     [PROCESS] ✗ Not found after 3 queries
[21:18:06]  -> Not Found: No matching StoryGraph result after trying all queries
[21:18:14] 
============================================================
[21:18:14] [63/418] The Claimed Queen (The True Immortals Series Book 1) | E.M. Jaye  (owned=YES)
[21:18:14] ============================================================
[21:18:14]     [PROCESS] Trying 3 queries: ['B07CK5XZG9', 'The Claimed Queen (The True Immortals Series Book 1) E.M. Jaye', 'The Claimed Queen (The True Immortals Series Book 1)']
[21:18:14]     [PROCESS] Query 1/3: 'B07CK5XZG9'
[21:18:14]     [SEARCH] Searching for: 'B07CK5XZG9'
[21:18:14]     [SEARCH] Navigation to https://app.thestorygraph.com/browse failed: Page.goto: Target page, context or browser has been closed
[21:18:14]     [SEARCH] Navigation to https://app.thestorygraph.com/search failed: Page.goto: Target page, context or browser has been closed
[21:18:14]     [SEARCH] Navigation to https://app.thestorygraph.com failed: Page.goto: Target page, context or browser has been closed
[21:18:14]     [SEARCH] ERROR: Could not navigate to any search page
[21:18:14]     [PROCESS] Search submission failed, trying next query
[21:18:14]     [PROCESS] Query 2/3: 'The Claimed Queen (The True Immortals Series Book 1) E.M. Jaye'
[21:18:14]     [SEARCH] Searching for: 'The Claimed Queen (The True Immortals Series Book 1) E.M. Jaye'
[21:18:14]     [SEARCH] Navigation to https://app.thestorygraph.com/browse failed: Page.goto: Target page, context or browser has been closed
[21:18:14]     [SEARCH] Navigation to https://app.thestorygraph.com/search failed: Page.goto: Target page, context or browser has been closed
[21:18:14]     [SEARCH] Navigation to https://app.thestorygraph.com failed: Page.goto: Target page, context or browser has been closed
[21:18:15]     [SEARCH] ERROR: Could not navigate to any search page
[21:18:15]     [PROCESS] Search submission failed, trying next query
[21:18:15]     [PROCESS] Query 3/3: 'The Claimed Queen (The True Immortals Series Book 1)'
[21:18:15]     [SEARCH] Searching for: 'The Claimed Queen (The True Immortals Series Book 1)'
[21:18:15]     [SEARCH] Navigation to https://app.thestorygraph.com/browse failed: Page.goto: Target page, context or browser has been closed
[21:18:15]     [SEARCH] Navigation to https://app.thestorygraph.com/search failed: Page.goto: Target page, context or browser has been closed
[21:18:15]     [SEARCH] Navigation to https://app.thestorygraph.com failed: Page.goto: Target page, context or browser has been closed
[21:18:15]     [SEARCH] ERROR: Could not navigate to any search page
[21:18:15]     [PROCESS] Search submission failed, trying next query
[21:18:15]     [PROCESS] ✗ Not found after 3 queries
[21:18:15]  -> Not Found: No matching StoryGraph result after trying all queries
[21:18:24] 
============================================================
[21:18:24] [64/418] Chosen by the Rakian Commander: A Sci-Fi Shifter Romance (Rakian Warrior Mates Book 1) | Elin Wyn, Starr Huntress  (owned=YES)
[21:18:24] ============================================================
[21:18:24]     [PROCESS] Trying 4 queries: ['B08FJK5R29', 'Chosen by the Rakian Commander: A Sci-Fi Shifter Romance (Rakian Warrior Mates Book 1) Elin Wyn, Starr Huntress', 'Chosen by the Rakian Commander Elin Wyn, Starr Huntress', 'Chosen by the Rakian Commander: A Sci-Fi Shifter Romance (Rakian Warrior Mates Book 1)']
[21:18:24]     [PROCESS] Query 1/4: 'B08FJK5R29'
[21:18:24]     [SEARCH] Searching for: 'B08FJK5R29'
[21:18:24]     [SEARCH] Navigation to https://app.thestorygraph.com/browse failed: Page.goto: Target page, context or browser has been closed
[21:18:24]     [SEARCH] Navigation to https://app.thestorygraph.com/search failed: Page.goto: Target page, context or browser has been closed
[21:18:24]     [SEARCH] Navigation to https://app.thestorygraph.com failed: Page.goto: Target page, context or browser has been closed
[21:18:24]     [SEARCH] ERROR: Could not navigate to any search page
[21:18:24]     [PROCESS] Search submission failed, trying next query
[21:18:24]     [PROCESS] Query 2/4: 'Chosen by the Rakian Commander: A Sci-Fi Shifter Romance (Rakian Warrior Mates Book 1) Elin Wyn, Starr Huntress'
[21:18:24]     [SEARCH] Searching for: 'Chosen by the Rakian Commander: A Sci-Fi Shifter Romance (Rakian Warrior Mates Book 1) Elin Wyn, Starr Huntress'
[21:18:24]     [SEARCH] Navigation to https://app.thestorygraph.com/browse failed: Page.goto: Target page, context or browser has been closed
[21:18:24]     [SEARCH] Navigation to https://app.thestorygraph.com/search failed: Page.goto: Target page, context or browser has been closed
[21:18:24]     [SEARCH] Navigation to https://app.thestorygraph.com failed: Page.goto: Target page, context or browser has been closed
[21:18:24]     [SEARCH] ERROR: Could not navigate to any search page
[21:18:24]     [PROCESS] Search submission failed, trying next query
[21:18:24]     [PROCESS] Query 3/4: 'Chosen by the Rakian Commander Elin Wyn, Starr Huntress'
[21:18:24]     [SEARCH] Searching for: 'Chosen by the Rakian Commander Elin Wyn, Starr Huntress'
[21:18:24]     [SEARCH] Navigation to https://app.thestorygraph.com/browse failed: Page.goto: Target page, context or browser has been closed
[21:18:24]     [SEARCH] Navigation to https://app.thestorygraph.com/search failed: Page.goto: Target page, context or browser has been closed
[21:18:24]     [SEARCH] Navigation to https://app.thestorygraph.com failed: Page.goto: Target page, context or browser has been closed
[21:18:24]     [SEARCH] ERROR: Could not navigate to any search page
[21:18:24]     [PROCESS] Search submission failed, trying next query
[21:18:24]     [PROCESS] Query 4/4: 'Chosen by the Rakian Commander: A Sci-Fi Shifter Romance (Rakian Warrior Mates Book 1)'
[21:18:24]     [SEARCH] Searching for: 'Chosen by the Rakian Commander: A Sci-Fi Shifter Romance (Rakian Warrior Mates Book 1)'
[21:18:24]     [SEARCH] Navigation to https://app.thestorygraph.com/browse failed: Page.goto: Target page, context or browser has been closed
[21:18:24]     [SEARCH] Navigation to https://app.thestorygraph.com/search failed: Page.goto: Target page, context or browser has been closed
[21:18:24]     [SEARCH] Navigation to https://app.thestorygraph.com failed: Page.goto: Target page, context or browser has been closed
[21:18:24]     [SEARCH] ERROR: Could not navigate to any search page
[21:18:24]     [PROCESS] Search submission failed, trying next query
[21:18:24]     [PROCESS] ✗ Not found after 4 queries
[21:18:24]  -> Not Found: No matching StoryGraph result after trying all queries
[21:18:32] 
============================================================
[21:18:32] [65/418] His Twisted Tail (Twisted Tail Pack Book 1) | Melanie James  (owned=YES)
[21:18:32] ============================================================
[21:18:32]     [PROCESS] Trying 3 queries: ['B09K797MDM', 'His Twisted Tail (Twisted Tail Pack Book 1) Melanie James', 'His Twisted Tail (Twisted Tail Pack Book 1)']
[21:18:32]     [PROCESS] Query 1/3: 'B09K797MDM'
[21:18:32]     [SEARCH] Searching for: 'B09K797MDM'
[21:18:32]     [SEARCH] Navigation to https://app.thestorygraph.com/browse failed: Page.goto: Target page, context or browser has been closed
[21:18:32]     [SEARCH] Navigation to https://app.thestorygraph.com/search failed: Page.goto: Target page, context or browser has been closed
[21:18:32]     [SEARCH] Navigation to https://app.thestorygraph.com failed: Page.goto: Target page, context or browser has been closed
[21:18:32]     [SEARCH] ERROR: Could not navigate to any search page
[21:18:32]     [PROCESS] Search submission failed, trying next query
[21:18:32]     [PROCESS] Query 2/3: 'His Twisted Tail (Twisted Tail Pack Book 1) Melanie James'
[21:18:32]     [SEARCH] Searching for: 'His Twisted Tail (Twisted Tail Pack Book 1) Melanie James'
[21:18:32]     [SEARCH] Navigation to https://app.thestorygraph.com/browse failed: Page.goto: Target page, context or browser has been closed
[21:18:32]     [SEARCH] Navigation to https://app.thestorygraph.com/search failed: Page.goto: Target page, context or browser has been closed
[21:18:32]     [SEARCH] Navigation to https://app.thestorygraph.com failed: Page.goto: Target page, context or browser has been closed
[21:18:33]     [SEARCH] ERROR: Could not navigate to any search page
[21:18:33]     [PROCESS] Search submission failed, trying next query
[21:18:33]     [PROCESS] Query 3/3: 'His Twisted Tail (Twisted Tail Pack Book 1)'
[21:18:33]     [SEARCH] Searching for: 'His Twisted Tail (Twisted Tail Pack Book 1)'
[21:18:33]     [SEARCH] Navigation to https://app.thestorygraph.com/browse failed: Page.goto: Target page, context or browser has been closed
[21:18:33]     [SEARCH] Navigation to https://app.thestorygraph.com/search failed: Page.goto: Target page, context or browser has been closed
[21:18:33]     [SEARCH] Navigation to https://app.thestorygraph.com failed: Page.goto: Target page, context or browser has been closed
[21:18:33]     [SEARCH] ERROR: Could not navigate to any search page
[21:18:33]     [PROCESS] Search submission failed, trying next query
[21:18:33]     [PROCESS] ✗ Not found after 3 queries
[21:18:33]  -> Not Found: No matching StoryGraph result after trying all queries
[21:18:39] 
============================================================
[21:18:40] [66/418] Sweet Vengeance (The Jessica Sweet Trilogy Book 1) | Aliya DalRae  (owned=YES)
[21:18:40] ============================================================
[21:18:40]     [PROCESS] Trying 3 queries: ['B01C99NH3G', 'Sweet Vengeance (The Jessica Sweet Trilogy Book 1) Aliya DalRae', 'Sweet Vengeance (The Jessica Sweet Trilogy Book 1)']
[21:18:40]     [PROCESS] Query 1/3: 'B01C99NH3G'
[21:18:40]     [SEARCH] Searching for: 'B01C99NH3G'
[21:18:40]     [SEARCH] Navigation to https://app.thestorygraph.com/browse failed: Page.goto: Target page, context or browser has been closed
[21:18:40]     [SEARCH] Navigation to https://app.thestorygraph.com/search failed: Page.goto: Target page, context or browser has been closed
[21:18:40]     [SEARCH] Navigation to https://app.thestorygraph.com failed: Page.goto: Target page, context or browser has been closed
[21:18:40]     [SEARCH] ERROR: Could not navigate to any search page
[21:18:40]     [PROCESS] Search submission failed, trying next query
[21:18:40]     [PROCESS] Query 2/3: 'Sweet Vengeance (The Jessica Sweet Trilogy Book 1) Aliya DalRae'
[21:18:40]     [SEARCH] Searching for: 'Sweet Vengeance (The Jessica Sweet Trilogy Book 1) Aliya DalRae'
[21:18:40]     [SEARCH] Navigation to https://app.thestorygraph.com/browse failed: Page.goto: Target page, context or browser has been closed
[21:18:40]     [SEARCH] Navigation to https://app.thestorygraph.com/search failed: Page.goto: Target page, context or browser has been closed
[21:18:40]     [SEARCH] Navigation to https://app.thestorygraph.com failed: Page.goto: Target page, context or browser has been closed
[21:18:40]     [SEARCH] ERROR: Could not navigate to any search page
[21:18:41]     [PROCESS] Search submission failed, trying next query
[21:18:41]     [PROCESS] Query 3/3: 'Sweet Vengeance (The Jessica Sweet Trilogy Book 1)'
[21:18:41]     [SEARCH] Searching for: 'Sweet Vengeance (The Jessica Sweet Trilogy Book 1)'
[21:18:41]     [SEARCH] Navigation to https://app.thestorygraph.com/browse failed: Page.goto: Target page, context or browser has been closed
[21:18:41]     [SEARCH] Navigation to https://app.thestorygraph.com/search failed: Page.goto: Target page, context or browser has been closed
[21:18:41]     [SEARCH] Navigation to https://app.thestorygraph.com failed: Page.goto: Target page, context or browser has been closed
[21:18:41]     [SEARCH] ERROR: Could not navigate to any search page
[21:18:41]     [PROCESS] Search submission failed, trying next query
[21:18:41]     [PROCESS] ✗ Not found after 3 queries
[21:18:41]  -> Not Found: No matching StoryGraph result after trying all queries
[21:18:48] 
============================================================
[21:18:49] [67/418] Stealing His Mate (The Wolves of Luven Book 3) | Colleen Delaney  (owned=YES)
[21:18:49] ============================================================
[21:18:49]     [PROCESS] Trying 3 queries: ['B0CQL2J9LT', 'Stealing His Mate (The Wolves of Luven Book 3) Colleen Delaney', 'Stealing His Mate (The Wolves of Luven Book 3)']
[21:18:49]     [PROCESS] Query 1/3: 'B0CQL2J9LT'
[21:18:49]     [SEARCH] Searching for: 'B0CQL2J9LT'
[21:18:49]     [SEARCH] Navigation to https://app.thestorygraph.com/browse failed: Page.goto: Target page, context or browser has been closed
[21:18:49]     [SEARCH] Navigation to https://app.thestorygraph.com/search failed: Page.goto: Target page, context or browser has been closed
[21:18:49]     [SEARCH] Navigation to https://app.thestorygraph.com failed: Page.goto: Target page, context or browser has been closed
[21:18:49]     [SEARCH] ERROR: Could not navigate to any search page
[21:18:49]     [PROCESS] Search submission failed, trying next query
[21:18:49]     [PROCESS] Query 2/3: 'Stealing His Mate (The Wolves of Luven Book 3) Colleen Delaney'
[21:18:49]     [SEARCH] Searching for: 'Stealing His Mate (The Wolves of Luven Book 3) Colleen Delaney'
[21:18:49]     [SEARCH] Navigation to https://app.thestorygraph.com/browse failed: Page.goto: Target page, context or browser has been closed
[21:18:49]     [SEARCH] Navigation to https://app.thestorygraph.com/search failed: Page.goto: Target page, context or browser has been closed
[21:18:49]     [SEARCH] Navigation to https://app.thestorygraph.com failed: Page.goto: Target page, context or browser has been closed
[21:18:49]     [SEARCH] ERROR: Could not navigate to any search page
[21:18:49]     [PROCESS] Search submission failed, trying next query
[21:18:49]     [PROCESS] Query 3/3: 'Stealing His Mate (The Wolves of Luven Book 3)'
[21:18:49]     [SEARCH] Searching for: 'Stealing His Mate (The Wolves of Luven Book 3)'
[21:18:49]     [SEARCH] Navigation to https://app.thestorygraph.com/browse failed: Page.goto: Target page, context or browser has been closed
[21:18:49]     [SEARCH] Navigation to https://app.thestorygraph.com/search failed: Page.goto: Target page, context or browser has been closed
[21:18:49]     [SEARCH] Navigation to https://app.thestorygraph.com failed: Page.goto: Target page, context or browser has been closed
[21:18:49]     [SEARCH] ERROR: Could not navigate to any search page
[21:18:49]     [PROCESS] Search submission failed, trying next query
[21:18:49]     [PROCESS] ✗ Not found after 3 queries
[21:18:49]  -> Not Found: No matching StoryGraph result after trying all queries
[21:18:57] 
============================================================
[21:18:58] [68/418] Howl in the Shadows (The Redwood Moon Series Book 1) | Angela Darling, Kemely Parfrey, Hollie Nicole  (owned=YES)
[21:18:58] ============================================================
[21:18:58]     [PROCESS] Trying 3 queries: ['B0BM6SK8T1', 'Howl in the Shadows (The Redwood Moon Series Book 1) Angela Darling, Kemely Parfrey, Hollie Nicole', 'Howl in the Shadows (The Redwood Moon Series Book 1)']
[21:18:58]     [PROCESS] Query 1/3: 'B0BM6SK8T1'
[21:18:58]     [SEARCH] Searching for: 'B0BM6SK8T1'
[21:18:58]     [SEARCH] Navigation to https://app.thestorygraph.com/browse failed: Page.goto: Target page, context or browser has been closed
[21:18:58]     [SEARCH] Navigation to https://app.thestorygraph.com/search failed: Page.goto: Target page, context or browser has been closed
[21:18:58]     [SEARCH] Navigation to https://app.thestorygraph.com failed: Page.goto: Target page, context or browser has been closed
[21:18:58]     [SEARCH] ERROR: Could not navigate to any search page
[21:18:58]     [PROCESS] Search submission failed, trying next query
[21:18:58]     [PROCESS] Query 2/3: 'Howl in the Shadows (The Redwood Moon Series Book 1) Angela Darling, Kemely Parfrey, Hollie Nicole'
[21:18:58]     [SEARCH] Searching for: 'Howl in the Shadows (The Redwood Moon Series Book 1) Angela Darling, Kemely Parfrey, Hollie Nicole'
[21:18:58]     [SEARCH] Navigation to https://app.thestorygraph.com/browse failed: Page.goto: Target page, context or browser has been closed
[21:18:58]     [SEARCH] Navigation to https://app.thestorygraph.com/search failed: Page.goto: Target page, context or browser has been closed
[21:18:58]     [SEARCH] Navigation to https://app.thestorygraph.com failed: Page.goto: Target page, context or browser has been closed
[21:18:58]     [SEARCH] ERROR: Could not navigate to any search page
[21:18:58]     [PROCESS] Search submission failed, trying next query
[21:18:58]     [PROCESS] Query 3/3: 'Howl in the Shadows (The Redwood Moon Series Book 1)'
[21:18:58]     [SEARCH] Searching for: 'Howl in the Shadows (The Redwood Moon Series Book 1)'
[21:18:58]     [SEARCH] Navigation to https://app.thestorygraph.com/browse failed: Page.goto: Target page, context or browser has been closed
[21:18:58]     [SEARCH] Navigation to https://app.thestorygraph.com/search failed: Page.goto: Target page, context or browser has been closed
[21:18:58]     [SEARCH] Navigation to https://app.thestorygraph.com failed: Page.goto: Target page, context or browser has been closed
[21:18:58]     [SEARCH] ERROR: Could not navigate to any search page
[21:18:58]     [PROCESS] Search submission failed, trying next query
[21:18:58]     [PROCESS] ✗ Not found after 3 queries
[21:18:58]  -> Not Found: No matching StoryGraph result after trying all queries
[21:19:07] 
============================================================
[21:19:07] [69/418] Danger Zone (The Outbreak Zone Duet Book 2) | Kati McRae  (owned=YES)
[21:19:07] ============================================================
[21:19:07]     [PROCESS] Trying 3 queries: ['B0DNYN6BRF', 'Danger Zone (The Outbreak Zone Duet Book 2) Kati McRae', 'Danger Zone (The Outbreak Zone Duet Book 2)']
[21:19:07]     [PROCESS] Query 1/3: 'B0DNYN6BRF'
[21:19:07]     [SEARCH] Searching for: 'B0DNYN6BRF'
[21:19:07]     [SEARCH] Navigation to https://app.thestorygraph.com/browse failed: Page.goto: Target page, context or browser has been closed
[21:19:08]     [SEARCH] Navigation to https://app.thestorygraph.com/search failed: Page.goto: Target page, context or browser has been closed
[21:19:08]     [SEARCH] Navigation to https://app.thestorygraph.com failed: Page.goto: Target page, context or browser has been closed
[21:19:08]     [SEARCH] ERROR: Could not navigate to any search page
[21:19:09]     [PROCESS] Search submission failed, trying next query
[21:19:09]     [PROCESS] Query 2/3: 'Danger Zone (The Outbreak Zone Duet Book 2) Kati McRae'
[21:19:09]     [SEARCH] Searching for: 'Danger Zone (The Outbreak Zone Duet Book 2) Kati McRae'
[21:19:09]     [SEARCH] Navigation to https://app.thestorygraph.com/browse failed: Page.goto: Target page, context or browser has been closed
[21:19:09]     [SEARCH] Navigation to https://app.thestorygraph.com/search failed: Page.goto: Target page, context or browser has been closed
[21:19:09]     [SEARCH] Navigation to https://app.thestorygraph.com failed: Page.goto: Target page, context or browser has been closed
[21:19:09]     [SEARCH] ERROR: Could not navigate to any search page
[21:19:09]     [PROCESS] Search submission failed, trying next query
[21:19:09]     [PROCESS] Query 3/3: 'Danger Zone (The Outbreak Zone Duet Book 2)'
[21:19:09]     [SEARCH] Searching for: 'Danger Zone (The Outbreak Zone Duet Book 2)'
[21:19:09]     [SEARCH] Navigation to https://app.thestorygraph.com/browse failed: Page.goto: Target page, context or browser has been closed
[21:19:09]     [SEARCH] Navigation to https://app.thestorygraph.com/search failed: Page.goto: Target page, context or browser has been closed
[21:19:09]     [SEARCH] Navigation to https://app.thestorygraph.com failed: Page.goto: Target page, context or browser has been closed
[21:19:09]     [SEARCH] ERROR: Could not navigate to any search page
[21:19:09]     [PROCESS] Search submission failed, trying next query
[21:19:09]     [PROCESS] ✗ Not found after 3 queries
[21:19:09]  -> Not Found: No matching StoryGraph result after trying all queries
[21:19:15] 
============================================================
[21:19:15] [70/418] The Exploration Of Anna (Ménage My Love: Anna Book 3) | Amber Banks, Chasity Mahala  (owned=YES)
[21:19:15] ============================================================
[21:19:15]     [PROCESS] Trying 4 queries: ['B0BM56FG75', 'The Exploration Of Anna (Ménage My Love: Anna Book 3) Amber Banks, Chasity Mahala', 'The Exploration Of Anna (Ménage My Love Amber Banks, Chasity Mahala', 'The Exploration Of Anna (Ménage My Love: Anna Book 3)']
[21:19:15]     [PROCESS] Query 1/4: 'B0BM56FG75'
[21:19:15]     [SEARCH] Searching for: 'B0BM56FG75'
[21:19:15]     [SEARCH] Navigation to https://app.thestorygraph.com/browse failed: Page.goto: Target page, context or browser has been closed
[21:19:15]     [SEARCH] Navigation to https://app.thestorygraph.com/search failed: Page.goto: Target page, context or browser has been closed
[21:19:15]     [SEARCH] Navigation to https://app.thestorygraph.com failed: Page.goto: Target page, context or browser has been closed
[21:19:15]     [SEARCH] ERROR: Could not navigate to any search page
[21:19:15]     [PROCESS] Search submission failed, trying next query
[21:19:15]     [PROCESS] Query 2/4: 'The Exploration Of Anna (Ménage My Love: Anna Book 3) Amber Banks, Chasity Mahala'
[21:19:15]     [SEARCH] Searching for: 'The Exploration Of Anna (Ménage My Love: Anna Book 3) Amber Banks, Chasity Mahala'
[21:19:15]     [SEARCH] Navigation to https://app.thestorygraph.com/browse failed: Page.goto: Target page, context or browser has been closed
[21:19:15]     [SEARCH] Navigation to https://app.thestorygraph.com/search failed: Page.goto: Target page, context or browser has been closed
[21:19:15]     [SEARCH] Navigation to https://app.thestorygraph.com failed: Page.goto: Target page, context or browser has been closed
[21:19:15]     [SEARCH] ERROR: Could not navigate to any search page
[21:19:15]     [PROCESS] Search submission failed, trying next query
[21:19:15]     [PROCESS] Query 3/4: 'The Exploration Of Anna (Ménage My Love Amber Banks, Chasity Mahala'
[21:19:15]     [SEARCH] Searching for: 'The Exploration Of Anna (Ménage My Love Amber Banks, Chasity Mahala'
[21:19:15]     [SEARCH] Navigation to https://app.thestorygraph.com/browse failed: Page.goto: Target page, context or browser has been closed
[21:19:15]     [SEARCH] Navigation to https://app.thestorygraph.com/search failed: Page.goto: Target page, context or browser has been closed
[21:19:16]     [SEARCH] Navigation to https://app.thestorygraph.com failed: Page.goto: Target page, context or browser has been closed
[21:19:16]     [SEARCH] ERROR: Could not navigate to any search page
[21:19:16]     [PROCESS] Search submission failed, trying next query
[21:19:16]     [PROCESS] Query 4/4: 'The Exploration Of Anna (Ménage My Love: Anna Book 3)'
[21:19:16]     [SEARCH] Searching for: 'The Exploration Of Anna (Ménage My Love: Anna Book 3)'
[21:19:16]     [SEARCH] Navigation to https://app.thestorygraph.com/browse failed: Page.goto: Target page, context or browser has been closed
[21:19:16]     [SEARCH] Navigation to https://app.thestorygraph.com/search failed: Page.goto: Target page, context or browser has been closed
[21:19:16]     [SEARCH] Navigation to https://app.thestorygraph.com failed: Page.goto: Target page, context or browser has been closed
[21:19:16]     [SEARCH] ERROR: Could not navigate to any search page
[21:19:16]     [PROCESS] Search submission failed, trying next query
[21:19:16]     [PROCESS] ✗ Not found after 4 queries
[21:19:16]  -> Not Found: No matching StoryGraph result after trying all queries
